Starting batch (offbeamlight, tpc=1) at Wed Sep  2 05:52:19 AM CDT 2026 parallel=0 workers=1 pause_every=3
Input:  /pnfs/sbnd/scratch/users/munjung/v10_06_00/raw-SBND_DATA_InTimeCosmics_offbeamlight/waveforms
Output: /pnfs/sbnd/scratch/users/munjung/v10_06_00/raw-SBND_DATA_InTimeCosmics_offbeamlight/h5 (g4-raw-1_*.h5)
User memory budget: 37 GiB, currently used: 19 GiB
SKIP (no waveform.root): 86414671_start
SKIP (empty waveform.root): 86414685_3
SKIP (empty waveform.root): 86414700_18
SKIP (empty waveform.root): 86414723_41
Converting 86414724_42 at Wed Sep  2 05:52:19 AM CDT 2026
FAILED 86414724_42 at Wed Sep  2 05:52:40 AM CDT 2026
Converting 86414729_47 at Wed Sep  2 05:52:40 AM CDT 2026
FAILED 86414729_47 at Wed Sep  2 05:52:42 AM CDT 2026
PAUSE after 3 conversions: cooldown 45s + cleanup
SKIP (empty waveform.root): 86414733_51
Converting 86414735_53 at Wed Sep  2 05:53:29 AM CDT 2026
DONE 86414735_53 at Wed Sep  2 05:54:34 AM CDT 2026
SKIP (empty waveform.root): 86414738_56
SKIP (empty waveform.root): 86414741_59
Converting 86414744_62 at Wed Sep  2 05:54:34 AM CDT 2026
Starting batch (offbeamlight, tpc=1) at Wed Sep  2 06:04:53 AM CDT 2026 parallel=0 workers=1 pause_every=1
Input:  /pnfs/sbnd/scratch/users/munjung/v10_06_00/raw-SBND_DATA_InTimeCosmics_offbeamlight/waveforms
Output: /pnfs/sbnd/scratch/users/munjung/v10_06_00/raw-SBND_DATA_InTimeCosmics_offbeamlight/h5 (g4-raw-1_*.h5)
User memory budget: 37 GiB, currently used: 19 GiB
Converting 86414724_42 at Wed Sep  2 06:04:53 AM CDT 2026
DONE 86414724_42 at Wed Sep  2 06:07:25 AM CDT 2026
PAUSE after 1 conversions: cooldown 30s + cleanup
Converting 86414729_47 at Wed Sep  2 06:07:57 AM CDT 2026
DONE 86414729_47 at Wed Sep  2 06:09:21 AM CDT 2026
PAUSE after 1 conversions: cooldown 30s + cleanup
Converting 86414744_62 at Wed Sep  2 06:09:54 AM CDT 2026
DONE 86414744_62 at Wed Sep  2 06:12:23 AM CDT 2026
PAUSE after 1 conversions: cooldown 30s + cleanup
Converting 86414745_63 at Wed Sep  2 06:12:55 AM CDT 2026
DONE 86414745_63 at Wed Sep  2 06:15:43 AM CDT 2026
PAUSE after 1 conversions: cooldown 30s + cleanup
SKIP (empty waveform.root): 86414748_66
Converting 86414749_67 at Wed Sep  2 06:16:15 AM CDT 2026
DONE 86414749_67 at Wed Sep  2 06:18:23 AM CDT 2026
PAUSE after 1 conversions: cooldown 30s + cleanup
SKIP (empty waveform.root): 86414750_68
Converting 86414751_69 at Wed Sep  2 06:18:55 AM CDT 2026
DONE 86414751_69 at Wed Sep  2 06:19:47 AM CDT 2026
PAUSE after 1 conversions: cooldown 30s + cleanup
SKIP (empty waveform.root): 86414754_72
Converting 86414756_74 at Wed Sep  2 06:20:19 AM CDT 2026
DONE 86414756_74 at Wed Sep  2 06:22:12 AM CDT 2026
PAUSE after 1 conversions: cooldown 30s + cleanup
Converting 86414757_75 at Wed Sep  2 06:22:44 AM CDT 2026
Starting batch (offbeamlight, tpc=1) at Wed Sep  2 06:26:11 AM CDT 2026 parallel=0 workers=1 pause_every=1
Input:  /pnfs/sbnd/scratch/users/munjung/v10_06_00/raw-SBND_DATA_InTimeCosmics_offbeamlight/waveforms
Output: /pnfs/sbnd/scratch/users/munjung/v10_06_00/raw-SBND_DATA_InTimeCosmics_offbeamlight/h5 (g4-raw-1_*.h5)
User memory budget: 37 GiB, currently used: 19 GiB
Converting 86414757_75 at Wed Sep  2 06:26:12 AM CDT 2026
Starting batch (offbeamlight, tpc=1) at Wed Sep  2 06:37:27 AM CDT 2026 parallel=0 workers=1 pause_every=1
Input:  /pnfs/sbnd/scratch/users/munjung/v10_06_00/raw-SBND_DATA_InTimeCosmics_offbeamlight/waveforms
Output: /pnfs/sbnd/scratch/users/munjung/v10_06_00/raw-SBND_DATA_InTimeCosmics_offbeamlight/h5 (g4-raw-1_*.h5)
User memory budget: 37 GiB, currently used: 19 GiB
Converting 86414757_75 at Wed Sep  2 06:37:27 AM CDT 2026
Starting batch (offbeamlight, tpc=1) at Wed Sep  2 06:43:41 AM CDT 2026 parallel=0 workers=1 pause_every=1
Input:  /pnfs/sbnd/scratch/users/munjung/v10_06_00/raw-SBND_DATA_InTimeCosmics_offbeamlight/waveforms
Output: /pnfs/sbnd/scratch/users/munjung/v10_06_00/raw-SBND_DATA_InTimeCosmics_offbeamlight/h5 (g4-raw-1_*.h5)
User memory budget: 37 GiB, currently used: 19 GiB
Converting 86414757_75 at Wed Sep  2 06:43:42 AM CDT 2026
DONE 86414757_75 at Wed Sep  2 06:45:40 AM CDT 2026
PAUSE after 1 conversions: cooldown 30s + cleanup
Converting 86414759_77 at Wed Sep  2 06:46:13 AM CDT 2026
DONE 86414759_77 at Wed Sep  2 06:46:55 AM CDT 2026
PAUSE after 1 conversions: cooldown 30s + cleanup
Converting 86414762_80 at Wed Sep  2 06:47:27 AM CDT 2026
DONE 86414762_80 at Wed Sep  2 06:49:05 AM CDT 2026
PAUSE after 1 conversions: cooldown 30s + cleanup
Converting 86414763_81 at Wed Sep  2 06:49:38 AM CDT 2026
DONE 86414763_81 at Wed Sep  2 06:50:20 AM CDT 2026
PAUSE after 1 conversions: cooldown 30s + cleanup
SKIP (empty waveform.root): 86414767_85
SKIP (empty waveform.root): 86414768_86
SKIP (empty waveform.root): 86414769_87
SKIP (empty waveform.root): 86414772_90
Converting 86414773_91 at Wed Sep  2 06:50:52 AM CDT 2026
Starting batch (offbeamlight, tpc=1) at Wed Sep  2 06:59:58 AM CDT 2026 parallel=0 workers=1 pause_every=1
Input:  /pnfs/sbnd/scratch/users/munjung/v10_06_00/raw-SBND_DATA_InTimeCosmics_offbeamlight/waveforms
Output: /pnfs/sbnd/scratch/users/munjung/v10_06_00/raw-SBND_DATA_InTimeCosmics_offbeamlight/h5 (g4-raw-1_*.h5)
User memory budget: 37 GiB, currently used: 19 GiB
Converting 86414773_91 at Wed Sep  2 06:59:58 AM CDT 2026
Starting batch (offbeamlight, tpc=1) at Wed Sep  2 07:11:13 AM CDT 2026 parallel=0 workers=1 pause_every=1
Input:  /pnfs/sbnd/scratch/users/munjung/v10_06_00/raw-SBND_DATA_InTimeCosmics_offbeamlight/waveforms
Output: /pnfs/sbnd/scratch/users/munjung/v10_06_00/raw-SBND_DATA_InTimeCosmics_offbeamlight/h5 (g4-raw-1_*.h5)
User memory budget: 37 GiB, currently used: 19 GiB
Converting 86414773_91 at Wed Sep  2 07:11:14 AM CDT 2026
DONE 86414773_91 at Wed Sep  2 07:14:06 AM CDT 2026
PAUSE after 1 conversions: cooldown 30s + cleanup
SKIP (empty waveform.root): 86414774_92
SKIP (empty waveform.root): 86414775_93
SKIP (empty waveform.root): 86414776_94
SKIP (empty waveform.root): 86414777_95
Converting 86414779_97 at Wed Sep  2 07:14:38 AM CDT 2026
DONE 86414779_97 at Wed Sep  2 07:16:33 AM CDT 2026
PAUSE after 1 conversions: cooldown 30s + cleanup
Converting 86414780_98 at Wed Sep  2 07:17:05 AM CDT 2026
DONE 86414780_98 at Wed Sep  2 07:19:44 AM CDT 2026
PAUSE after 1 conversions: cooldown 30s + cleanup
SKIP (empty waveform.root): 86414781_99
Converting 86414783_100 at Wed Sep  2 07:20:16 AM CDT 2026
DONE 86414783_100 at Wed Sep  2 07:21:02 AM CDT 2026
PAUSE after 1 conversions: cooldown 30s + cleanup
Converting 86414784_101 at Wed Sep  2 07:21:34 AM CDT 2026
DONE 86414784_101 at Wed Sep  2 07:23:13 AM CDT 2026
PAUSE after 1 conversions: cooldown 30s + cleanup
SKIP (empty waveform.root): 86414785_102
SKIP (empty waveform.root): 86414787_104
SKIP (empty waveform.root): 86414788_105
SKIP (empty waveform.root): 86414789_106
Converting 86414790_107 at Wed Sep  2 07:23:46 AM CDT 2026
FAILED 86414790_107 at Wed Sep  2 07:23:47 AM CDT 2026
PAUSE after 1 conversions: cooldown 30s + cleanup
SKIP (empty waveform.root): 86414793_110
Converting 86414795_112 at Wed Sep  2 07:24:19 AM CDT 2026
FAILED 86414795_112 at Wed Sep  2 07:24:19 AM CDT 2026
PAUSE after 1 conversions: cooldown 30s + cleanup
SKIP (empty waveform.root): 86414796_113
SKIP (empty waveform.root): 86414797_114
Converting 86414799_116 at Wed Sep  2 07:24:52 AM CDT 2026
DONE 86414799_116 at Wed Sep  2 07:27:50 AM CDT 2026
PAUSE after 1 conversions: cooldown 30s + cleanup
SKIP (empty waveform.root): 86414800_117
SKIP (empty waveform.root): 86414805_122
SKIP (empty waveform.root): 86414806_123
SKIP (empty waveform.root): 86414807_124
Converting 86414808_125 at Wed Sep  2 07:28:22 AM CDT 2026
Starting batch (offbeamlight, tpc=1) at Wed Sep  2 07:46:21 AM CDT 2026 parallel=0 workers=1 pause_every=1
Input:  /pnfs/sbnd/scratch/users/munjung/v10_06_00/raw-SBND_DATA_InTimeCosmics_offbeamlight/waveforms
Output: /pnfs/sbnd/scratch/users/munjung/v10_06_00/raw-SBND_DATA_InTimeCosmics_offbeamlight/h5 (g4-raw-1_*.h5)
User memory budget: 37 GiB, currently used: 19 GiB
Converting 86414790_107 at Wed Sep  2 07:46:21 AM CDT 2026
FAILED 86414790_107 at Wed Sep  2 07:46:22 AM CDT 2026
PAUSE after 1 conversions: cooldown 30s + cleanup
Converting 86414795_112 at Wed Sep  2 07:46:54 AM CDT 2026
FAILED 86414795_112 at Wed Sep  2 07:46:54 AM CDT 2026
PAUSE after 1 conversions: cooldown 30s + cleanup
Converting 86414808_125 at Wed Sep  2 07:47:27 AM CDT 2026
DONE 86414808_125 at Wed Sep  2 07:49:20 AM CDT 2026
PAUSE after 1 conversions: cooldown 30s + cleanup
SKIP (empty waveform.root): 86414809_126
SKIP (empty waveform.root): 86414810_127
SKIP (empty waveform.root): 86414812_129
SKIP (empty waveform.root): 86414813_130
SKIP (empty waveform.root): 86414814_131
Converting 86414816_133 at Wed Sep  2 07:49:53 AM CDT 2026
DONE 86414816_133 at Wed Sep  2 07:53:44 AM CDT 2026
PAUSE after 1 conversions: cooldown 30s + cleanup
Converting 86414817_134 at Wed Sep  2 07:54:16 AM CDT 2026
DONE 86414817_134 at Wed Sep  2 07:55:03 AM CDT 2026
PAUSE after 1 conversions: cooldown 30s + cleanup
SKIP (empty waveform.root): 86414819_136
SKIP (empty waveform.root): 86414821_138
SKIP (empty waveform.root): 86414822_139
SKIP (empty waveform.root): 86414823_140
SKIP (empty waveform.root): 86414824_141
Converting 86414825_142 at Wed Sep  2 07:55:36 AM CDT 2026
Starting batch (offbeamlight, tpc=1) at Wed Sep  2 08:02:38 AM CDT 2026 parallel=0 workers=1 pause_every=1
Input:  /pnfs/sbnd/scratch/users/munjung/v10_06_00/raw-SBND_DATA_InTimeCosmics_offbeamlight/waveforms
Output: /pnfs/sbnd/scratch/users/munjung/v10_06_00/raw-SBND_DATA_InTimeCosmics_offbeamlight/h5 (g4-raw-1_*.h5)
User memory budget: 37 GiB, currently used: 19 GiB
Converting 86414790_107 at Wed Sep  2 08:02:38 AM CDT 2026
FAILED 86414790_107 at Wed Sep  2 08:02:38 AM CDT 2026
PAUSE after 1 conversions: cooldown 30s + cleanup
Converting 86414795_112 at Wed Sep  2 08:03:10 AM CDT 2026
FAILED 86414795_112 at Wed Sep  2 08:03:11 AM CDT 2026
PAUSE after 1 conversions: cooldown 30s + cleanup
Converting 86414825_142 at Wed Sep  2 08:03:43 AM CDT 2026
DONE 86414825_142 at Wed Sep  2 08:05:34 AM CDT 2026
PAUSE after 1 conversions: cooldown 30s + cleanup
Converting 86414826_143 at Wed Sep  2 08:06:06 AM CDT 2026
DONE 86414826_143 at Wed Sep  2 08:07:01 AM CDT 2026
PAUSE after 1 conversions: cooldown 30s + cleanup
Converting 86414827_144 at Wed Sep  2 08:07:34 AM CDT 2026
DONE 86414827_144 at Wed Sep  2 08:09:53 AM CDT 2026
PAUSE after 1 conversions: cooldown 30s + cleanup
SKIP (empty waveform.root): 86414828_145
SKIP (empty waveform.root): 86414829_146
SKIP (empty waveform.root): 86414830_147
SKIP (empty waveform.root): 86414831_148
SKIP (empty waveform.root): 86414832_149
SKIP (empty waveform.root): 86414833_150
SKIP (empty waveform.root): 86414834_151
SKIP (empty waveform.root): 86414835_152
SKIP (empty waveform.root): 86414836_153
SKIP (empty waveform.root): 86414837_154
Converting 86414838_155 at Wed Sep  2 08:10:26 AM CDT 2026
DONE 86414838_155 at Wed Sep  2 08:12:17 AM CDT 2026
PAUSE after 1 conversions: cooldown 30s + cleanup
SKIP (empty waveform.root): 86414839_156
Converting 86414840_157 at Wed Sep  2 08:12:49 AM CDT 2026
DONE 86414840_157 at Wed Sep  2 08:14:29 AM CDT 2026
PAUSE after 1 conversions: cooldown 30s + cleanup
SKIP (empty waveform.root): 86414841_158
SKIP (empty waveform.root): 86414842_159
SKIP (empty waveform.root): 86414843_160
Converting 86414844_161 at Wed Sep  2 08:15:01 AM CDT 2026
DONE 86414844_161 at Wed Sep  2 08:15:59 AM CDT 2026
PAUSE after 1 conversions: cooldown 30s + cleanup
SKIP (empty waveform.root): 86414845_162
Converting 86414846_163 at Wed Sep  2 08:16:31 AM CDT 2026
DONE 86414846_163 at Wed Sep  2 08:17:18 AM CDT 2026
PAUSE after 1 conversions: cooldown 30s + cleanup
SKIP (empty waveform.root): 86414847_164
SKIP (empty waveform.root): 86414848_165
Converting 86414849_166 at Wed Sep  2 08:17:50 AM CDT 2026
DONE 86414849_166 at Wed Sep  2 08:20:25 AM CDT 2026
PAUSE after 1 conversions: cooldown 30s + cleanup
Converting 86414850_167 at Wed Sep  2 08:20:58 AM CDT 2026
DONE 86414850_167 at Wed Sep  2 08:21:46 AM CDT 2026
PAUSE after 1 conversions: cooldown 30s + cleanup
Converting 86414851_168 at Wed Sep  2 08:22:18 AM CDT 2026
Starting batch (offbeamlight, tpc=1) at Wed Sep  2 08:42:47 AM CDT 2026 parallel=0 workers=1 pause_every=1
Input:  /pnfs/sbnd/scratch/users/munjung/v10_06_00/raw-SBND_DATA_InTimeCosmics_offbeamlight/waveforms
Output: /pnfs/sbnd/scratch/users/munjung/v10_06_00/raw-SBND_DATA_InTimeCosmics_offbeamlight/h5 (g4-raw-1_*.h5)
User memory budget: 37 GiB, currently used: 19 GiB
Converting 86414790_107 at Wed Sep  2 08:42:47 AM CDT 2026
FAILED 86414790_107 at Wed Sep  2 08:42:48 AM CDT 2026
PAUSE after 1 conversions: cooldown 30s + cleanup
Converting 86414795_112 at Wed Sep  2 08:43:20 AM CDT 2026
FAILED 86414795_112 at Wed Sep  2 08:43:21 AM CDT 2026
PAUSE after 1 conversions: cooldown 30s + cleanup
Converting 86414851_168 at Wed Sep  2 08:43:53 AM CDT 2026
DONE 86414851_168 at Wed Sep  2 08:44:32 AM CDT 2026
PAUSE after 1 conversions: cooldown 30s + cleanup
SKIP (empty waveform.root): 86414852_169
SKIP (empty waveform.root): 86414853_170
Converting 86414854_171 at Wed Sep  2 08:45:05 AM CDT 2026
DONE 86414854_171 at Wed Sep  2 08:46:07 AM CDT 2026
PAUSE after 1 conversions: cooldown 30s + cleanup
SKIP (empty waveform.root): 86414855_172
Converting 86414856_173 at Wed Sep  2 08:46:39 AM CDT 2026
DONE 86414856_173 at Wed Sep  2 08:47:29 AM CDT 2026
PAUSE after 1 conversions: cooldown 30s + cleanup
SKIP (empty waveform.root): 86414857_174
SKIP (empty waveform.root): 86414858_175
SKIP (empty waveform.root): 86414859_176
SKIP (empty waveform.root): 86414860_177
SKIP (empty waveform.root): 86414861_178
SKIP (empty waveform.root): 86414862_179
SKIP (empty waveform.root): 86414863_180
SKIP (empty waveform.root): 86414864_181
SKIP (empty waveform.root): 86414865_182
SKIP (empty waveform.root): 86414866_183
SKIP (empty waveform.root): 86414867_184
SKIP (empty waveform.root): 86414868_185
SKIP (empty waveform.root): 86414869_186
SKIP (empty waveform.root): 86414870_187
SKIP (empty waveform.root): 86414871_188
SKIP (empty waveform.root): 86414872_189
SKIP (empty waveform.root): 86414873_190
SKIP (empty waveform.root): 86414874_191
SKIP (empty waveform.root): 86414875_192
SKIP (empty waveform.root): 86414876_193
Converting 86414877_194 at Wed Sep  2 08:48:02 AM CDT 2026
DONE 86414877_194 at Wed Sep  2 08:49:35 AM CDT 2026
PAUSE after 1 conversions: cooldown 30s + cleanup
SKIP (empty waveform.root): 86414878_195
SKIP (empty waveform.root): 86414879_196
SKIP (empty waveform.root): 86414880_197
SKIP (empty waveform.root): 86414881_198
SKIP (empty waveform.root): 86414882_199
SKIP (empty waveform.root): 86414883_200
SKIP (empty waveform.root): 86414884_201
Converting 86414885_202 at Wed Sep  2 08:50:07 AM CDT 2026
DONE 86414885_202 at Wed Sep  2 08:50:52 AM CDT 2026
PAUSE after 1 conversions: cooldown 30s + cleanup
Converting 86414886_203 at Wed Sep  2 08:51:24 AM CDT 2026
DONE 86414886_203 at Wed Sep  2 08:52:19 AM CDT 2026
PAUSE after 1 conversions: cooldown 30s + cleanup
Converting 86414887_204 at Wed Sep  2 08:52:51 AM CDT 2026
DONE 86414887_204 at Wed Sep  2 08:53:40 AM CDT 2026
PAUSE after 1 conversions: cooldown 30s + cleanup
Converting 86414888_205 at Wed Sep  2 08:54:13 AM CDT 2026
DONE 86414888_205 at Wed Sep  2 08:55:06 AM CDT 2026
PAUSE after 1 conversions: cooldown 30s + cleanup
SKIP (empty waveform.root): 86414889_206
SKIP (empty waveform.root): 86414890_207
SKIP (empty waveform.root): 86414891_208
SKIP (empty waveform.root): 86414892_209
SKIP (empty waveform.root): 86414893_210
SKIP (empty waveform.root): 86414894_211
SKIP (empty waveform.root): 86414895_212
SKIP (empty waveform.root): 86414896_213
SKIP (empty waveform.root): 86414897_214
SKIP (empty waveform.root): 86414898_215
SKIP (empty waveform.root): 86414899_216
SKIP (empty waveform.root): 86414900_217
SKIP (empty waveform.root): 86414901_218
SKIP (empty waveform.root): 86414902_219
SKIP (empty waveform.root): 86414903_220
SKIP (empty waveform.root): 86414904_221
SKIP (empty waveform.root): 86414905_222
SKIP (empty waveform.root): 86414906_223
SKIP (empty waveform.root): 86414907_224
SKIP (empty waveform.root): 86414908_225
SKIP (empty waveform.root): 86414909_226
SKIP (empty waveform.root): 86414910_227
SKIP (empty waveform.root): 86414911_228
SKIP (empty waveform.root): 86414912_229
SKIP (empty waveform.root): 86414913_230
Converting 86414914_231 at Wed Sep  2 08:55:39 AM CDT 2026
DONE 86414914_231 at Wed Sep  2 08:56:20 AM CDT 2026
PAUSE after 1 conversions: cooldown 30s + cleanup
SKIP (empty waveform.root): 86414915_232
SKIP (empty waveform.root): 86414916_233
SKIP (empty waveform.root): 86414917_234
SKIP (empty waveform.root): 86414918_235
SKIP (empty waveform.root): 86414919_236
SKIP (empty waveform.root): 86414920_237
SKIP (empty waveform.root): 86414921_238
SKIP (empty waveform.root): 86414922_239
SKIP (empty waveform.root): 86414923_240
SKIP (empty waveform.root): 86414924_241
SKIP (empty waveform.root): 86414925_242
SKIP (empty waveform.root): 86414926_243
SKIP (empty waveform.root): 86414927_244
SKIP (empty waveform.root): 86414928_245
SKIP (empty waveform.root): 86414929_246
SKIP (empty waveform.root): 86414930_247
SKIP (empty waveform.root): 86414931_248
SKIP (empty waveform.root): 86414932_249
SKIP (empty waveform.root): 86414933_250
SKIP (empty waveform.root): 86414934_251
SKIP (empty waveform.root): 86414935_252
SKIP (empty waveform.root): 86414936_253
SKIP (empty waveform.root): 86414937_254
SKIP (empty waveform.root): 86414938_255
SKIP (empty waveform.root): 86414939_256
SKIP (empty waveform.root): 86414940_257
SKIP (empty waveform.root): 86414941_258
SKIP (empty waveform.root): 86414942_259
SKIP (empty waveform.root): 86414943_260
SKIP (empty waveform.root): 86414944_261
SKIP (empty waveform.root): 86414945_262
SKIP (empty waveform.root): 86414946_263
SKIP (empty waveform.root): 86414947_264
SKIP (empty waveform.root): 86414948_265
SKIP (empty waveform.root): 86414949_266
SKIP (empty waveform.root): 86414950_267
SKIP (empty waveform.root): 86414951_268
SKIP (empty waveform.root): 86414952_269
SKIP (empty waveform.root): 86414953_270
SKIP (empty waveform.root): 86414954_271
SKIP (empty waveform.root): 86414955_272
SKIP (empty waveform.root): 86414956_273
SKIP (empty waveform.root): 86414957_274
SKIP (empty waveform.root): 86414958_275
SKIP (empty waveform.root): 86414959_276
SKIP (empty waveform.root): 86414960_277
SKIP (empty waveform.root): 86414961_278
SKIP (empty waveform.root): 86414962_279
SKIP (empty waveform.root): 86414963_280
SKIP (empty waveform.root): 86414964_281
SKIP (empty waveform.root): 86414965_282
SKIP (empty waveform.root): 86414966_283
SKIP (empty waveform.root): 86414967_284
SKIP (empty waveform.root): 86414968_285
SKIP (empty waveform.root): 86414969_286
SKIP (empty waveform.root): 86414970_287
SKIP (empty waveform.root): 86414971_288
SKIP (empty waveform.root): 86414972_289
SKIP (empty waveform.root): 86414973_290
SKIP (empty waveform.root): 86414974_291
SKIP (empty waveform.root): 86414975_292
SKIP (empty waveform.root): 86414976_293
SKIP (empty waveform.root): 86414977_294
SKIP (empty waveform.root): 86414978_295
SKIP (empty waveform.root): 86414979_296
SKIP (empty waveform.root): 86414980_297
SKIP (empty waveform.root): 86414981_298
SKIP (empty waveform.root): 86414982_299
SKIP (empty waveform.root): 86414983_300
SKIP (empty waveform.root): 86414984_301
SKIP (empty waveform.root): 86414985_302
SKIP (empty waveform.root): 86414986_303
SKIP (empty waveform.root): 86414987_304
Converting 86414988_305 at Wed Sep  2 08:57:00 AM CDT 2026
Starting batch (offbeamlight, tpc=1) at Wed Sep  2 09:04:07 AM CDT 2026 parallel=0 workers=1 pause_every=1
Input:  /pnfs/sbnd/scratch/users/munjung/v10_06_00/raw-SBND_DATA_InTimeCosmics_offbeamlight/waveforms
Output: /pnfs/sbnd/scratch/users/munjung/v10_06_00/raw-SBND_DATA_InTimeCosmics_offbeamlight/h5 (g4-raw-1_*.h5)
User memory budget: 37 GiB, currently used: 19 GiB
Converting 86414790_107 at Wed Sep  2 09:04:07 AM CDT 2026
FAILED 86414790_107 at Wed Sep  2 09:04:08 AM CDT 2026
PAUSE after 1 conversions: cooldown 30s + cleanup
Converting 86414795_112 at Wed Sep  2 09:04:40 AM CDT 2026
FAILED 86414795_112 at Wed Sep  2 09:04:41 AM CDT 2026
PAUSE after 1 conversions: cooldown 30s + cleanup
Converting 86414988_305 at Wed Sep  2 09:05:13 AM CDT 2026
DONE 86414988_305 at Wed Sep  2 09:06:05 AM CDT 2026
PAUSE after 1 conversions: cooldown 30s + cleanup
SKIP (empty waveform.root): 86414989_306
SKIP (empty waveform.root): 86414990_307
SKIP (empty waveform.root): 86414991_308
SKIP (empty waveform.root): 86414992_309
SKIP (empty waveform.root): 86414993_310
SKIP (empty waveform.root): 86414994_311
SKIP (empty waveform.root): 86414995_312
SKIP (empty waveform.root): 86414996_313
SKIP (empty waveform.root): 86414997_314
SKIP (empty waveform.root): 86414998_315
SKIP (empty waveform.root): 86414999_316
SKIP (empty waveform.root): 86415000_317
SKIP (empty waveform.root): 86415001_318
SKIP (empty waveform.root): 86415002_319
SKIP (empty waveform.root): 86415003_320
SKIP (empty waveform.root): 86415004_321
SKIP (empty waveform.root): 86415005_322
SKIP (empty waveform.root): 86415006_323
SKIP (empty waveform.root): 86415007_324
SKIP (empty waveform.root): 86415008_325
SKIP (empty waveform.root): 86415009_326
SKIP (empty waveform.root): 86415010_327
SKIP (empty waveform.root): 86415011_328
SKIP (empty waveform.root): 86415012_329
SKIP (empty waveform.root): 86415013_330
SKIP (empty waveform.root): 86415014_331
SKIP (empty waveform.root): 86415015_332
SKIP (empty waveform.root): 86415016_333
SKIP (empty waveform.root): 86415017_334
SKIP (empty waveform.root): 86415018_335
SKIP (empty waveform.root): 86415019_336
SKIP (empty waveform.root): 86415020_337
SKIP (empty waveform.root): 86415021_338
SKIP (empty waveform.root): 86415022_339
SKIP (empty waveform.root): 86415023_340
SKIP (empty waveform.root): 86415024_341
SKIP (empty waveform.root): 86415025_342
SKIP (empty waveform.root): 86415026_343
Converting 86415027_344 at Wed Sep  2 09:06:40 AM CDT 2026
DONE 86415027_344 at Wed Sep  2 09:07:35 AM CDT 2026
PAUSE after 1 conversions: cooldown 30s + cleanup
SKIP (empty waveform.root): 86415028_345
Converting 86415029_346 at Wed Sep  2 09:08:07 AM CDT 2026
DONE 86415029_346 at Wed Sep  2 09:08:52 AM CDT 2026
PAUSE after 1 conversions: cooldown 30s + cleanup
SKIP (empty waveform.root): 86415030_347
SKIP (empty waveform.root): 86415031_348
SKIP (empty waveform.root): 86415032_349
SKIP (empty waveform.root): 86415033_350
SKIP (empty waveform.root): 86415034_351
SKIP (empty waveform.root): 86415035_352
SKIP (empty waveform.root): 86415036_353
SKIP (empty waveform.root): 86415037_354
SKIP (empty waveform.root): 86415038_355
SKIP (empty waveform.root): 86415039_356
SKIP (empty waveform.root): 86415040_357
SKIP (empty waveform.root): 86415041_358
SKIP (empty waveform.root): 86415042_359
SKIP (empty waveform.root): 86415043_360
SKIP (empty waveform.root): 86415044_361
SKIP (empty waveform.root): 86415045_362
SKIP (empty waveform.root): 86415046_363
SKIP (empty waveform.root): 86415047_364
SKIP (empty waveform.root): 86415048_365
SKIP (empty waveform.root): 86415049_366
SKIP (empty waveform.root): 86415050_367
SKIP (empty waveform.root): 86415051_368
SKIP (empty waveform.root): 86415052_369
SKIP (empty waveform.root): 86415053_370
SKIP (empty waveform.root): 86415054_371
SKIP (empty waveform.root): 86415055_372
SKIP (empty waveform.root): 86415056_373
SKIP (empty waveform.root): 86415057_374
SKIP (empty waveform.root): 86415058_375
SKIP (empty waveform.root): 86415059_376
SKIP (empty waveform.root): 86415060_377
SKIP (empty waveform.root): 86415061_378
SKIP (empty waveform.root): 86415062_379
SKIP (empty waveform.root): 86415063_380
SKIP (empty waveform.root): 86415064_381
SKIP (empty waveform.root): 86415065_382
SKIP (empty waveform.root): 86415066_383
SKIP (empty waveform.root): 86415067_384
SKIP (empty waveform.root): 86415068_385
SKIP (empty waveform.root): 86415069_386
SKIP (empty waveform.root): 86415070_387
SKIP (empty waveform.root): 86415071_388
SKIP (empty waveform.root): 86415072_389
SKIP (empty waveform.root): 86415073_390
SKIP (empty waveform.root): 86415074_391
SKIP (empty waveform.root): 86415075_392
SKIP (empty waveform.root): 86415076_393
SKIP (empty waveform.root): 86415077_394
SKIP (empty waveform.root): 86415078_395
SKIP (empty waveform.root): 86415079_396
SKIP (empty waveform.root): 86415080_397
SKIP (empty waveform.root): 86415081_398
SKIP (empty waveform.root): 86415082_399
SKIP (empty waveform.root): 86415084_400
SKIP (empty waveform.root): 86415085_401
SKIP (empty waveform.root): 86415086_402
SKIP (empty waveform.root): 86415087_403
SKIP (empty waveform.root): 86415088_404
SKIP (empty waveform.root): 86415089_405
SKIP (empty waveform.root): 86415090_406
SKIP (empty waveform.root): 86415091_407
SKIP (empty waveform.root): 86415092_408
SKIP (empty waveform.root): 86415093_409
SKIP (empty waveform.root): 86415094_410
SKIP (empty waveform.root): 86415095_411
SKIP (empty waveform.root): 86415096_412
SKIP (empty waveform.root): 86415097_413
SKIP (empty waveform.root): 86415098_414
SKIP (empty waveform.root): 86415099_415
SKIP (empty waveform.root): 86415100_416
SKIP (empty waveform.root): 86415101_417
SKIP (empty waveform.root): 86415102_418
SKIP (empty waveform.root): 86415103_419
SKIP (empty waveform.root): 86415104_420
SKIP (empty waveform.root): 86415105_421
SKIP (empty waveform.root): 86415106_422
SKIP (empty waveform.root): 86415107_423
SKIP (empty waveform.root): 86415108_424
SKIP (empty waveform.root): 86415109_425
SKIP (empty waveform.root): 86415110_426
SKIP (empty waveform.root): 86415111_427
SKIP (empty waveform.root): 86415112_428
SKIP (empty waveform.root): 86415113_429
SKIP (empty waveform.root): 86415114_430
SKIP (empty waveform.root): 86415115_431
SKIP (empty waveform.root): 86415116_432
SKIP (empty waveform.root): 86415117_433
SKIP (empty waveform.root): 86415118_434
SKIP (empty waveform.root): 86415119_435
SKIP (empty waveform.root): 86415120_436
SKIP (empty waveform.root): 86415121_437
SKIP (empty waveform.root): 86415122_438
SKIP (empty waveform.root): 86415123_439
SKIP (empty waveform.root): 86415124_440
SKIP (empty waveform.root): 86415125_441
SKIP (empty waveform.root): 86415126_442
SKIP (empty waveform.root): 86415128_443
SKIP (empty waveform.root): 86415129_444
SKIP (empty waveform.root): 86415130_445
SKIP (empty waveform.root): 86415131_446
SKIP (empty waveform.root): 86415132_447
SKIP (empty waveform.root): 86415133_448
SKIP (empty waveform.root): 86415134_449
SKIP (empty waveform.root): 86415135_450
SKIP (empty waveform.root): 86415136_451
SKIP (empty waveform.root): 86415137_452
SKIP (empty waveform.root): 86415138_453
SKIP (empty waveform.root): 86415139_454
SKIP (empty waveform.root): 86415140_455
SKIP (empty waveform.root): 86415141_456
SKIP (empty waveform.root): 86415142_457
SKIP (empty waveform.root): 86415143_458
SKIP (empty waveform.root): 86415144_459
SKIP (empty waveform.root): 86415145_460
SKIP (empty waveform.root): 86415146_461
SKIP (empty waveform.root): 86415147_462
SKIP (empty waveform.root): 86415148_463
SKIP (empty waveform.root): 86415149_464
SKIP (empty waveform.root): 86415150_465
SKIP (empty waveform.root): 86415151_466
SKIP (empty waveform.root): 86415152_467
SKIP (empty waveform.root): 86415153_468
SKIP (empty waveform.root): 86415154_469
SKIP (empty waveform.root): 86415155_470
SKIP (empty waveform.root): 86415156_471
SKIP (empty waveform.root): 86415157_472
SKIP (empty waveform.root): 86415158_473
SKIP (empty waveform.root): 86415159_474
SKIP (empty waveform.root): 86415160_475
SKIP (empty waveform.root): 86415161_476
SKIP (empty waveform.root): 86415162_477
SKIP (empty waveform.root): 86415163_478
SKIP (empty waveform.root): 86415164_479
SKIP (empty waveform.root): 86415165_480
SKIP (empty waveform.root): 86415166_481
SKIP (empty waveform.root): 86415167_482
SKIP (empty waveform.root): 86415168_483
SKIP (empty waveform.root): 86415169_484
SKIP (empty waveform.root): 86415170_485
SKIP (empty waveform.root): 86415171_486
SKIP (empty waveform.root): 86415172_487
SKIP (empty waveform.root): 86415173_488
SKIP (empty waveform.root): 86415174_489
SKIP (empty waveform.root): 86415175_490
SKIP (empty waveform.root): 86415176_491
SKIP (empty waveform.root): 86415177_492
SKIP (empty waveform.root): 86415178_493
SKIP (empty waveform.root): 86415179_494
SKIP (empty waveform.root): 86415180_495
SKIP (empty waveform.root): 86415181_496
SKIP (empty waveform.root): 86415182_497
SKIP (empty waveform.root): 86415183_498
SKIP (empty waveform.root): 86415184_499
SKIP (empty waveform.root): 86415186_500
SKIP (empty waveform.root): 86415187_501
SKIP (empty waveform.root): 86415188_502
SKIP (empty waveform.root): 86415189_503
SKIP (empty waveform.root): 86415190_504
SKIP (empty waveform.root): 86415191_505
SKIP (empty waveform.root): 86415192_506
SKIP (empty waveform.root): 86415193_507
SKIP (empty waveform.root): 86415194_508
SKIP (empty waveform.root): 86415195_509
SKIP (empty waveform.root): 86415196_510
SKIP (empty waveform.root): 86415197_511
SKIP (empty waveform.root): 86415198_512
SKIP (empty waveform.root): 86415199_513
SKIP (empty waveform.root): 86415200_514
SKIP (empty waveform.root): 86415201_515
SKIP (empty waveform.root): 86415202_516
SKIP (empty waveform.root): 86415203_517
SKIP (empty waveform.root): 86415204_518
SKIP (empty waveform.root): 86415205_519
SKIP (empty waveform.root): 86415206_520
SKIP (empty waveform.root): 86415207_521
SKIP (empty waveform.root): 86415208_522
SKIP (empty waveform.root): 86415209_523
SKIP (empty waveform.root): 86415210_524
SKIP (empty waveform.root): 86415211_525
SKIP (empty waveform.root): 86415212_526
SKIP (empty waveform.root): 86415213_527
SKIP (empty waveform.root): 86415214_528
SKIP (empty waveform.root): 86415215_529
SKIP (empty waveform.root): 86415216_530
SKIP (empty waveform.root): 86415217_531
SKIP (empty waveform.root): 86415218_532
SKIP (empty waveform.root): 86415219_533
SKIP (empty waveform.root): 86415220_534
SKIP (empty waveform.root): 86415221_535
SKIP (empty waveform.root): 86415222_536
SKIP (empty waveform.root): 86415223_537
SKIP (empty waveform.root): 86415224_538
SKIP (empty waveform.root): 86415225_539
SKIP (empty waveform.root): 86415226_540
SKIP (empty waveform.root): 86415227_541
SKIP (empty waveform.root): 86415228_542
SKIP (empty waveform.root): 86415229_543
SKIP (empty waveform.root): 86415230_544
SKIP (empty waveform.root): 86415231_545
SKIP (empty waveform.root): 86415232_546
SKIP (empty waveform.root): 86415233_547
SKIP (empty waveform.root): 86415234_548
SKIP (empty waveform.root): 86415235_549
SKIP (empty waveform.root): 86415236_550
SKIP (empty waveform.root): 86415237_551
SKIP (empty waveform.root): 86415238_552
SKIP (empty waveform.root): 86415239_553
SKIP (empty waveform.root): 86415240_554
SKIP (empty waveform.root): 86415241_555
SKIP (empty waveform.root): 86415242_556
SKIP (empty waveform.root): 86415243_557
SKIP (empty waveform.root): 86415244_558
SKIP (empty waveform.root): 86415245_559
SKIP (empty waveform.root): 86415246_560
SKIP (empty waveform.root): 86415247_561
SKIP (empty waveform.root): 86415248_562
SKIP (empty waveform.root): 86415249_563
SKIP (empty waveform.root): 86415250_564
SKIP (empty waveform.root): 86415251_565
SKIP (empty waveform.root): 86415252_566
SKIP (empty waveform.root): 86415253_567
SKIP (empty waveform.root): 86415254_568
SKIP (empty waveform.root): 86415255_569
SKIP (empty waveform.root): 86415256_570
SKIP (empty waveform.root): 86415257_571
SKIP (empty waveform.root): 86415258_572
SKIP (empty waveform.root): 86415259_573
SKIP (empty waveform.root): 86415260_574
SKIP (empty waveform.root): 86415261_575
SKIP (empty waveform.root): 86415262_576
SKIP (empty waveform.root): 86415263_577
SKIP (empty waveform.root): 86415264_578
SKIP (empty waveform.root): 86415265_579
SKIP (empty waveform.root): 86415266_580
SKIP (empty waveform.root): 86415267_581
SKIP (empty waveform.root): 86415268_582
SKIP (empty waveform.root): 86415269_583
SKIP (empty waveform.root): 86415270_584
SKIP (empty waveform.root): 86415271_585
SKIP (empty waveform.root): 86415272_586
SKIP (empty waveform.root): 86415273_587
SKIP (empty waveform.root): 86415274_588
SKIP (empty waveform.root): 86415275_589
SKIP (empty waveform.root): 86415276_590
SKIP (empty waveform.root): 86415277_591
SKIP (empty waveform.root): 86415278_592
Finished at Wed Sep  2 09:09:44 AM CDT 2026
total=514 skipped=224 empty_skipped=285 converted=3 failed=2 workers=1
Starting batch (offbeamlight, tpc=1) at Wed Sep  2 09:14:13 AM CDT 2026 parallel=0 workers=1 pause_every=1
Input:  /pnfs/sbnd/scratch/users/munjung/v10_06_00/raw-SBND_DATA_InTimeCosmics_offbeamlight/waveforms
Output: /pnfs/sbnd/scratch/users/munjung/v10_06_00/raw-SBND_DATA_InTimeCosmics_offbeamlight/h5 (g4-raw-1_*.h5)
User memory budget: 37 GiB, currently used: 19 GiB
Converting 86414790_107 at Wed Sep  2 09:14:13 AM CDT 2026
FAILED 86414790_107 at Wed Sep  2 09:14:14 AM CDT 2026
PAUSE after 1 conversions: cooldown 30s + cleanup
Converting 86414795_112 at Wed Sep  2 09:14:46 AM CDT 2026
FAILED 86414795_112 at Wed Sep  2 09:14:46 AM CDT 2026
PAUSE after 1 conversions: cooldown 30s + cleanup
Finished at Wed Sep  2 09:15:22 AM CDT 2026
total=514 skipped=512 empty_skipped=0 converted=0 failed=2 workers=1
Starting batch (offbeamlight, tpc=1) at Wed Sep  2 09:19:15 AM CDT 2026 parallel=0 workers=1 pause_every=1
Input:  /pnfs/sbnd/scratch/users/munjung/v10_06_00/raw-SBND_DATA_InTimeCosmics_offbeamlight/waveforms
Output: /pnfs/sbnd/scratch/users/munjung/v10_06_00/raw-SBND_DATA_InTimeCosmics_offbeamlight/h5 (g4-raw-1_*.h5)
User memory budget: 37 GiB, currently used: 19 GiB
Converting 86414790_107 at Wed Sep  2 09:19:16 AM CDT 2026
FAILED 86414790_107 at Wed Sep  2 09:19:16 AM CDT 2026
PAUSE after 1 conversions: cooldown 30s + cleanup
Converting 86414795_112 at Wed Sep  2 09:19:48 AM CDT 2026
FAILED 86414795_112 at Wed Sep  2 09:19:49 AM CDT 2026
PAUSE after 1 conversions: cooldown 30s + cleanup
Finished at Wed Sep  2 09:20:24 AM CDT 2026
total=514 skipped=512 empty_skipped=0 converted=0 failed=2 workers=1
Starting batch (offbeamlight, tpc=1) at Wed Sep  2 09:24:18 AM CDT 2026 parallel=0 workers=1 pause_every=1
Input:  /pnfs/sbnd/scratch/users/munjung/v10_06_00/raw-SBND_DATA_InTimeCosmics_offbeamlight/waveforms
Output: /pnfs/sbnd/scratch/users/munjung/v10_06_00/raw-SBND_DATA_InTimeCosmics_offbeamlight/h5 (g4-raw-1_*.h5)
User memory budget: 37 GiB, currently used: 19 GiB
Converting 86414790_107 at Wed Sep  2 09:24:18 AM CDT 2026
FAILED 86414790_107 at Wed Sep  2 09:24:19 AM CDT 2026
PAUSE after 1 conversions: cooldown 30s + cleanup
Converting 86414795_112 at Wed Sep  2 09:24:51 AM CDT 2026
FAILED 86414795_112 at Wed Sep  2 09:24:52 AM CDT 2026
PAUSE after 1 conversions: cooldown 30s + cleanup
Finished at Wed Sep  2 09:25:27 AM CDT 2026
total=514 skipped=512 empty_skipped=0 converted=0 failed=2 workers=1
Starting batch (offbeamlight, tpc=1) at Wed Sep  2 09:29:20 AM CDT 2026 parallel=0 workers=1 pause_every=1
Input:  /pnfs/sbnd/scratch/users/munjung/v10_06_00/raw-SBND_DATA_InTimeCosmics_offbeamlight/waveforms
Output: /pnfs/sbnd/scratch/users/munjung/v10_06_00/raw-SBND_DATA_InTimeCosmics_offbeamlight/h5 (g4-raw-1_*.h5)
User memory budget: 37 GiB, currently used: 19 GiB
Converting 86414790_107 at Wed Sep  2 09:29:21 AM CDT 2026
FAILED 86414790_107 at Wed Sep  2 09:29:21 AM CDT 2026
PAUSE after 1 conversions: cooldown 30s + cleanup
Converting 86414795_112 at Wed Sep  2 09:29:53 AM CDT 2026
FAILED 86414795_112 at Wed Sep  2 09:29:54 AM CDT 2026
PAUSE after 1 conversions: cooldown 30s + cleanup
Finished at Wed Sep  2 09:30:29 AM CDT 2026
total=514 skipped=512 empty_skipped=0 converted=0 failed=2 workers=1
Starting batch (offbeamlight, tpc=1) at Wed Sep  2 09:39:25 AM CDT 2026 parallel=0 workers=1 pause_every=1
Input:  /pnfs/sbnd/scratch/users/munjung/v10_06_00/raw-SBND_DATA_InTimeCosmics_offbeamlight/waveforms
Output: /pnfs/sbnd/scratch/users/munjung/v10_06_00/raw-SBND_DATA_InTimeCosmics_offbeamlight/h5 (g4-raw-1_*.h5)
User memory budget: 37 GiB, currently used: 19 GiB
Converting 86414790_107 at Wed Sep  2 09:39:25 AM CDT 2026
FAILED 86414790_107 at Wed Sep  2 09:39:26 AM CDT 2026
PAUSE after 1 conversions: cooldown 30s + cleanup
Starting batch (offbeamlight, tpc=1) at Wed Sep  2 09:55:45 AM CDT 2026 parallel=0 workers=1 pause_every=1
Input:  /pnfs/sbnd/scratch/users/munjung/v10_06_00/raw-SBND_DATA_InTimeCosmics_offbeamlight/waveforms
Output: /pnfs/sbnd/scratch/users/munjung/v10_06_00/raw-SBND_DATA_InTimeCosmics_offbeamlight/h5 (g4-raw-1_*.h5)
User memory budget: 37 GiB, currently used: 19 GiB
Converting 86414790_107 at Wed Sep  2 09:55:46 AM CDT 2026
FAILED 86414790_107 at Wed Sep  2 09:55:46 AM CDT 2026
PAUSE after 1 conversions: cooldown 30s + cleanup
Converting 86414795_112 at Wed Sep  2 09:56:18 AM CDT 2026
FAILED 86414795_112 at Wed Sep  2 09:56:19 AM CDT 2026
PAUSE after 1 conversions: cooldown 30s + cleanup
Finished at Wed Sep  2 09:56:54 AM CDT 2026
total=514 skipped=512 empty_skipped=0 converted=0 failed=2 workers=1
Starting batch (offbeamlight, tpc=1) at Wed Sep  2 10:00:48 AM CDT 2026 parallel=0 workers=1 pause_every=1
Input:  /pnfs/sbnd/scratch/users/munjung/v10_06_00/raw-SBND_DATA_InTimeCosmics_offbeamlight/waveforms
Output: /pnfs/sbnd/scratch/users/munjung/v10_06_00/raw-SBND_DATA_InTimeCosmics_offbeamlight/h5 (g4-raw-1_*.h5)
User memory budget: 37 GiB, currently used: 19 GiB
Converting 86414790_107 at Wed Sep  2 10:00:48 AM CDT 2026
FAILED 86414790_107 at Wed Sep  2 10:00:49 AM CDT 2026
PAUSE after 1 conversions: cooldown 30s + cleanup
Converting 86414795_112 at Wed Sep  2 10:01:21 AM CDT 2026
FAILED 86414795_112 at Wed Sep  2 10:01:21 AM CDT 2026
PAUSE after 1 conversions: cooldown 30s + cleanup
Finished at Wed Sep  2 10:01:57 AM CDT 2026
total=514 skipped=512 empty_skipped=0 converted=0 failed=2 workers=1
Starting batch (offbeamlight, tpc=1) at Wed Sep  2 10:05:51 AM CDT 2026 parallel=0 workers=1 pause_every=1
Input:  /pnfs/sbnd/scratch/users/munjung/v10_06_00/raw-SBND_DATA_InTimeCosmics_offbeamlight/waveforms
Output: /pnfs/sbnd/scratch/users/munjung/v10_06_00/raw-SBND_DATA_InTimeCosmics_offbeamlight/h5 (g4-raw-1_*.h5)
User memory budget: 37 GiB, currently used: 19 GiB
Converting 86414790_107 at Wed Sep  2 10:05:51 AM CDT 2026
FAILED 86414790_107 at Wed Sep  2 10:05:51 AM CDT 2026
PAUSE after 1 conversions: cooldown 30s + cleanup
Converting 86414795_112 at Wed Sep  2 10:06:24 AM CDT 2026
FAILED 86414795_112 at Wed Sep  2 10:06:24 AM CDT 2026
PAUSE after 1 conversions: cooldown 30s + cleanup
Finished at Wed Sep  2 10:06:59 AM CDT 2026
total=514 skipped=512 empty_skipped=0 converted=0 failed=2 workers=1
Starting batch (offbeamlight, tpc=1) at Wed Sep  2 10:10:53 AM CDT 2026 parallel=0 workers=1 pause_every=1
Input:  /pnfs/sbnd/scratch/users/munjung/v10_06_00/raw-SBND_DATA_InTimeCosmics_offbeamlight/waveforms
Output: /pnfs/sbnd/scratch/users/munjung/v10_06_00/raw-SBND_DATA_InTimeCosmics_offbeamlight/h5 (g4-raw-1_*.h5)
User memory budget: 37 GiB, currently used: 19 GiB
Converting 86414790_107 at Wed Sep  2 10:10:53 AM CDT 2026
FAILED 86414790_107 at Wed Sep  2 10:10:54 AM CDT 2026
PAUSE after 1 conversions: cooldown 30s + cleanup
Converting 86414795_112 at Wed Sep  2 10:11:26 AM CDT 2026
FAILED 86414795_112 at Wed Sep  2 10:11:27 AM CDT 2026
PAUSE after 1 conversions: cooldown 30s + cleanup
Finished at Wed Sep  2 10:12:02 AM CDT 2026
total=514 skipped=512 empty_skipped=0 converted=0 failed=2 workers=1
Starting batch (offbeamlight, tpc=1) at Wed Sep  2 10:15:56 AM CDT 2026 parallel=0 workers=1 pause_every=1
Input:  /pnfs/sbnd/scratch/users/munjung/v10_06_00/raw-SBND_DATA_InTimeCosmics_offbeamlight/waveforms
Output: /pnfs/sbnd/scratch/users/munjung/v10_06_00/raw-SBND_DATA_InTimeCosmics_offbeamlight/h5 (g4-raw-1_*.h5)
User memory budget: 37 GiB, currently used: 17 GiB
Converting 86414790_107 at Wed Sep  2 10:15:56 AM CDT 2026
FAILED 86414790_107 at Wed Sep  2 10:15:56 AM CDT 2026
PAUSE after 1 conversions: cooldown 30s + cleanup
Converting 86414795_112 at Wed Sep  2 10:16:29 AM CDT 2026
FAILED 86414795_112 at Wed Sep  2 10:16:29 AM CDT 2026
PAUSE after 1 conversions: cooldown 30s + cleanup
Finished at Wed Sep  2 10:17:04 AM CDT 2026
total=514 skipped=512 empty_skipped=0 converted=0 failed=2 workers=1
Starting batch (offbeamlight, tpc=1) at Wed Sep  2 10:20:58 AM CDT 2026 parallel=0 workers=1 pause_every=1
Input:  /pnfs/sbnd/scratch/users/munjung/v10_06_00/raw-SBND_DATA_InTimeCosmics_offbeamlight/waveforms
Output: /pnfs/sbnd/scratch/users/munjung/v10_06_00/raw-SBND_DATA_InTimeCosmics_offbeamlight/h5 (g4-raw-1_*.h5)
User memory budget: 37 GiB, currently used: 17 GiB
Converting 86414790_107 at Wed Sep  2 10:20:58 AM CDT 2026
FAILED 86414790_107 at Wed Sep  2 10:20:59 AM CDT 2026
PAUSE after 1 conversions: cooldown 30s + cleanup
Converting 86414795_112 at Wed Sep  2 10:21:31 AM CDT 2026
FAILED 86414795_112 at Wed Sep  2 10:21:32 AM CDT 2026
PAUSE after 1 conversions: cooldown 30s + cleanup
Finished at Wed Sep  2 10:22:07 AM CDT 2026
total=514 skipped=512 empty_skipped=0 converted=0 failed=2 workers=1
Starting batch (offbeamlight, tpc=1) at Wed Sep  2 10:26:01 AM CDT 2026 parallel=0 workers=1 pause_every=1
Input:  /pnfs/sbnd/scratch/users/munjung/v10_06_00/raw-SBND_DATA_InTimeCosmics_offbeamlight/waveforms
Output: /pnfs/sbnd/scratch/users/munjung/v10_06_00/raw-SBND_DATA_InTimeCosmics_offbeamlight/h5 (g4-raw-1_*.h5)
User memory budget: 37 GiB, currently used: 17 GiB
Converting 86414790_107 at Wed Sep  2 10:26:01 AM CDT 2026
FAILED 86414790_107 at Wed Sep  2 10:26:02 AM CDT 2026
PAUSE after 1 conversions: cooldown 30s + cleanup
Converting 86414795_112 at Wed Sep  2 10:26:34 AM CDT 2026
FAILED 86414795_112 at Wed Sep  2 10:26:35 AM CDT 2026
PAUSE after 1 conversions: cooldown 30s + cleanup
Finished at Wed Sep  2 10:27:10 AM CDT 2026
total=514 skipped=512 empty_skipped=0 converted=0 failed=2 workers=1
Starting batch (offbeamlight, tpc=1) at Wed Sep  2 10:31:04 AM CDT 2026 parallel=0 workers=1 pause_every=1
Input:  /pnfs/sbnd/scratch/users/munjung/v10_06_00/raw-SBND_DATA_InTimeCosmics_offbeamlight/waveforms
Output: /pnfs/sbnd/scratch/users/munjung/v10_06_00/raw-SBND_DATA_InTimeCosmics_offbeamlight/h5 (g4-raw-1_*.h5)
User memory budget: 37 GiB, currently used: 17 GiB
Converting 86414790_107 at Wed Sep  2 10:31:04 AM CDT 2026
FAILED 86414790_107 at Wed Sep  2 10:31:04 AM CDT 2026
PAUSE after 1 conversions: cooldown 30s + cleanup
Converting 86414795_112 at Wed Sep  2 10:31:37 AM CDT 2026
FAILED 86414795_112 at Wed Sep  2 10:31:37 AM CDT 2026
PAUSE after 1 conversions: cooldown 30s + cleanup
Finished at Wed Sep  2 10:32:12 AM CDT 2026
total=514 skipped=512 empty_skipped=0 converted=0 failed=2 workers=1
Starting batch (offbeamlight, tpc=1) at Wed Sep  2 10:36:06 AM CDT 2026 parallel=0 workers=1 pause_every=1
Input:  /pnfs/sbnd/scratch/users/munjung/v10_06_00/raw-SBND_DATA_InTimeCosmics_offbeamlight/waveforms
Output: /pnfs/sbnd/scratch/users/munjung/v10_06_00/raw-SBND_DATA_InTimeCosmics_offbeamlight/h5 (g4-raw-1_*.h5)
User memory budget: 37 GiB, currently used: 17 GiB
Converting 86414790_107 at Wed Sep  2 10:36:06 AM CDT 2026
FAILED 86414790_107 at Wed Sep  2 10:36:07 AM CDT 2026
PAUSE after 1 conversions: cooldown 30s + cleanup
Converting 86414795_112 at Wed Sep  2 10:36:39 AM CDT 2026
FAILED 86414795_112 at Wed Sep  2 10:36:40 AM CDT 2026
PAUSE after 1 conversions: cooldown 30s + cleanup
Finished at Wed Sep  2 10:37:15 AM CDT 2026
total=514 skipped=512 empty_skipped=0 converted=0 failed=2 workers=1
Starting batch (offbeamlight, tpc=1) at Wed Sep  2 10:41:09 AM CDT 2026 parallel=0 workers=1 pause_every=1
Input:  /pnfs/sbnd/scratch/users/munjung/v10_06_00/raw-SBND_DATA_InTimeCosmics_offbeamlight/waveforms
Output: /pnfs/sbnd/scratch/users/munjung/v10_06_00/raw-SBND_DATA_InTimeCosmics_offbeamlight/h5 (g4-raw-1_*.h5)
User memory budget: 37 GiB, currently used: 17 GiB
Converting 86414790_107 at Wed Sep  2 10:41:09 AM CDT 2026
FAILED 86414790_107 at Wed Sep  2 10:41:10 AM CDT 2026
PAUSE after 1 conversions: cooldown 30s + cleanup
Converting 86414795_112 at Wed Sep  2 10:41:42 AM CDT 2026
FAILED 86414795_112 at Wed Sep  2 10:41:43 AM CDT 2026
PAUSE after 1 conversions: cooldown 30s + cleanup
Finished at Wed Sep  2 10:42:18 AM CDT 2026
total=514 skipped=512 empty_skipped=0 converted=0 failed=2 workers=1
Starting batch (offbeamlight, tpc=1) at Wed Sep  2 10:46:12 AM CDT 2026 parallel=0 workers=1 pause_every=1
Input:  /pnfs/sbnd/scratch/users/munjung/v10_06_00/raw-SBND_DATA_InTimeCosmics_offbeamlight/waveforms
Output: /pnfs/sbnd/scratch/users/munjung/v10_06_00/raw-SBND_DATA_InTimeCosmics_offbeamlight/h5 (g4-raw-1_*.h5)
User memory budget: 37 GiB, currently used: 17 GiB
Converting 86414790_107 at Wed Sep  2 10:46:12 AM CDT 2026
FAILED 86414790_107 at Wed Sep  2 10:46:13 AM CDT 2026
PAUSE after 1 conversions: cooldown 30s + cleanup
Converting 86414795_112 at Wed Sep  2 10:46:45 AM CDT 2026
FAILED 86414795_112 at Wed Sep  2 10:46:45 AM CDT 2026
PAUSE after 1 conversions: cooldown 30s + cleanup
Finished at Wed Sep  2 10:47:21 AM CDT 2026
total=514 skipped=512 empty_skipped=0 converted=0 failed=2 workers=1
Starting batch (offbeamlight, tpc=1) at Wed Sep  2 10:51:14 AM CDT 2026 parallel=0 workers=1 pause_every=1
Input:  /pnfs/sbnd/scratch/users/munjung/v10_06_00/raw-SBND_DATA_InTimeCosmics_offbeamlight/waveforms
Output: /pnfs/sbnd/scratch/users/munjung/v10_06_00/raw-SBND_DATA_InTimeCosmics_offbeamlight/h5 (g4-raw-1_*.h5)
User memory budget: 37 GiB, currently used: 17 GiB
Converting 86414790_107 at Wed Sep  2 10:51:14 AM CDT 2026
FAILED 86414790_107 at Wed Sep  2 10:51:15 AM CDT 2026
PAUSE after 1 conversions: cooldown 30s + cleanup
Converting 86414795_112 at Wed Sep  2 10:51:47 AM CDT 2026
FAILED 86414795_112 at Wed Sep  2 10:51:48 AM CDT 2026
PAUSE after 1 conversions: cooldown 30s + cleanup
Finished at Wed Sep  2 10:52:23 AM CDT 2026
total=514 skipped=512 empty_skipped=0 converted=0 failed=2 workers=1
Starting batch (offbeamlight, tpc=1) at Wed Sep  2 10:56:17 AM CDT 2026 parallel=0 workers=1 pause_every=1
Input:  /pnfs/sbnd/scratch/users/munjung/v10_06_00/raw-SBND_DATA_InTimeCosmics_offbeamlight/waveforms
Output: /pnfs/sbnd/scratch/users/munjung/v10_06_00/raw-SBND_DATA_InTimeCosmics_offbeamlight/h5 (g4-raw-1_*.h5)
User memory budget: 37 GiB, currently used: 17 GiB
Converting 86414790_107 at Wed Sep  2 10:56:17 AM CDT 2026
FAILED 86414790_107 at Wed Sep  2 10:56:25 AM CDT 2026
PAUSE after 1 conversions: cooldown 30s + cleanup
Converting 86414795_112 at Wed Sep  2 10:56:57 AM CDT 2026
FAILED 86414795_112 at Wed Sep  2 10:56:58 AM CDT 2026
PAUSE after 1 conversions: cooldown 30s + cleanup
Finished at Wed Sep  2 10:57:33 AM CDT 2026
total=514 skipped=512 empty_skipped=0 converted=0 failed=2 workers=1
Starting batch (offbeamlight, tpc=1) at Wed Sep  2 11:01:20 AM CDT 2026 parallel=0 workers=1 pause_every=1
Input:  /pnfs/sbnd/scratch/users/munjung/v10_06_00/raw-SBND_DATA_InTimeCosmics_offbeamlight/waveforms
Output: /pnfs/sbnd/scratch/users/munjung/v10_06_00/raw-SBND_DATA_InTimeCosmics_offbeamlight/h5 (g4-raw-1_*.h5)
User memory budget: 37 GiB, currently used: 17 GiB
Converting 86414790_107 at Wed Sep  2 11:01:20 AM CDT 2026
FAILED 86414790_107 at Wed Sep  2 11:01:21 AM CDT 2026
PAUSE after 1 conversions: cooldown 30s + cleanup
Converting 86414795_112 at Wed Sep  2 11:01:53 AM CDT 2026
FAILED 86414795_112 at Wed Sep  2 11:01:54 AM CDT 2026
PAUSE after 1 conversions: cooldown 30s + cleanup
Finished at Wed Sep  2 11:02:29 AM CDT 2026
total=514 skipped=512 empty_skipped=0 converted=0 failed=2 workers=1
Starting batch (offbeamlight, tpc=1) at Wed Sep  2 11:06:23 AM CDT 2026 parallel=0 workers=1 pause_every=1
Input:  /pnfs/sbnd/scratch/users/munjung/v10_06_00/raw-SBND_DATA_InTimeCosmics_offbeamlight/waveforms
Output: /pnfs/sbnd/scratch/users/munjung/v10_06_00/raw-SBND_DATA_InTimeCosmics_offbeamlight/h5 (g4-raw-1_*.h5)
User memory budget: 37 GiB, currently used: 17 GiB
Converting 86414790_107 at Wed Sep  2 11:06:23 AM CDT 2026
FAILED 86414790_107 at Wed Sep  2 11:06:26 AM CDT 2026
PAUSE after 1 conversions: cooldown 30s + cleanup
Converting 86414795_112 at Wed Sep  2 11:06:58 AM CDT 2026
FAILED 86414795_112 at Wed Sep  2 11:06:58 AM CDT 2026
PAUSE after 1 conversions: cooldown 30s + cleanup
Finished at Wed Sep  2 11:07:34 AM CDT 2026
total=514 skipped=512 empty_skipped=0 converted=0 failed=2 workers=1
Starting batch (offbeamlight, tpc=1) at Wed Sep  2 11:11:26 AM CDT 2026 parallel=0 workers=1 pause_every=1
Input:  /pnfs/sbnd/scratch/users/munjung/v10_06_00/raw-SBND_DATA_InTimeCosmics_offbeamlight/waveforms
Output: /pnfs/sbnd/scratch/users/munjung/v10_06_00/raw-SBND_DATA_InTimeCosmics_offbeamlight/h5 (g4-raw-1_*.h5)
User memory budget: 37 GiB, currently used: 18 GiB
Converting 86414790_107 at Wed Sep  2 11:11:26 AM CDT 2026
FAILED 86414790_107 at Wed Sep  2 11:11:27 AM CDT 2026
PAUSE after 1 conversions: cooldown 30s + cleanup
Converting 86414795_112 at Wed Sep  2 11:11:59 AM CDT 2026
FAILED 86414795_112 at Wed Sep  2 11:11:59 AM CDT 2026
PAUSE after 1 conversions: cooldown 30s + cleanup
Finished at Wed Sep  2 11:12:35 AM CDT 2026
total=514 skipped=512 empty_skipped=0 converted=0 failed=2 workers=1
Starting batch (offbeamlight, tpc=1) at Wed Sep  2 11:16:28 AM CDT 2026 parallel=0 workers=1 pause_every=1
Input:  /pnfs/sbnd/scratch/users/munjung/v10_06_00/raw-SBND_DATA_InTimeCosmics_offbeamlight/waveforms
Output: /pnfs/sbnd/scratch/users/munjung/v10_06_00/raw-SBND_DATA_InTimeCosmics_offbeamlight/h5 (g4-raw-1_*.h5)
User memory budget: 37 GiB, currently used: 17 GiB
Converting 86414790_107 at Wed Sep  2 11:16:28 AM CDT 2026
FAILED 86414790_107 at Wed Sep  2 11:16:29 AM CDT 2026
PAUSE after 1 conversions: cooldown 30s + cleanup
Converting 86414795_112 at Wed Sep  2 11:17:01 AM CDT 2026
FAILED 86414795_112 at Wed Sep  2 11:17:02 AM CDT 2026
PAUSE after 1 conversions: cooldown 30s + cleanup
Finished at Wed Sep  2 11:17:37 AM CDT 2026
total=514 skipped=512 empty_skipped=0 converted=0 failed=2 workers=1
Starting batch (offbeamlight, tpc=1) at Wed Sep  2 11:21:31 AM CDT 2026 parallel=0 workers=1 pause_every=1
Input:  /pnfs/sbnd/scratch/users/munjung/v10_06_00/raw-SBND_DATA_InTimeCosmics_offbeamlight/waveforms
Output: /pnfs/sbnd/scratch/users/munjung/v10_06_00/raw-SBND_DATA_InTimeCosmics_offbeamlight/h5 (g4-raw-1_*.h5)
User memory budget: 37 GiB, currently used: 17 GiB
Converting 86414790_107 at Wed Sep  2 11:21:31 AM CDT 2026
FAILED 86414790_107 at Wed Sep  2 11:21:32 AM CDT 2026
PAUSE after 1 conversions: cooldown 30s + cleanup
Converting 86414795_112 at Wed Sep  2 11:22:04 AM CDT 2026
FAILED 86414795_112 at Wed Sep  2 11:22:04 AM CDT 2026
PAUSE after 1 conversions: cooldown 30s + cleanup
Finished at Wed Sep  2 11:22:40 AM CDT 2026
total=514 skipped=512 empty_skipped=0 converted=0 failed=2 workers=1
Starting batch (offbeamlight, tpc=1) at Wed Sep  2 11:26:33 AM CDT 2026 parallel=0 workers=1 pause_every=1
Input:  /pnfs/sbnd/scratch/users/munjung/v10_06_00/raw-SBND_DATA_InTimeCosmics_offbeamlight/waveforms
Output: /pnfs/sbnd/scratch/users/munjung/v10_06_00/raw-SBND_DATA_InTimeCosmics_offbeamlight/h5 (g4-raw-1_*.h5)
User memory budget: 37 GiB, currently used: 17 GiB
Converting 86414790_107 at Wed Sep  2 11:26:33 AM CDT 2026
FAILED 86414790_107 at Wed Sep  2 11:26:34 AM CDT 2026
PAUSE after 1 conversions: cooldown 30s + cleanup
Converting 86414795_112 at Wed Sep  2 11:27:06 AM CDT 2026
FAILED 86414795_112 at Wed Sep  2 11:27:07 AM CDT 2026
PAUSE after 1 conversions: cooldown 30s + cleanup
Finished at Wed Sep  2 11:27:42 AM CDT 2026
total=514 skipped=512 empty_skipped=0 converted=0 failed=2 workers=1
Starting batch (offbeamlight, tpc=1) at Wed Sep  2 11:31:36 AM CDT 2026 parallel=0 workers=1 pause_every=1
Input:  /pnfs/sbnd/scratch/users/munjung/v10_06_00/raw-SBND_DATA_InTimeCosmics_offbeamlight/waveforms
Output: /pnfs/sbnd/scratch/users/munjung/v10_06_00/raw-SBND_DATA_InTimeCosmics_offbeamlight/h5 (g4-raw-1_*.h5)
User memory budget: 37 GiB, currently used: 18 GiB
Converting 86414790_107 at Wed Sep  2 11:31:36 AM CDT 2026
FAILED 86414790_107 at Wed Sep  2 11:31:37 AM CDT 2026
PAUSE after 1 conversions: cooldown 30s + cleanup
Converting 86414795_112 at Wed Sep  2 11:32:09 AM CDT 2026
FAILED 86414795_112 at Wed Sep  2 11:32:10 AM CDT 2026
PAUSE after 1 conversions: cooldown 30s + cleanup
Finished at Wed Sep  2 11:32:45 AM CDT 2026
total=514 skipped=512 empty_skipped=0 converted=0 failed=2 workers=1
Starting batch (offbeamlight, tpc=1) at Wed Sep  2 11:36:42 AM CDT 2026 parallel=0 workers=1 pause_every=1
Input:  /pnfs/sbnd/scratch/users/munjung/v10_06_00/raw-SBND_DATA_InTimeCosmics_offbeamlight/waveforms
Output: /pnfs/sbnd/scratch/users/munjung/v10_06_00/raw-SBND_DATA_InTimeCosmics_offbeamlight/h5 (g4-raw-1_*.h5)
User memory budget: 37 GiB, currently used: 18 GiB
Converting 86414790_107 at Wed Sep  2 11:36:42 AM CDT 2026
FAILED 86414790_107 at Wed Sep  2 11:36:49 AM CDT 2026
PAUSE after 1 conversions: cooldown 30s + cleanup
Converting 86414795_112 at Wed Sep  2 11:37:21 AM CDT 2026
FAILED 86414795_112 at Wed Sep  2 11:37:22 AM CDT 2026
PAUSE after 1 conversions: cooldown 30s + cleanup
Finished at Wed Sep  2 11:37:57 AM CDT 2026
total=514 skipped=512 empty_skipped=0 converted=0 failed=2 workers=1
Starting batch (offbeamlight, tpc=1) at Wed Sep  2 11:41:48 AM CDT 2026 parallel=0 workers=1 pause_every=1
Input:  /pnfs/sbnd/scratch/users/munjung/v10_06_00/raw-SBND_DATA_InTimeCosmics_offbeamlight/waveforms
Output: /pnfs/sbnd/scratch/users/munjung/v10_06_00/raw-SBND_DATA_InTimeCosmics_offbeamlight/h5 (g4-raw-1_*.h5)
User memory budget: 37 GiB, currently used: 18 GiB
Converting 86414790_107 at Wed Sep  2 11:41:48 AM CDT 2026
FAILED 86414790_107 at Wed Sep  2 11:41:51 AM CDT 2026
PAUSE after 1 conversions: cooldown 30s + cleanup
Converting 86414795_112 at Wed Sep  2 11:42:23 AM CDT 2026
FAILED 86414795_112 at Wed Sep  2 11:42:24 AM CDT 2026
PAUSE after 1 conversions: cooldown 30s + cleanup
Finished at Wed Sep  2 11:42:59 AM CDT 2026
total=514 skipped=512 empty_skipped=0 converted=0 failed=2 workers=1
Starting batch (offbeamlight, tpc=1) at Wed Sep  2 11:46:56 AM CDT 2026 parallel=0 workers=1 pause_every=1
Input:  /pnfs/sbnd/scratch/users/munjung/v10_06_00/raw-SBND_DATA_InTimeCosmics_offbeamlight/waveforms
Output: /pnfs/sbnd/scratch/users/munjung/v10_06_00/raw-SBND_DATA_InTimeCosmics_offbeamlight/h5 (g4-raw-1_*.h5)
User memory budget: 37 GiB, currently used: 1 GiB
Converting 86414790_107 at Wed Sep  2 11:46:56 AM CDT 2026
FAILED 86414790_107 at Wed Sep  2 11:47:00 AM CDT 2026
PAUSE after 1 conversions: cooldown 30s + cleanup
Converting 86414795_112 at Wed Sep  2 11:47:32 AM CDT 2026
FAILED 86414795_112 at Wed Sep  2 11:47:33 AM CDT 2026
PAUSE after 1 conversions: cooldown 30s + cleanup
Finished at Wed Sep  2 11:48:08 AM CDT 2026
total=514 skipped=512 empty_skipped=0 converted=0 failed=2 workers=1
Starting batch (offbeamlight, tpc=1) at Wed Sep  2 11:51:58 AM CDT 2026 parallel=0 workers=1 pause_every=1
Input:  /pnfs/sbnd/scratch/users/munjung/v10_06_00/raw-SBND_DATA_InTimeCosmics_offbeamlight/waveforms
Output: /pnfs/sbnd/scratch/users/munjung/v10_06_00/raw-SBND_DATA_InTimeCosmics_offbeamlight/h5 (g4-raw-1_*.h5)
User memory budget: 37 GiB, currently used: 1 GiB
Converting 86414790_107 at Wed Sep  2 11:51:58 AM CDT 2026
FAILED 86414790_107 at Wed Sep  2 11:51:58 AM CDT 2026
PAUSE after 1 conversions: cooldown 30s + cleanup
Converting 86414795_112 at Wed Sep  2 11:52:31 AM CDT 2026
FAILED 86414795_112 at Wed Sep  2 11:52:31 AM CDT 2026
PAUSE after 1 conversions: cooldown 30s + cleanup
Finished at Wed Sep  2 11:53:06 AM CDT 2026
total=514 skipped=512 empty_skipped=0 converted=0 failed=2 workers=1
Starting batch (offbeamlight, tpc=1) at Wed Sep  2 11:57:00 AM CDT 2026 parallel=0 workers=1 pause_every=1
Input:  /pnfs/sbnd/scratch/users/munjung/v10_06_00/raw-SBND_DATA_InTimeCosmics_offbeamlight/waveforms
Output: /pnfs/sbnd/scratch/users/munjung/v10_06_00/raw-SBND_DATA_InTimeCosmics_offbeamlight/h5 (g4-raw-1_*.h5)
User memory budget: 37 GiB, currently used: 12 GiB
Converting 86414790_107 at Wed Sep  2 11:57:00 AM CDT 2026
FAILED 86414790_107 at Wed Sep  2 11:57:01 AM CDT 2026
PAUSE after 1 conversions: cooldown 30s + cleanup
Converting 86414795_112 at Wed Sep  2 11:57:33 AM CDT 2026
FAILED 86414795_112 at Wed Sep  2 11:57:34 AM CDT 2026
PAUSE after 1 conversions: cooldown 30s + cleanup
Finished at Wed Sep  2 11:58:11 AM CDT 2026
total=514 skipped=512 empty_skipped=0 converted=0 failed=2 workers=1
Starting batch (offbeamlight, tpc=1) at Wed Sep  2 12:02:03 PM CDT 2026 parallel=0 workers=1 pause_every=1
Input:  /pnfs/sbnd/scratch/users/munjung/v10_06_00/raw-SBND_DATA_InTimeCosmics_offbeamlight/waveforms
Output: /pnfs/sbnd/scratch/users/munjung/v10_06_00/raw-SBND_DATA_InTimeCosmics_offbeamlight/h5 (g4-raw-1_*.h5)
User memory budget: 37 GiB, currently used: 14 GiB
Converting 86414790_107 at Wed Sep  2 12:02:03 PM CDT 2026
FAILED 86414790_107 at Wed Sep  2 12:02:04 PM CDT 2026
PAUSE after 1 conversions: cooldown 30s + cleanup
Converting 86414795_112 at Wed Sep  2 12:02:36 PM CDT 2026
FAILED 86414795_112 at Wed Sep  2 12:02:36 PM CDT 2026
PAUSE after 1 conversions: cooldown 30s + cleanup
Finished at Wed Sep  2 12:03:12 PM CDT 2026
total=514 skipped=512 empty_skipped=0 converted=0 failed=2 workers=1
Starting batch (offbeamlight, tpc=1) at Wed Sep  2 12:07:05 PM CDT 2026 parallel=0 workers=1 pause_every=1
Input:  /pnfs/sbnd/scratch/users/munjung/v10_06_00/raw-SBND_DATA_InTimeCosmics_offbeamlight/waveforms
Output: /pnfs/sbnd/scratch/users/munjung/v10_06_00/raw-SBND_DATA_InTimeCosmics_offbeamlight/h5 (g4-raw-1_*.h5)
User memory budget: 37 GiB, currently used: 13 GiB
Converting 86414790_107 at Wed Sep  2 12:07:06 PM CDT 2026
FAILED 86414790_107 at Wed Sep  2 12:07:06 PM CDT 2026
PAUSE after 1 conversions: cooldown 30s + cleanup
Converting 86414795_112 at Wed Sep  2 12:07:39 PM CDT 2026
FAILED 86414795_112 at Wed Sep  2 12:07:39 PM CDT 2026
PAUSE after 1 conversions: cooldown 30s + cleanup
Finished at Wed Sep  2 12:08:15 PM CDT 2026
total=514 skipped=512 empty_skipped=0 converted=0 failed=2 workers=1
Starting batch (offbeamlight, tpc=1) at Wed Sep  2 12:12:08 PM CDT 2026 parallel=0 workers=1 pause_every=1
Input:  /pnfs/sbnd/scratch/users/munjung/v10_06_00/raw-SBND_DATA_InTimeCosmics_offbeamlight/waveforms
Output: /pnfs/sbnd/scratch/users/munjung/v10_06_00/raw-SBND_DATA_InTimeCosmics_offbeamlight/h5 (g4-raw-1_*.h5)
User memory budget: 37 GiB, currently used: 12 GiB
Converting 86414790_107 at Wed Sep  2 12:12:08 PM CDT 2026
FAILED 86414790_107 at Wed Sep  2 12:12:09 PM CDT 2026
PAUSE after 1 conversions: cooldown 30s + cleanup
Converting 86414795_112 at Wed Sep  2 12:12:41 PM CDT 2026
FAILED 86414795_112 at Wed Sep  2 12:12:42 PM CDT 2026
PAUSE after 1 conversions: cooldown 30s + cleanup
Finished at Wed Sep  2 12:13:17 PM CDT 2026
total=514 skipped=512 empty_skipped=0 converted=0 failed=2 workers=1
Starting batch (offbeamlight, tpc=1) at Wed Sep  2 12:17:11 PM CDT 2026 parallel=0 workers=1 pause_every=1
Input:  /pnfs/sbnd/scratch/users/munjung/v10_06_00/raw-SBND_DATA_InTimeCosmics_offbeamlight/waveforms
Output: /pnfs/sbnd/scratch/users/munjung/v10_06_00/raw-SBND_DATA_InTimeCosmics_offbeamlight/h5 (g4-raw-1_*.h5)
User memory budget: 37 GiB, currently used: 13 GiB
Converting 86414790_107 at Wed Sep  2 12:17:11 PM CDT 2026
FAILED 86414790_107 at Wed Sep  2 12:17:12 PM CDT 2026
PAUSE after 1 conversions: cooldown 30s + cleanup
Converting 86414795_112 at Wed Sep  2 12:17:44 PM CDT 2026
FAILED 86414795_112 at Wed Sep  2 12:17:44 PM CDT 2026
PAUSE after 1 conversions: cooldown 30s + cleanup
Finished at Wed Sep  2 12:18:20 PM CDT 2026
total=514 skipped=512 empty_skipped=0 converted=0 failed=2 workers=1
Starting batch (offbeamlight, tpc=1) at Wed Sep  2 12:22:13 PM CDT 2026 parallel=0 workers=1 pause_every=1
Input:  /pnfs/sbnd/scratch/users/munjung/v10_06_00/raw-SBND_DATA_InTimeCosmics_offbeamlight/waveforms
Output: /pnfs/sbnd/scratch/users/munjung/v10_06_00/raw-SBND_DATA_InTimeCosmics_offbeamlight/h5 (g4-raw-1_*.h5)
User memory budget: 37 GiB, currently used: 14 GiB
Converting 86414790_107 at Wed Sep  2 12:22:13 PM CDT 2026
FAILED 86414790_107 at Wed Sep  2 12:22:14 PM CDT 2026
PAUSE after 1 conversions: cooldown 30s + cleanup
Converting 86414795_112 at Wed Sep  2 12:22:46 PM CDT 2026
FAILED 86414795_112 at Wed Sep  2 12:22:47 PM CDT 2026
PAUSE after 1 conversions: cooldown 30s + cleanup
Finished at Wed Sep  2 12:23:23 PM CDT 2026
total=514 skipped=512 empty_skipped=0 converted=0 failed=2 workers=1
Starting batch (offbeamlight, tpc=1) at Wed Sep  2 12:27:16 PM CDT 2026 parallel=0 workers=1 pause_every=1
Input:  /pnfs/sbnd/scratch/users/munjung/v10_06_00/raw-SBND_DATA_InTimeCosmics_offbeamlight/waveforms
Output: /pnfs/sbnd/scratch/users/munjung/v10_06_00/raw-SBND_DATA_InTimeCosmics_offbeamlight/h5 (g4-raw-1_*.h5)
User memory budget: 37 GiB, currently used: 15 GiB
Converting 86414790_107 at Wed Sep  2 12:27:16 PM CDT 2026
FAILED 86414790_107 at Wed Sep  2 12:27:17 PM CDT 2026
PAUSE after 1 conversions: cooldown 30s + cleanup
Converting 86414795_112 at Wed Sep  2 12:27:49 PM CDT 2026
FAILED 86414795_112 at Wed Sep  2 12:27:50 PM CDT 2026
PAUSE after 1 conversions: cooldown 30s + cleanup
Finished at Wed Sep  2 12:28:25 PM CDT 2026
total=514 skipped=512 empty_skipped=0 converted=0 failed=2 workers=1
Starting batch (offbeamlight, tpc=1) at Wed Sep  2 12:32:18 PM CDT 2026 parallel=0 workers=1 pause_every=1
Input:  /pnfs/sbnd/scratch/users/munjung/v10_06_00/raw-SBND_DATA_InTimeCosmics_offbeamlight/waveforms
Output: /pnfs/sbnd/scratch/users/munjung/v10_06_00/raw-SBND_DATA_InTimeCosmics_offbeamlight/h5 (g4-raw-1_*.h5)
User memory budget: 37 GiB, currently used: 14 GiB
Converting 86414790_107 at Wed Sep  2 12:32:19 PM CDT 2026
FAILED 86414790_107 at Wed Sep  2 12:32:19 PM CDT 2026
PAUSE after 1 conversions: cooldown 30s + cleanup
Converting 86414795_112 at Wed Sep  2 12:32:52 PM CDT 2026
FAILED 86414795_112 at Wed Sep  2 12:32:52 PM CDT 2026
PAUSE after 1 conversions: cooldown 30s + cleanup
Finished at Wed Sep  2 12:33:28 PM CDT 2026
total=514 skipped=512 empty_skipped=0 converted=0 failed=2 workers=1
Starting batch (offbeamlight, tpc=1) at Wed Sep  2 12:37:21 PM CDT 2026 parallel=0 workers=1 pause_every=1
Input:  /pnfs/sbnd/scratch/users/munjung/v10_06_00/raw-SBND_DATA_InTimeCosmics_offbeamlight/waveforms
Output: /pnfs/sbnd/scratch/users/munjung/v10_06_00/raw-SBND_DATA_InTimeCosmics_offbeamlight/h5 (g4-raw-1_*.h5)
User memory budget: 37 GiB, currently used: 14 GiB
Converting 86414790_107 at Wed Sep  2 12:37:21 PM CDT 2026
FAILED 86414790_107 at Wed Sep  2 12:37:22 PM CDT 2026
PAUSE after 1 conversions: cooldown 30s + cleanup
Converting 86414795_112 at Wed Sep  2 12:37:54 PM CDT 2026
FAILED 86414795_112 at Wed Sep  2 12:37:55 PM CDT 2026
PAUSE after 1 conversions: cooldown 30s + cleanup
Finished at Wed Sep  2 12:38:31 PM CDT 2026
total=514 skipped=512 empty_skipped=0 converted=0 failed=2 workers=1
Starting batch (offbeamlight, tpc=1) at Wed Sep  2 12:42:24 PM CDT 2026 parallel=0 workers=1 pause_every=1
Input:  /pnfs/sbnd/scratch/users/munjung/v10_06_00/raw-SBND_DATA_InTimeCosmics_offbeamlight/waveforms
Output: /pnfs/sbnd/scratch/users/munjung/v10_06_00/raw-SBND_DATA_InTimeCosmics_offbeamlight/h5 (g4-raw-1_*.h5)
User memory budget: 37 GiB, currently used: 14 GiB
Converting 86414790_107 at Wed Sep  2 12:42:24 PM CDT 2026
FAILED 86414790_107 at Wed Sep  2 12:42:25 PM CDT 2026
PAUSE after 1 conversions: cooldown 30s + cleanup
Converting 86414795_112 at Wed Sep  2 12:42:57 PM CDT 2026
FAILED 86414795_112 at Wed Sep  2 12:42:58 PM CDT 2026
PAUSE after 1 conversions: cooldown 30s + cleanup
Finished at Wed Sep  2 12:43:33 PM CDT 2026
total=514 skipped=512 empty_skipped=0 converted=0 failed=2 workers=1
Starting batch (offbeamlight, tpc=1) at Wed Sep  2 12:52:28 PM CDT 2026 parallel=0 workers=1 pause_every=1
Input:  /pnfs/sbnd/scratch/users/munjung/v10_06_00/raw-SBND_DATA_InTimeCosmics_offbeamlight/waveforms
Output: /pnfs/sbnd/scratch/users/munjung/v10_06_00/raw-SBND_DATA_InTimeCosmics_offbeamlight/h5 (g4-raw-1_*.h5)
User memory budget: 37 GiB, currently used: 14 GiB
Converting 86414790_107 at Wed Sep  2 12:52:28 PM CDT 2026
FAILED 86414790_107 at Wed Sep  2 12:52:29 PM CDT 2026
PAUSE after 1 conversions: cooldown 30s + cleanup
Starting batch (offbeamlight, tpc=1) at Wed Sep  2 01:03:48 PM CDT 2026 parallel=0 workers=1 pause_every=1
Input:  /pnfs/sbnd/scratch/users/munjung/v10_06_00/raw-SBND_DATA_InTimeCosmics_offbeamlight/waveforms
Output: /pnfs/sbnd/scratch/users/munjung/v10_06_00/raw-SBND_DATA_InTimeCosmics_offbeamlight/h5 (g4-raw-1_*.h5)
User memory budget: 37 GiB, currently used: 15 GiB
Converting 86414790_107 at Wed Sep  2 01:03:48 PM CDT 2026
FAILED 86414790_107 at Wed Sep  2 01:03:49 PM CDT 2026
PAUSE after 1 conversions: cooldown 30s + cleanup
Starting batch (offbeamlight, tpc=1) at Wed Sep  2 01:20:09 PM CDT 2026 parallel=0 workers=1 pause_every=1
Input:  /pnfs/sbnd/scratch/users/munjung/v10_06_00/raw-SBND_DATA_InTimeCosmics_offbeamlight/waveforms
Output: /pnfs/sbnd/scratch/users/munjung/v10_06_00/raw-SBND_DATA_InTimeCosmics_offbeamlight/h5 (g4-raw-1_*.h5)
User memory budget: 37 GiB, currently used: 4 GiB
Converting 86414790_107 at Wed Sep  2 01:20:09 PM CDT 2026
FAILED 86414790_107 at Wed Sep  2 01:20:10 PM CDT 2026
PAUSE after 1 conversions: cooldown 30s + cleanup
Starting batch (offbeamlight, tpc=1) at Wed Sep  2 01:31:28 PM CDT 2026 parallel=0 workers=1 pause_every=1
Input:  /pnfs/sbnd/scratch/users/munjung/v10_06_00/raw-SBND_DATA_InTimeCosmics_offbeamlight/waveforms
Output: /pnfs/sbnd/scratch/users/munjung/v10_06_00/raw-SBND_DATA_InTimeCosmics_offbeamlight/h5 (g4-raw-1_*.h5)
User memory budget: 37 GiB, currently used: 4 GiB
Converting 86414790_107 at Wed Sep  2 01:31:28 PM CDT 2026
FAILED 86414790_107 at Wed Sep  2 01:31:29 PM CDT 2026
PAUSE after 1 conversions: cooldown 30s + cleanup
Converting 86414795_112 at Wed Sep  2 01:32:01 PM CDT 2026
FAILED 86414795_112 at Wed Sep  2 01:32:02 PM CDT 2026
PAUSE after 1 conversions: cooldown 30s + cleanup
Finished at Wed Sep  2 01:32:37 PM CDT 2026
total=514 skipped=512 empty_skipped=0 converted=0 failed=2 workers=1
Starting batch (offbeamlight, tpc=1) at Wed Sep  2 01:36:30 PM CDT 2026 parallel=0 workers=1 pause_every=1
Input:  /pnfs/sbnd/scratch/users/munjung/v10_06_00/raw-SBND_DATA_InTimeCosmics_offbeamlight/waveforms
Output: /pnfs/sbnd/scratch/users/munjung/v10_06_00/raw-SBND_DATA_InTimeCosmics_offbeamlight/h5 (g4-raw-1_*.h5)
User memory budget: 37 GiB, currently used: 5 GiB
Converting 86414790_107 at Wed Sep  2 01:36:30 PM CDT 2026
FAILED 86414790_107 at Wed Sep  2 01:36:31 PM CDT 2026
PAUSE after 1 conversions: cooldown 30s + cleanup
Converting 86414795_112 at Wed Sep  2 01:37:03 PM CDT 2026
FAILED 86414795_112 at Wed Sep  2 01:37:04 PM CDT 2026
PAUSE after 1 conversions: cooldown 30s + cleanup
Finished at Wed Sep  2 01:37:39 PM CDT 2026
total=514 skipped=512 empty_skipped=0 converted=0 failed=2 workers=1
Starting batch (offbeamlight, tpc=1) at Wed Sep  2 01:41:33 PM CDT 2026 parallel=0 workers=1 pause_every=1
Input:  /pnfs/sbnd/scratch/users/munjung/v10_06_00/raw-SBND_DATA_InTimeCosmics_offbeamlight/waveforms
Output: /pnfs/sbnd/scratch/users/munjung/v10_06_00/raw-SBND_DATA_InTimeCosmics_offbeamlight/h5 (g4-raw-1_*.h5)
User memory budget: 37 GiB, currently used: 5 GiB
Converting 86414790_107 at Wed Sep  2 01:41:33 PM CDT 2026
FAILED 86414790_107 at Wed Sep  2 01:41:34 PM CDT 2026
PAUSE after 1 conversions: cooldown 30s + cleanup
Converting 86414795_112 at Wed Sep  2 01:42:06 PM CDT 2026
FAILED 86414795_112 at Wed Sep  2 01:42:06 PM CDT 2026
PAUSE after 1 conversions: cooldown 30s + cleanup
Finished at Wed Sep  2 01:42:42 PM CDT 2026
total=514 skipped=512 empty_skipped=0 converted=0 failed=2 workers=1
Starting batch (offbeamlight, tpc=1) at Wed Sep  2 01:46:35 PM CDT 2026 parallel=0 workers=1 pause_every=1
Input:  /pnfs/sbnd/scratch/users/munjung/v10_06_00/raw-SBND_DATA_InTimeCosmics_offbeamlight/waveforms
Output: /pnfs/sbnd/scratch/users/munjung/v10_06_00/raw-SBND_DATA_InTimeCosmics_offbeamlight/h5 (g4-raw-1_*.h5)
User memory budget: 37 GiB, currently used: 5 GiB
Converting 86414790_107 at Wed Sep  2 01:46:35 PM CDT 2026
FAILED 86414790_107 at Wed Sep  2 01:46:36 PM CDT 2026
PAUSE after 1 conversions: cooldown 30s + cleanup
Converting 86414795_112 at Wed Sep  2 01:47:08 PM CDT 2026
FAILED 86414795_112 at Wed Sep  2 01:47:09 PM CDT 2026
PAUSE after 1 conversions: cooldown 30s + cleanup
Finished at Wed Sep  2 01:47:44 PM CDT 2026
total=514 skipped=512 empty_skipped=0 converted=0 failed=2 workers=1
Starting batch (offbeamlight, tpc=1) at Wed Sep  2 01:51:38 PM CDT 2026 parallel=0 workers=1 pause_every=1
Input:  /pnfs/sbnd/scratch/users/munjung/v10_06_00/raw-SBND_DATA_InTimeCosmics_offbeamlight/waveforms
Output: /pnfs/sbnd/scratch/users/munjung/v10_06_00/raw-SBND_DATA_InTimeCosmics_offbeamlight/h5 (g4-raw-1_*.h5)
User memory budget: 37 GiB, currently used: 5 GiB
Converting 86414790_107 at Wed Sep  2 01:51:38 PM CDT 2026
FAILED 86414790_107 at Wed Sep  2 01:51:39 PM CDT 2026
PAUSE after 1 conversions: cooldown 30s + cleanup
Converting 86414795_112 at Wed Sep  2 01:52:11 PM CDT 2026
FAILED 86414795_112 at Wed Sep  2 01:52:12 PM CDT 2026
PAUSE after 1 conversions: cooldown 30s + cleanup
Finished at Wed Sep  2 01:52:47 PM CDT 2026
total=514 skipped=512 empty_skipped=0 converted=0 failed=2 workers=1
Starting batch (offbeamlight, tpc=1) at Wed Sep  2 01:56:41 PM CDT 2026 parallel=0 workers=1 pause_every=1
Input:  /pnfs/sbnd/scratch/users/munjung/v10_06_00/raw-SBND_DATA_InTimeCosmics_offbeamlight/waveforms
Output: /pnfs/sbnd/scratch/users/munjung/v10_06_00/raw-SBND_DATA_InTimeCosmics_offbeamlight/h5 (g4-raw-1_*.h5)
User memory budget: 37 GiB, currently used: 5 GiB
Converting 86414790_107 at Wed Sep  2 01:56:42 PM CDT 2026
FAILED 86414790_107 at Wed Sep  2 01:56:43 PM CDT 2026
PAUSE after 1 conversions: cooldown 30s + cleanup
Converting 86414795_112 at Wed Sep  2 01:57:15 PM CDT 2026
FAILED 86414795_112 at Wed Sep  2 01:57:16 PM CDT 2026
PAUSE after 1 conversions: cooldown 30s + cleanup
Finished at Wed Sep  2 01:57:52 PM CDT 2026
total=514 skipped=512 empty_skipped=0 converted=0 failed=2 workers=1
Starting batch (offbeamlight, tpc=1) at Wed Sep  2 02:01:45 PM CDT 2026 parallel=0 workers=1 pause_every=1
Input:  /pnfs/sbnd/scratch/users/munjung/v10_06_00/raw-SBND_DATA_InTimeCosmics_offbeamlight/waveforms
Output: /pnfs/sbnd/scratch/users/munjung/v10_06_00/raw-SBND_DATA_InTimeCosmics_offbeamlight/h5 (g4-raw-1_*.h5)
User memory budget: 37 GiB, currently used: 5 GiB
Converting 86414790_107 at Wed Sep  2 02:01:45 PM CDT 2026
FAILED 86414790_107 at Wed Sep  2 02:01:46 PM CDT 2026
PAUSE after 1 conversions: cooldown 30s + cleanup
Converting 86414795_112 at Wed Sep  2 02:02:18 PM CDT 2026
FAILED 86414795_112 at Wed Sep  2 02:02:19 PM CDT 2026
PAUSE after 1 conversions: cooldown 30s + cleanup
Finished at Wed Sep  2 02:02:55 PM CDT 2026
total=514 skipped=512 empty_skipped=0 converted=0 failed=2 workers=1
Starting batch (offbeamlight, tpc=1) at Wed Sep  2 02:06:48 PM CDT 2026 parallel=0 workers=1 pause_every=1
Input:  /pnfs/sbnd/scratch/users/munjung/v10_06_00/raw-SBND_DATA_InTimeCosmics_offbeamlight/waveforms
Output: /pnfs/sbnd/scratch/users/munjung/v10_06_00/raw-SBND_DATA_InTimeCosmics_offbeamlight/h5 (g4-raw-1_*.h5)
User memory budget: 37 GiB, currently used: 5 GiB
Converting 86414790_107 at Wed Sep  2 02:06:49 PM CDT 2026
FAILED 86414790_107 at Wed Sep  2 02:06:50 PM CDT 2026
PAUSE after 1 conversions: cooldown 30s + cleanup
Converting 86414795_112 at Wed Sep  2 02:07:22 PM CDT 2026
FAILED 86414795_112 at Wed Sep  2 02:07:23 PM CDT 2026
PAUSE after 1 conversions: cooldown 30s + cleanup
Finished at Wed Sep  2 02:07:59 PM CDT 2026
total=514 skipped=512 empty_skipped=0 converted=0 failed=2 workers=1
Starting batch (offbeamlight, tpc=1) at Wed Sep  2 02:11:52 PM CDT 2026 parallel=0 workers=1 pause_every=1
Input:  /pnfs/sbnd/scratch/users/munjung/v10_06_00/raw-SBND_DATA_InTimeCosmics_offbeamlight/waveforms
Output: /pnfs/sbnd/scratch/users/munjung/v10_06_00/raw-SBND_DATA_InTimeCosmics_offbeamlight/h5 (g4-raw-1_*.h5)
User memory budget: 37 GiB, currently used: 5 GiB
Converting 86414790_107 at Wed Sep  2 02:11:52 PM CDT 2026
FAILED 86414790_107 at Wed Sep  2 02:11:54 PM CDT 2026
PAUSE after 1 conversions: cooldown 30s + cleanup
Converting 86414795_112 at Wed Sep  2 02:12:26 PM CDT 2026
FAILED 86414795_112 at Wed Sep  2 02:12:27 PM CDT 2026
PAUSE after 1 conversions: cooldown 30s + cleanup
Finished at Wed Sep  2 02:13:03 PM CDT 2026
total=514 skipped=512 empty_skipped=0 converted=0 failed=2 workers=1
Starting batch (offbeamlight, tpc=1) at Wed Sep  2 02:16:55 PM CDT 2026 parallel=0 workers=1 pause_every=1
Input:  /pnfs/sbnd/scratch/users/munjung/v10_06_00/raw-SBND_DATA_InTimeCosmics_offbeamlight/waveforms
Output: /pnfs/sbnd/scratch/users/munjung/v10_06_00/raw-SBND_DATA_InTimeCosmics_offbeamlight/h5 (g4-raw-1_*.h5)
User memory budget: 37 GiB, currently used: 5 GiB
Converting 86414790_107 at Wed Sep  2 02:16:55 PM CDT 2026
FAILED 86414790_107 at Wed Sep  2 02:16:56 PM CDT 2026
PAUSE after 1 conversions: cooldown 30s + cleanup
Converting 86414795_112 at Wed Sep  2 02:17:28 PM CDT 2026
FAILED 86414795_112 at Wed Sep  2 02:17:28 PM CDT 2026
PAUSE after 1 conversions: cooldown 30s + cleanup
Finished at Wed Sep  2 02:18:04 PM CDT 2026
total=514 skipped=512 empty_skipped=0 converted=0 failed=2 workers=1
Starting batch (offbeamlight, tpc=1) at Wed Sep  2 02:21:57 PM CDT 2026 parallel=0 workers=1 pause_every=1
Input:  /pnfs/sbnd/scratch/users/munjung/v10_06_00/raw-SBND_DATA_InTimeCosmics_offbeamlight/waveforms
Output: /pnfs/sbnd/scratch/users/munjung/v10_06_00/raw-SBND_DATA_InTimeCosmics_offbeamlight/h5 (g4-raw-1_*.h5)
User memory budget: 37 GiB, currently used: 5 GiB
Converting 86414790_107 at Wed Sep  2 02:21:57 PM CDT 2026
FAILED 86414790_107 at Wed Sep  2 02:21:58 PM CDT 2026
PAUSE after 1 conversions: cooldown 30s + cleanup
Converting 86414795_112 at Wed Sep  2 02:22:31 PM CDT 2026
FAILED 86414795_112 at Wed Sep  2 02:22:31 PM CDT 2026
PAUSE after 1 conversions: cooldown 30s + cleanup
Finished at Wed Sep  2 02:23:06 PM CDT 2026
total=514 skipped=512 empty_skipped=0 converted=0 failed=2 workers=1
Starting batch (offbeamlight, tpc=1) at Wed Sep  2 02:27:00 PM CDT 2026 parallel=0 workers=1 pause_every=1
Input:  /pnfs/sbnd/scratch/users/munjung/v10_06_00/raw-SBND_DATA_InTimeCosmics_offbeamlight/waveforms
Output: /pnfs/sbnd/scratch/users/munjung/v10_06_00/raw-SBND_DATA_InTimeCosmics_offbeamlight/h5 (g4-raw-1_*.h5)
User memory budget: 37 GiB, currently used: 5 GiB
Converting 86414790_107 at Wed Sep  2 02:27:00 PM CDT 2026
FAILED 86414790_107 at Wed Sep  2 02:27:01 PM CDT 2026
PAUSE after 1 conversions: cooldown 30s + cleanup
Converting 86414795_112 at Wed Sep  2 02:27:33 PM CDT 2026
FAILED 86414795_112 at Wed Sep  2 02:27:34 PM CDT 2026
PAUSE after 1 conversions: cooldown 30s + cleanup
Finished at Wed Sep  2 02:28:09 PM CDT 2026
total=514 skipped=512 empty_skipped=0 converted=0 failed=2 workers=1
Starting batch (offbeamlight, tpc=1) at Wed Sep  2 02:32:03 PM CDT 2026 parallel=0 workers=1 pause_every=1
Input:  /pnfs/sbnd/scratch/users/munjung/v10_06_00/raw-SBND_DATA_InTimeCosmics_offbeamlight/waveforms
Output: /pnfs/sbnd/scratch/users/munjung/v10_06_00/raw-SBND_DATA_InTimeCosmics_offbeamlight/h5 (g4-raw-1_*.h5)
User memory budget: 37 GiB, currently used: 5 GiB
Converting 86414790_107 at Wed Sep  2 02:32:03 PM CDT 2026
FAILED 86414790_107 at Wed Sep  2 02:32:04 PM CDT 2026
PAUSE after 1 conversions: cooldown 30s + cleanup
Converting 86414795_112 at Wed Sep  2 02:32:36 PM CDT 2026
FAILED 86414795_112 at Wed Sep  2 02:32:36 PM CDT 2026
PAUSE after 1 conversions: cooldown 30s + cleanup
Finished at Wed Sep  2 02:33:12 PM CDT 2026
total=514 skipped=512 empty_skipped=0 converted=0 failed=2 workers=1
Starting batch (offbeamlight, tpc=1) at Wed Sep  2 02:37:05 PM CDT 2026 parallel=0 workers=1 pause_every=1
Input:  /pnfs/sbnd/scratch/users/munjung/v10_06_00/raw-SBND_DATA_InTimeCosmics_offbeamlight/waveforms
Output: /pnfs/sbnd/scratch/users/munjung/v10_06_00/raw-SBND_DATA_InTimeCosmics_offbeamlight/h5 (g4-raw-1_*.h5)
User memory budget: 37 GiB, currently used: 5 GiB
Converting 86414790_107 at Wed Sep  2 02:37:06 PM CDT 2026
FAILED 86414790_107 at Wed Sep  2 02:37:06 PM CDT 2026
PAUSE after 1 conversions: cooldown 30s + cleanup
Converting 86414795_112 at Wed Sep  2 02:37:39 PM CDT 2026
FAILED 86414795_112 at Wed Sep  2 02:37:39 PM CDT 2026
PAUSE after 1 conversions: cooldown 30s + cleanup
Finished at Wed Sep  2 02:38:14 PM CDT 2026
total=514 skipped=512 empty_skipped=0 converted=0 failed=2 workers=1
Starting batch (offbeamlight, tpc=1) at Wed Sep  2 02:42:08 PM CDT 2026 parallel=0 workers=1 pause_every=1
Input:  /pnfs/sbnd/scratch/users/munjung/v10_06_00/raw-SBND_DATA_InTimeCosmics_offbeamlight/waveforms
Output: /pnfs/sbnd/scratch/users/munjung/v10_06_00/raw-SBND_DATA_InTimeCosmics_offbeamlight/h5 (g4-raw-1_*.h5)
User memory budget: 37 GiB, currently used: 5 GiB
Converting 86414790_107 at Wed Sep  2 02:42:08 PM CDT 2026
FAILED 86414790_107 at Wed Sep  2 02:42:09 PM CDT 2026
PAUSE after 1 conversions: cooldown 30s + cleanup
Converting 86414795_112 at Wed Sep  2 02:42:41 PM CDT 2026
FAILED 86414795_112 at Wed Sep  2 02:42:42 PM CDT 2026
PAUSE after 1 conversions: cooldown 30s + cleanup
Finished at Wed Sep  2 02:43:17 PM CDT 2026
total=514 skipped=512 empty_skipped=0 converted=0 failed=2 workers=1
Starting batch (offbeamlight, tpc=1) at Wed Sep  2 02:47:11 PM CDT 2026 parallel=0 workers=1 pause_every=1
Input:  /pnfs/sbnd/scratch/users/munjung/v10_06_00/raw-SBND_DATA_InTimeCosmics_offbeamlight/waveforms
Output: /pnfs/sbnd/scratch/users/munjung/v10_06_00/raw-SBND_DATA_InTimeCosmics_offbeamlight/h5 (g4-raw-1_*.h5)
User memory budget: 37 GiB, currently used: 5 GiB
Converting 86414790_107 at Wed Sep  2 02:47:11 PM CDT 2026
FAILED 86414790_107 at Wed Sep  2 02:47:12 PM CDT 2026
PAUSE after 1 conversions: cooldown 30s + cleanup
Converting 86414795_112 at Wed Sep  2 02:47:44 PM CDT 2026
FAILED 86414795_112 at Wed Sep  2 02:47:46 PM CDT 2026
PAUSE after 1 conversions: cooldown 30s + cleanup
Finished at Wed Sep  2 02:48:22 PM CDT 2026
total=514 skipped=512 empty_skipped=0 converted=0 failed=2 workers=1
Starting batch (offbeamlight, tpc=1) at Wed Sep  2 02:52:14 PM CDT 2026 parallel=0 workers=1 pause_every=1
Input:  /pnfs/sbnd/scratch/users/munjung/v10_06_00/raw-SBND_DATA_InTimeCosmics_offbeamlight/waveforms
Output: /pnfs/sbnd/scratch/users/munjung/v10_06_00/raw-SBND_DATA_InTimeCosmics_offbeamlight/h5 (g4-raw-1_*.h5)
User memory budget: 37 GiB, currently used: 5 GiB
Converting 86414790_107 at Wed Sep  2 02:52:14 PM CDT 2026
FAILED 86414790_107 at Wed Sep  2 02:52:15 PM CDT 2026
PAUSE after 1 conversions: cooldown 30s + cleanup
Converting 86414795_112 at Wed Sep  2 02:52:47 PM CDT 2026
FAILED 86414795_112 at Wed Sep  2 02:52:48 PM CDT 2026
PAUSE after 1 conversions: cooldown 30s + cleanup
Finished at Wed Sep  2 02:53:23 PM CDT 2026
total=514 skipped=512 empty_skipped=0 converted=0 failed=2 workers=1
Starting batch (offbeamlight, tpc=1) at Wed Sep  2 02:57:17 PM CDT 2026 parallel=0 workers=1 pause_every=1
Input:  /pnfs/sbnd/scratch/users/munjung/v10_06_00/raw-SBND_DATA_InTimeCosmics_offbeamlight/waveforms
Output: /pnfs/sbnd/scratch/users/munjung/v10_06_00/raw-SBND_DATA_InTimeCosmics_offbeamlight/h5 (g4-raw-1_*.h5)
User memory budget: 37 GiB, currently used: 5 GiB
Converting 86414790_107 at Wed Sep  2 02:57:17 PM CDT 2026
FAILED 86414790_107 at Wed Sep  2 02:57:18 PM CDT 2026
PAUSE after 1 conversions: cooldown 30s + cleanup
Converting 86414795_112 at Wed Sep  2 02:57:50 PM CDT 2026
FAILED 86414795_112 at Wed Sep  2 02:57:51 PM CDT 2026
PAUSE after 1 conversions: cooldown 30s + cleanup
Finished at Wed Sep  2 02:58:26 PM CDT 2026
total=514 skipped=512 empty_skipped=0 converted=0 failed=2 workers=1
Starting batch (offbeamlight, tpc=1) at Wed Sep  2 03:02:20 PM CDT 2026 parallel=0 workers=1 pause_every=1
Input:  /pnfs/sbnd/scratch/users/munjung/v10_06_00/raw-SBND_DATA_InTimeCosmics_offbeamlight/waveforms
Output: /pnfs/sbnd/scratch/users/munjung/v10_06_00/raw-SBND_DATA_InTimeCosmics_offbeamlight/h5 (g4-raw-1_*.h5)
User memory budget: 37 GiB, currently used: 5 GiB
Converting 86414790_107 at Wed Sep  2 03:02:20 PM CDT 2026
FAILED 86414790_107 at Wed Sep  2 03:02:20 PM CDT 2026
PAUSE after 1 conversions: cooldown 30s + cleanup
Converting 86414795_112 at Wed Sep  2 03:02:53 PM CDT 2026
FAILED 86414795_112 at Wed Sep  2 03:02:53 PM CDT 2026
PAUSE after 1 conversions: cooldown 30s + cleanup
Finished at Wed Sep  2 03:03:29 PM CDT 2026
total=514 skipped=512 empty_skipped=0 converted=0 failed=2 workers=1
Starting batch (offbeamlight, tpc=1) at Wed Sep  2 03:07:22 PM CDT 2026 parallel=0 workers=1 pause_every=1
Input:  /pnfs/sbnd/scratch/users/munjung/v10_06_00/raw-SBND_DATA_InTimeCosmics_offbeamlight/waveforms
Output: /pnfs/sbnd/scratch/users/munjung/v10_06_00/raw-SBND_DATA_InTimeCosmics_offbeamlight/h5 (g4-raw-1_*.h5)
User memory budget: 37 GiB, currently used: 5 GiB
Converting 86414790_107 at Wed Sep  2 03:07:22 PM CDT 2026
FAILED 86414790_107 at Wed Sep  2 03:07:23 PM CDT 2026
PAUSE after 1 conversions: cooldown 30s + cleanup
Converting 86414795_112 at Wed Sep  2 03:07:55 PM CDT 2026
FAILED 86414795_112 at Wed Sep  2 03:07:56 PM CDT 2026
PAUSE after 1 conversions: cooldown 30s + cleanup
Finished at Wed Sep  2 03:08:31 PM CDT 2026
total=514 skipped=512 empty_skipped=0 converted=0 failed=2 workers=1
Starting batch (offbeamlight, tpc=1) at Wed Sep  2 03:12:25 PM CDT 2026 parallel=0 workers=1 pause_every=1
Input:  /pnfs/sbnd/scratch/users/munjung/v10_06_00/raw-SBND_DATA_InTimeCosmics_offbeamlight/waveforms
Output: /pnfs/sbnd/scratch/users/munjung/v10_06_00/raw-SBND_DATA_InTimeCosmics_offbeamlight/h5 (g4-raw-1_*.h5)
User memory budget: 37 GiB, currently used: 5 GiB
Converting 86414790_107 at Wed Sep  2 03:12:25 PM CDT 2026
FAILED 86414790_107 at Wed Sep  2 03:12:26 PM CDT 2026
PAUSE after 1 conversions: cooldown 30s + cleanup
Converting 86414795_112 at Wed Sep  2 03:12:58 PM CDT 2026
FAILED 86414795_112 at Wed Sep  2 03:12:59 PM CDT 2026
PAUSE after 1 conversions: cooldown 30s + cleanup
Finished at Wed Sep  2 03:13:34 PM CDT 2026
total=514 skipped=512 empty_skipped=0 converted=0 failed=2 workers=1
Starting batch (offbeamlight, tpc=1) at Wed Sep  2 03:17:28 PM CDT 2026 parallel=0 workers=1 pause_every=1
Input:  /pnfs/sbnd/scratch/users/munjung/v10_06_00/raw-SBND_DATA_InTimeCosmics_offbeamlight/waveforms
Output: /pnfs/sbnd/scratch/users/munjung/v10_06_00/raw-SBND_DATA_InTimeCosmics_offbeamlight/h5 (g4-raw-1_*.h5)
User memory budget: 37 GiB, currently used: 5 GiB
Converting 86414790_107 at Wed Sep  2 03:17:28 PM CDT 2026
FAILED 86414790_107 at Wed Sep  2 03:17:29 PM CDT 2026
PAUSE after 1 conversions: cooldown 30s + cleanup
Converting 86414795_112 at Wed Sep  2 03:18:02 PM CDT 2026
FAILED 86414795_112 at Wed Sep  2 03:18:03 PM CDT 2026
PAUSE after 1 conversions: cooldown 30s + cleanup
Finished at Wed Sep  2 03:18:39 PM CDT 2026
total=514 skipped=512 empty_skipped=0 converted=0 failed=2 workers=1
Starting batch (offbeamlight, tpc=1) at Wed Sep  2 03:22:32 PM CDT 2026 parallel=0 workers=1 pause_every=1
Input:  /pnfs/sbnd/scratch/users/munjung/v10_06_00/raw-SBND_DATA_InTimeCosmics_offbeamlight/waveforms
Output: /pnfs/sbnd/scratch/users/munjung/v10_06_00/raw-SBND_DATA_InTimeCosmics_offbeamlight/h5 (g4-raw-1_*.h5)
User memory budget: 37 GiB, currently used: 5 GiB
Converting 86414790_107 at Wed Sep  2 03:22:32 PM CDT 2026
FAILED 86414790_107 at Wed Sep  2 03:22:33 PM CDT 2026
PAUSE after 1 conversions: cooldown 30s + cleanup
Converting 86414795_112 at Wed Sep  2 03:23:05 PM CDT 2026
FAILED 86414795_112 at Wed Sep  2 03:23:06 PM CDT 2026
PAUSE after 1 conversions: cooldown 30s + cleanup
Finished at Wed Sep  2 03:23:42 PM CDT 2026
total=514 skipped=512 empty_skipped=0 converted=0 failed=2 workers=1
Starting batch (offbeamlight, tpc=1) at Wed Sep  2 03:27:35 PM CDT 2026 parallel=0 workers=1 pause_every=1
Input:  /pnfs/sbnd/scratch/users/munjung/v10_06_00/raw-SBND_DATA_InTimeCosmics_offbeamlight/waveforms
Output: /pnfs/sbnd/scratch/users/munjung/v10_06_00/raw-SBND_DATA_InTimeCosmics_offbeamlight/h5 (g4-raw-1_*.h5)
User memory budget: 37 GiB, currently used: 5 GiB
Converting 86414790_107 at Wed Sep  2 03:27:35 PM CDT 2026
FAILED 86414790_107 at Wed Sep  2 03:27:36 PM CDT 2026
PAUSE after 1 conversions: cooldown 30s + cleanup
Converting 86414795_112 at Wed Sep  2 03:28:08 PM CDT 2026
FAILED 86414795_112 at Wed Sep  2 03:28:09 PM CDT 2026
PAUSE after 1 conversions: cooldown 30s + cleanup
Finished at Wed Sep  2 03:28:45 PM CDT 2026
total=514 skipped=512 empty_skipped=0 converted=0 failed=2 workers=1
Starting batch (offbeamlight, tpc=1) at Wed Sep  2 03:32:38 PM CDT 2026 parallel=0 workers=1 pause_every=1
Input:  /pnfs/sbnd/scratch/users/munjung/v10_06_00/raw-SBND_DATA_InTimeCosmics_offbeamlight/waveforms
Output: /pnfs/sbnd/scratch/users/munjung/v10_06_00/raw-SBND_DATA_InTimeCosmics_offbeamlight/h5 (g4-raw-1_*.h5)
User memory budget: 37 GiB, currently used: 5 GiB
Converting 86414790_107 at Wed Sep  2 03:32:39 PM CDT 2026
FAILED 86414790_107 at Wed Sep  2 03:32:40 PM CDT 2026
PAUSE after 1 conversions: cooldown 30s + cleanup
Converting 86414795_112 at Wed Sep  2 03:33:12 PM CDT 2026
FAILED 86414795_112 at Wed Sep  2 03:33:13 PM CDT 2026
PAUSE after 1 conversions: cooldown 30s + cleanup
Finished at Wed Sep  2 03:33:48 PM CDT 2026
total=514 skipped=512 empty_skipped=0 converted=0 failed=2 workers=1
Starting batch (offbeamlight, tpc=1) at Wed Sep  2 03:37:41 PM CDT 2026 parallel=0 workers=1 pause_every=1
Input:  /pnfs/sbnd/scratch/users/munjung/v10_06_00/raw-SBND_DATA_InTimeCosmics_offbeamlight/waveforms
Output: /pnfs/sbnd/scratch/users/munjung/v10_06_00/raw-SBND_DATA_InTimeCosmics_offbeamlight/h5 (g4-raw-1_*.h5)
User memory budget: 37 GiB, currently used: 5 GiB
Converting 86414790_107 at Wed Sep  2 03:37:41 PM CDT 2026
FAILED 86414790_107 at Wed Sep  2 03:37:42 PM CDT 2026
PAUSE after 1 conversions: cooldown 30s + cleanup
Converting 86414795_112 at Wed Sep  2 03:38:14 PM CDT 2026
FAILED 86414795_112 at Wed Sep  2 03:38:15 PM CDT 2026
PAUSE after 1 conversions: cooldown 30s + cleanup
Finished at Wed Sep  2 03:38:50 PM CDT 2026
total=514 skipped=512 empty_skipped=0 converted=0 failed=2 workers=1
Starting batch (offbeamlight, tpc=1) at Wed Sep  2 03:42:44 PM CDT 2026 parallel=0 workers=1 pause_every=1
Input:  /pnfs/sbnd/scratch/users/munjung/v10_06_00/raw-SBND_DATA_InTimeCosmics_offbeamlight/waveforms
Output: /pnfs/sbnd/scratch/users/munjung/v10_06_00/raw-SBND_DATA_InTimeCosmics_offbeamlight/h5 (g4-raw-1_*.h5)
User memory budget: 37 GiB, currently used: 5 GiB
Converting 86414790_107 at Wed Sep  2 03:42:44 PM CDT 2026
FAILED 86414790_107 at Wed Sep  2 03:42:44 PM CDT 2026
PAUSE after 1 conversions: cooldown 30s + cleanup
Converting 86414795_112 at Wed Sep  2 03:43:17 PM CDT 2026
FAILED 86414795_112 at Wed Sep  2 03:43:17 PM CDT 2026
PAUSE after 1 conversions: cooldown 30s + cleanup
Finished at Wed Sep  2 03:43:52 PM CDT 2026
total=514 skipped=512 empty_skipped=0 converted=0 failed=2 workers=1
Starting batch (offbeamlight, tpc=1) at Wed Sep  2 03:47:46 PM CDT 2026 parallel=0 workers=1 pause_every=1
Input:  /pnfs/sbnd/scratch/users/munjung/v10_06_00/raw-SBND_DATA_InTimeCosmics_offbeamlight/waveforms
Output: /pnfs/sbnd/scratch/users/munjung/v10_06_00/raw-SBND_DATA_InTimeCosmics_offbeamlight/h5 (g4-raw-1_*.h5)
User memory budget: 37 GiB, currently used: 5 GiB
Converting 86414790_107 at Wed Sep  2 03:47:46 PM CDT 2026
FAILED 86414790_107 at Wed Sep  2 03:47:47 PM CDT 2026
PAUSE after 1 conversions: cooldown 30s + cleanup
Converting 86414795_112 at Wed Sep  2 03:48:19 PM CDT 2026
FAILED 86414795_112 at Wed Sep  2 03:48:20 PM CDT 2026
PAUSE after 1 conversions: cooldown 30s + cleanup
Finished at Wed Sep  2 03:48:55 PM CDT 2026
total=514 skipped=512 empty_skipped=0 converted=0 failed=2 workers=1
Starting batch (offbeamlight, tpc=1) at Wed Sep  2 03:52:49 PM CDT 2026 parallel=0 workers=1 pause_every=1
Input:  /pnfs/sbnd/scratch/users/munjung/v10_06_00/raw-SBND_DATA_InTimeCosmics_offbeamlight/waveforms
Output: /pnfs/sbnd/scratch/users/munjung/v10_06_00/raw-SBND_DATA_InTimeCosmics_offbeamlight/h5 (g4-raw-1_*.h5)
User memory budget: 37 GiB, currently used: 5 GiB
Converting 86414790_107 at Wed Sep  2 03:52:49 PM CDT 2026
FAILED 86414790_107 at Wed Sep  2 03:52:50 PM CDT 2026
PAUSE after 1 conversions: cooldown 30s + cleanup
Converting 86414795_112 at Wed Sep  2 03:53:22 PM CDT 2026
FAILED 86414795_112 at Wed Sep  2 03:53:22 PM CDT 2026
PAUSE after 1 conversions: cooldown 30s + cleanup
Finished at Wed Sep  2 03:53:57 PM CDT 2026
total=514 skipped=512 empty_skipped=0 converted=0 failed=2 workers=1
Starting batch (offbeamlight, tpc=1) at Wed Sep  2 03:57:51 PM CDT 2026 parallel=0 workers=1 pause_every=1
Input:  /pnfs/sbnd/scratch/users/munjung/v10_06_00/raw-SBND_DATA_InTimeCosmics_offbeamlight/waveforms
Output: /pnfs/sbnd/scratch/users/munjung/v10_06_00/raw-SBND_DATA_InTimeCosmics_offbeamlight/h5 (g4-raw-1_*.h5)
User memory budget: 37 GiB, currently used: 5 GiB
Converting 86414790_107 at Wed Sep  2 03:57:51 PM CDT 2026
FAILED 86414790_107 at Wed Sep  2 03:57:52 PM CDT 2026
PAUSE after 1 conversions: cooldown 30s + cleanup
Converting 86414795_112 at Wed Sep  2 03:58:24 PM CDT 2026
FAILED 86414795_112 at Wed Sep  2 03:58:25 PM CDT 2026
PAUSE after 1 conversions: cooldown 30s + cleanup
Finished at Wed Sep  2 03:59:00 PM CDT 2026
total=514 skipped=512 empty_skipped=0 converted=0 failed=2 workers=1
Starting batch (offbeamlight, tpc=1) at Wed Sep  2 04:02:54 PM CDT 2026 parallel=0 workers=1 pause_every=1
Input:  /pnfs/sbnd/scratch/users/munjung/v10_06_00/raw-SBND_DATA_InTimeCosmics_offbeamlight/waveforms
Output: /pnfs/sbnd/scratch/users/munjung/v10_06_00/raw-SBND_DATA_InTimeCosmics_offbeamlight/h5 (g4-raw-1_*.h5)
User memory budget: 37 GiB, currently used: 5 GiB
Converting 86414790_107 at Wed Sep  2 04:02:54 PM CDT 2026
FAILED 86414790_107 at Wed Sep  2 04:02:55 PM CDT 2026
PAUSE after 1 conversions: cooldown 30s + cleanup
Converting 86414795_112 at Wed Sep  2 04:03:27 PM CDT 2026
FAILED 86414795_112 at Wed Sep  2 04:03:27 PM CDT 2026
PAUSE after 1 conversions: cooldown 30s + cleanup
Finished at Wed Sep  2 04:04:03 PM CDT 2026
total=514 skipped=512 empty_skipped=0 converted=0 failed=2 workers=1
Starting batch (offbeamlight, tpc=1) at Wed Sep  2 04:07:57 PM CDT 2026 parallel=0 workers=1 pause_every=1
Input:  /pnfs/sbnd/scratch/users/munjung/v10_06_00/raw-SBND_DATA_InTimeCosmics_offbeamlight/waveforms
Output: /pnfs/sbnd/scratch/users/munjung/v10_06_00/raw-SBND_DATA_InTimeCosmics_offbeamlight/h5 (g4-raw-1_*.h5)
User memory budget: 37 GiB, currently used: 5 GiB
Converting 86414790_107 at Wed Sep  2 04:07:57 PM CDT 2026
FAILED 86414790_107 at Wed Sep  2 04:07:57 PM CDT 2026
PAUSE after 1 conversions: cooldown 30s + cleanup
Converting 86414795_112 at Wed Sep  2 04:08:30 PM CDT 2026
FAILED 86414795_112 at Wed Sep  2 04:08:30 PM CDT 2026
PAUSE after 1 conversions: cooldown 30s + cleanup
Finished at Wed Sep  2 04:09:05 PM CDT 2026
total=514 skipped=512 empty_skipped=0 converted=0 failed=2 workers=1
Starting batch (offbeamlight, tpc=1) at Wed Sep  2 04:12:59 PM CDT 2026 parallel=0 workers=1 pause_every=1
Input:  /pnfs/sbnd/scratch/users/munjung/v10_06_00/raw-SBND_DATA_InTimeCosmics_offbeamlight/waveforms
Output: /pnfs/sbnd/scratch/users/munjung/v10_06_00/raw-SBND_DATA_InTimeCosmics_offbeamlight/h5 (g4-raw-1_*.h5)
User memory budget: 37 GiB, currently used: 7 GiB
Converting 86414790_107 at Wed Sep  2 04:12:59 PM CDT 2026
FAILED 86414790_107 at Wed Sep  2 04:13:00 PM CDT 2026
PAUSE after 1 conversions: cooldown 30s + cleanup
Converting 86414795_112 at Wed Sep  2 04:13:32 PM CDT 2026
FAILED 86414795_112 at Wed Sep  2 04:13:33 PM CDT 2026
PAUSE after 1 conversions: cooldown 30s + cleanup
Finished at Wed Sep  2 04:14:08 PM CDT 2026
total=514 skipped=512 empty_skipped=0 converted=0 failed=2 workers=1
Starting batch (offbeamlight, tpc=1) at Wed Sep  2 04:23:04 PM CDT 2026 parallel=0 workers=1 pause_every=1
Input:  /pnfs/sbnd/scratch/users/munjung/v10_06_00/raw-SBND_DATA_InTimeCosmics_offbeamlight/waveforms
Output: /pnfs/sbnd/scratch/users/munjung/v10_06_00/raw-SBND_DATA_InTimeCosmics_offbeamlight/h5 (g4-raw-1_*.h5)
User memory budget: 37 GiB, currently used: 7 GiB
Converting 86414790_107 at Wed Sep  2 04:23:04 PM CDT 2026
FAILED 86414790_107 at Wed Sep  2 04:23:05 PM CDT 2026
PAUSE after 1 conversions: cooldown 30s + cleanup
Starting batch (offbeamlight, tpc=1) at Wed Sep  2 04:40:39 PM CDT 2026 parallel=0 workers=1 pause_every=1
Input:  /pnfs/sbnd/scratch/users/munjung/v10_06_00/raw-SBND_DATA_InTimeCosmics_offbeamlight/waveforms
Output: /pnfs/sbnd/scratch/users/munjung/v10_06_00/raw-SBND_DATA_InTimeCosmics_offbeamlight/h5 (g4-raw-1_*.h5)
User memory budget: 37 GiB, currently used: 7 GiB
Converting 86414790_107 at Wed Sep  2 04:40:39 PM CDT 2026
FAILED 86414790_107 at Wed Sep  2 04:40:39 PM CDT 2026
PAUSE after 1 conversions: cooldown 30s + cleanup
Converting 86414795_112 at Wed Sep  2 04:41:12 PM CDT 2026
FAILED 86414795_112 at Wed Sep  2 04:41:12 PM CDT 2026
PAUSE after 1 conversions: cooldown 30s + cleanup
Finished at Wed Sep  2 04:41:47 PM CDT 2026
total=514 skipped=512 empty_skipped=0 converted=0 failed=2 workers=1
Starting batch (offbeamlight, tpc=1) at Wed Sep  2 05:17:07 PM CDT 2026 parallel=0 workers=1 pause_every=1
Input:  /pnfs/sbnd/scratch/users/munjung/v10_06_00/raw-SBND_DATA_InTimeCosmics_offbeamlight/waveforms
Output: /pnfs/sbnd/scratch/users/munjung/v10_06_00/raw-SBND_DATA_InTimeCosmics_offbeamlight/h5 (g4-raw-1_*.h5)
User memory budget: 37 GiB, currently used: 8 GiB
Converting 86414790_107 at Wed Sep  2 05:17:07 PM CDT 2026
FAILED 86414790_107 at Wed Sep  2 05:17:07 PM CDT 2026
PAUSE after 1 conversions: cooldown 30s + cleanup
Converting 86414795_112 at Wed Sep  2 05:17:40 PM CDT 2026
FAILED 86414795_112 at Wed Sep  2 05:17:40 PM CDT 2026
PAUSE after 1 conversions: cooldown 30s + cleanup
Finished at Wed Sep  2 05:18:16 PM CDT 2026
total=514 skipped=512 empty_skipped=0 converted=0 failed=2 workers=1
Starting batch (offbeamlight, tpc=1) at Wed Sep  2 05:33:27 PM CDT 2026 parallel=0 workers=1 pause_every=1
Input:  /pnfs/sbnd/scratch/users/munjung/v10_06_00/raw-SBND_DATA_InTimeCosmics_offbeamlight/waveforms
Output: /pnfs/sbnd/scratch/users/munjung/v10_06_00/raw-SBND_DATA_InTimeCosmics_offbeamlight/h5 (g4-raw-1_*.h5)
User memory budget: 37 GiB, currently used: 10 GiB
Converting 86414790_107 at Wed Sep  2 05:33:28 PM CDT 2026
FAILED 86414790_107 at Wed Sep  2 05:33:28 PM CDT 2026
PAUSE after 1 conversions: cooldown 30s + cleanup
Converting 86414795_112 at Wed Sep  2 05:34:00 PM CDT 2026
FAILED 86414795_112 at Wed Sep  2 05:34:01 PM CDT 2026
PAUSE after 1 conversions: cooldown 30s + cleanup
Finished at Wed Sep  2 05:34:36 PM CDT 2026
total=514 skipped=512 empty_skipped=0 converted=0 failed=2 workers=1
Starting batch (offbeamlight, tpc=1) at Wed Sep  2 05:53:36 PM CDT 2026 parallel=0 workers=1 pause_every=1
Input:  /pnfs/sbnd/scratch/users/munjung/v10_06_00/raw-SBND_DATA_InTimeCosmics_offbeamlight/waveforms
Output: /pnfs/sbnd/scratch/users/munjung/v10_06_00/raw-SBND_DATA_InTimeCosmics_offbeamlight/h5 (g4-raw-1_*.h5)
User memory budget: 37 GiB, currently used: 10 GiB
Converting 86414790_107 at Wed Sep  2 05:53:36 PM CDT 2026
FAILED 86414790_107 at Wed Sep  2 05:53:37 PM CDT 2026
PAUSE after 1 conversions: cooldown 30s + cleanup
Converting 86414795_112 at Wed Sep  2 05:54:09 PM CDT 2026
FAILED 86414795_112 at Wed Sep  2 05:54:09 PM CDT 2026
PAUSE after 1 conversions: cooldown 30s + cleanup
Finished at Wed Sep  2 05:54:44 PM CDT 2026
total=514 skipped=512 empty_skipped=0 converted=0 failed=2 workers=1
Starting batch (offbeamlight, tpc=1) at Wed Sep  2 05:58:38 PM CDT 2026 parallel=0 workers=1 pause_every=1
Input:  /pnfs/sbnd/scratch/users/munjung/v10_06_00/raw-SBND_DATA_InTimeCosmics_offbeamlight/waveforms
Output: /pnfs/sbnd/scratch/users/munjung/v10_06_00/raw-SBND_DATA_InTimeCosmics_offbeamlight/h5 (g4-raw-1_*.h5)
User memory budget: 37 GiB, currently used: 10 GiB
Converting 86414790_107 at Wed Sep  2 05:58:38 PM CDT 2026
FAILED 86414790_107 at Wed Sep  2 05:58:39 PM CDT 2026
PAUSE after 1 conversions: cooldown 30s + cleanup
Converting 86414795_112 at Wed Sep  2 05:59:11 PM CDT 2026
FAILED 86414795_112 at Wed Sep  2 05:59:12 PM CDT 2026
PAUSE after 1 conversions: cooldown 30s + cleanup
Finished at Wed Sep  2 05:59:47 PM CDT 2026
total=514 skipped=512 empty_skipped=0 converted=0 failed=2 workers=1
Starting batch (offbeamlight, tpc=1) at Wed Sep  2 06:03:41 PM CDT 2026 parallel=0 workers=1 pause_every=1
Input:  /pnfs/sbnd/scratch/users/munjung/v10_06_00/raw-SBND_DATA_InTimeCosmics_offbeamlight/waveforms
Output: /pnfs/sbnd/scratch/users/munjung/v10_06_00/raw-SBND_DATA_InTimeCosmics_offbeamlight/h5 (g4-raw-1_*.h5)
User memory budget: 37 GiB, currently used: 10 GiB
Converting 86414790_107 at Wed Sep  2 06:03:41 PM CDT 2026
FAILED 86414790_107 at Wed Sep  2 06:03:41 PM CDT 2026
PAUSE after 1 conversions: cooldown 30s + cleanup
Converting 86414795_112 at Wed Sep  2 06:04:14 PM CDT 2026
FAILED 86414795_112 at Wed Sep  2 06:04:14 PM CDT 2026
PAUSE after 1 conversions: cooldown 30s + cleanup
Finished at Wed Sep  2 06:04:50 PM CDT 2026
total=514 skipped=512 empty_skipped=0 converted=0 failed=2 workers=1
Starting batch (offbeamlight, tpc=1) at Wed Sep  2 06:08:43 PM CDT 2026 parallel=0 workers=1 pause_every=1
Input:  /pnfs/sbnd/scratch/users/munjung/v10_06_00/raw-SBND_DATA_InTimeCosmics_offbeamlight/waveforms
Output: /pnfs/sbnd/scratch/users/munjung/v10_06_00/raw-SBND_DATA_InTimeCosmics_offbeamlight/h5 (g4-raw-1_*.h5)
User memory budget: 37 GiB, currently used: 10 GiB
Converting 86414790_107 at Wed Sep  2 06:08:43 PM CDT 2026
FAILED 86414790_107 at Wed Sep  2 06:08:44 PM CDT 2026
PAUSE after 1 conversions: cooldown 30s + cleanup
Converting 86414795_112 at Wed Sep  2 06:09:16 PM CDT 2026
FAILED 86414795_112 at Wed Sep  2 06:09:17 PM CDT 2026
PAUSE after 1 conversions: cooldown 30s + cleanup
Finished at Wed Sep  2 06:09:52 PM CDT 2026
total=514 skipped=512 empty_skipped=0 converted=0 failed=2 workers=1
Starting batch (offbeamlight, tpc=1) at Wed Sep  2 06:13:46 PM CDT 2026 parallel=0 workers=1 pause_every=1
Input:  /pnfs/sbnd/scratch/users/munjung/v10_06_00/raw-SBND_DATA_InTimeCosmics_offbeamlight/waveforms
Output: /pnfs/sbnd/scratch/users/munjung/v10_06_00/raw-SBND_DATA_InTimeCosmics_offbeamlight/h5 (g4-raw-1_*.h5)
User memory budget: 37 GiB, currently used: 10 GiB
Converting 86414790_107 at Wed Sep  2 06:13:46 PM CDT 2026
FAILED 86414790_107 at Wed Sep  2 06:13:47 PM CDT 2026
PAUSE after 1 conversions: cooldown 30s + cleanup
Converting 86414795_112 at Wed Sep  2 06:14:19 PM CDT 2026
FAILED 86414795_112 at Wed Sep  2 06:14:19 PM CDT 2026
PAUSE after 1 conversions: cooldown 30s + cleanup
Finished at Wed Sep  2 06:14:55 PM CDT 2026
total=514 skipped=512 empty_skipped=0 converted=0 failed=2 workers=1
Starting batch (offbeamlight, tpc=1) at Wed Sep  2 06:18:48 PM CDT 2026 parallel=0 workers=1 pause_every=1
Input:  /pnfs/sbnd/scratch/users/munjung/v10_06_00/raw-SBND_DATA_InTimeCosmics_offbeamlight/waveforms
Output: /pnfs/sbnd/scratch/users/munjung/v10_06_00/raw-SBND_DATA_InTimeCosmics_offbeamlight/h5 (g4-raw-1_*.h5)
User memory budget: 37 GiB, currently used: 10 GiB
Converting 86414790_107 at Wed Sep  2 06:18:49 PM CDT 2026
FAILED 86414790_107 at Wed Sep  2 06:18:49 PM CDT 2026
PAUSE after 1 conversions: cooldown 30s + cleanup
Converting 86414795_112 at Wed Sep  2 06:19:21 PM CDT 2026
FAILED 86414795_112 at Wed Sep  2 06:19:22 PM CDT 2026
PAUSE after 1 conversions: cooldown 30s + cleanup
Finished at Wed Sep  2 06:19:57 PM CDT 2026
total=514 skipped=512 empty_skipped=0 converted=0 failed=2 workers=1
Starting batch (offbeamlight, tpc=1) at Wed Sep  2 06:23:51 PM CDT 2026 parallel=0 workers=1 pause_every=1
Input:  /pnfs/sbnd/scratch/users/munjung/v10_06_00/raw-SBND_DATA_InTimeCosmics_offbeamlight/waveforms
Output: /pnfs/sbnd/scratch/users/munjung/v10_06_00/raw-SBND_DATA_InTimeCosmics_offbeamlight/h5 (g4-raw-1_*.h5)
User memory budget: 37 GiB, currently used: 10 GiB
Converting 86414790_107 at Wed Sep  2 06:23:51 PM CDT 2026
FAILED 86414790_107 at Wed Sep  2 06:23:52 PM CDT 2026
PAUSE after 1 conversions: cooldown 30s + cleanup
Converting 86414795_112 at Wed Sep  2 06:24:24 PM CDT 2026
FAILED 86414795_112 at Wed Sep  2 06:24:25 PM CDT 2026
PAUSE after 1 conversions: cooldown 30s + cleanup
Finished at Wed Sep  2 06:25:00 PM CDT 2026
total=514 skipped=512 empty_skipped=0 converted=0 failed=2 workers=1
Starting batch (offbeamlight, tpc=1) at Wed Sep  2 06:28:54 PM CDT 2026 parallel=0 workers=1 pause_every=1
Input:  /pnfs/sbnd/scratch/users/munjung/v10_06_00/raw-SBND_DATA_InTimeCosmics_offbeamlight/waveforms
Output: /pnfs/sbnd/scratch/users/munjung/v10_06_00/raw-SBND_DATA_InTimeCosmics_offbeamlight/h5 (g4-raw-1_*.h5)
User memory budget: 37 GiB, currently used: 10 GiB
Converting 86414790_107 at Wed Sep  2 06:28:54 PM CDT 2026
FAILED 86414790_107 at Wed Sep  2 06:28:54 PM CDT 2026
PAUSE after 1 conversions: cooldown 30s + cleanup
Converting 86414795_112 at Wed Sep  2 06:29:27 PM CDT 2026
FAILED 86414795_112 at Wed Sep  2 06:29:27 PM CDT 2026
PAUSE after 1 conversions: cooldown 30s + cleanup
Finished at Wed Sep  2 06:30:02 PM CDT 2026
total=514 skipped=512 empty_skipped=0 converted=0 failed=2 workers=1
Starting batch (offbeamlight, tpc=1) at Wed Sep  2 06:33:56 PM CDT 2026 parallel=0 workers=1 pause_every=1
Input:  /pnfs/sbnd/scratch/users/munjung/v10_06_00/raw-SBND_DATA_InTimeCosmics_offbeamlight/waveforms
Output: /pnfs/sbnd/scratch/users/munjung/v10_06_00/raw-SBND_DATA_InTimeCosmics_offbeamlight/h5 (g4-raw-1_*.h5)
User memory budget: 37 GiB, currently used: 10 GiB
Converting 86414790_107 at Wed Sep  2 06:33:56 PM CDT 2026
FAILED 86414790_107 at Wed Sep  2 06:33:57 PM CDT 2026
PAUSE after 1 conversions: cooldown 30s + cleanup
Converting 86414795_112 at Wed Sep  2 06:34:29 PM CDT 2026
FAILED 86414795_112 at Wed Sep  2 06:34:30 PM CDT 2026
PAUSE after 1 conversions: cooldown 30s + cleanup
Finished at Wed Sep  2 06:35:05 PM CDT 2026
total=514 skipped=512 empty_skipped=0 converted=0 failed=2 workers=1
Starting batch (offbeamlight, tpc=1) at Wed Sep  2 06:38:59 PM CDT 2026 parallel=0 workers=1 pause_every=1
Input:  /pnfs/sbnd/scratch/users/munjung/v10_06_00/raw-SBND_DATA_InTimeCosmics_offbeamlight/waveforms
Output: /pnfs/sbnd/scratch/users/munjung/v10_06_00/raw-SBND_DATA_InTimeCosmics_offbeamlight/h5 (g4-raw-1_*.h5)
User memory budget: 37 GiB, currently used: 10 GiB
Converting 86414790_107 at Wed Sep  2 06:38:59 PM CDT 2026
FAILED 86414790_107 at Wed Sep  2 06:39:00 PM CDT 2026
PAUSE after 1 conversions: cooldown 30s + cleanup
Converting 86414795_112 at Wed Sep  2 06:39:32 PM CDT 2026
FAILED 86414795_112 at Wed Sep  2 06:39:32 PM CDT 2026
PAUSE after 1 conversions: cooldown 30s + cleanup
Finished at Wed Sep  2 06:40:08 PM CDT 2026
total=514 skipped=512 empty_skipped=0 converted=0 failed=2 workers=1
Starting batch (offbeamlight, tpc=1) at Wed Sep  2 06:44:01 PM CDT 2026 parallel=0 workers=1 pause_every=1
Input:  /pnfs/sbnd/scratch/users/munjung/v10_06_00/raw-SBND_DATA_InTimeCosmics_offbeamlight/waveforms
Output: /pnfs/sbnd/scratch/users/munjung/v10_06_00/raw-SBND_DATA_InTimeCosmics_offbeamlight/h5 (g4-raw-1_*.h5)
User memory budget: 37 GiB, currently used: 10 GiB
Converting 86414790_107 at Wed Sep  2 06:44:01 PM CDT 2026
FAILED 86414790_107 at Wed Sep  2 06:44:02 PM CDT 2026
PAUSE after 1 conversions: cooldown 30s + cleanup
Converting 86414795_112 at Wed Sep  2 06:44:34 PM CDT 2026
FAILED 86414795_112 at Wed Sep  2 06:44:35 PM CDT 2026
PAUSE after 1 conversions: cooldown 30s + cleanup
Finished at Wed Sep  2 06:45:10 PM CDT 2026
total=514 skipped=512 empty_skipped=0 converted=0 failed=2 workers=1
Starting batch (offbeamlight, tpc=1) at Wed Sep  2 06:49:04 PM CDT 2026 parallel=0 workers=1 pause_every=1
Input:  /pnfs/sbnd/scratch/users/munjung/v10_06_00/raw-SBND_DATA_InTimeCosmics_offbeamlight/waveforms
Output: /pnfs/sbnd/scratch/users/munjung/v10_06_00/raw-SBND_DATA_InTimeCosmics_offbeamlight/h5 (g4-raw-1_*.h5)
User memory budget: 37 GiB, currently used: 10 GiB
Converting 86414790_107 at Wed Sep  2 06:49:04 PM CDT 2026
FAILED 86414790_107 at Wed Sep  2 06:49:05 PM CDT 2026
PAUSE after 1 conversions: cooldown 30s + cleanup
Converting 86414795_112 at Wed Sep  2 06:49:37 PM CDT 2026
FAILED 86414795_112 at Wed Sep  2 06:49:37 PM CDT 2026
PAUSE after 1 conversions: cooldown 30s + cleanup
Finished at Wed Sep  2 06:50:13 PM CDT 2026
total=514 skipped=512 empty_skipped=0 converted=0 failed=2 workers=1
Starting batch (offbeamlight, tpc=1) at Wed Sep  2 06:54:06 PM CDT 2026 parallel=0 workers=1 pause_every=1
Input:  /pnfs/sbnd/scratch/users/munjung/v10_06_00/raw-SBND_DATA_InTimeCosmics_offbeamlight/waveforms
Output: /pnfs/sbnd/scratch/users/munjung/v10_06_00/raw-SBND_DATA_InTimeCosmics_offbeamlight/h5 (g4-raw-1_*.h5)
User memory budget: 37 GiB, currently used: 10 GiB
Converting 86414790_107 at Wed Sep  2 06:54:06 PM CDT 2026
FAILED 86414790_107 at Wed Sep  2 06:54:07 PM CDT 2026
PAUSE after 1 conversions: cooldown 30s + cleanup
Converting 86414795_112 at Wed Sep  2 06:54:39 PM CDT 2026
FAILED 86414795_112 at Wed Sep  2 06:54:40 PM CDT 2026
PAUSE after 1 conversions: cooldown 30s + cleanup
Finished at Wed Sep  2 06:55:15 PM CDT 2026
total=514 skipped=512 empty_skipped=0 converted=0 failed=2 workers=1
Starting batch (offbeamlight, tpc=1) at Wed Sep  2 06:59:09 PM CDT 2026 parallel=0 workers=1 pause_every=1
Input:  /pnfs/sbnd/scratch/users/munjung/v10_06_00/raw-SBND_DATA_InTimeCosmics_offbeamlight/waveforms
Output: /pnfs/sbnd/scratch/users/munjung/v10_06_00/raw-SBND_DATA_InTimeCosmics_offbeamlight/h5 (g4-raw-1_*.h5)
User memory budget: 37 GiB, currently used: 10 GiB
Converting 86414790_107 at Wed Sep  2 06:59:09 PM CDT 2026
FAILED 86414790_107 at Wed Sep  2 06:59:10 PM CDT 2026
PAUSE after 1 conversions: cooldown 30s + cleanup
Converting 86414795_112 at Wed Sep  2 06:59:42 PM CDT 2026
FAILED 86414795_112 at Wed Sep  2 06:59:42 PM CDT 2026
PAUSE after 1 conversions: cooldown 30s + cleanup
Finished at Wed Sep  2 07:00:18 PM CDT 2026
total=514 skipped=512 empty_skipped=0 converted=0 failed=2 workers=1
Starting batch (offbeamlight, tpc=1) at Wed Sep  2 07:04:11 PM CDT 2026 parallel=0 workers=1 pause_every=1
Input:  /pnfs/sbnd/scratch/users/munjung/v10_06_00/raw-SBND_DATA_InTimeCosmics_offbeamlight/waveforms
Output: /pnfs/sbnd/scratch/users/munjung/v10_06_00/raw-SBND_DATA_InTimeCosmics_offbeamlight/h5 (g4-raw-1_*.h5)
User memory budget: 37 GiB, currently used: 10 GiB
Converting 86414790_107 at Wed Sep  2 07:04:11 PM CDT 2026
FAILED 86414790_107 at Wed Sep  2 07:04:12 PM CDT 2026
PAUSE after 1 conversions: cooldown 30s + cleanup
Converting 86414795_112 at Wed Sep  2 07:04:44 PM CDT 2026
FAILED 86414795_112 at Wed Sep  2 07:04:45 PM CDT 2026
PAUSE after 1 conversions: cooldown 30s + cleanup
Finished at Wed Sep  2 07:05:20 PM CDT 2026
total=514 skipped=512 empty_skipped=0 converted=0 failed=2 workers=1
Starting batch (offbeamlight, tpc=1) at Wed Sep  2 07:09:14 PM CDT 2026 parallel=0 workers=1 pause_every=1
Input:  /pnfs/sbnd/scratch/users/munjung/v10_06_00/raw-SBND_DATA_InTimeCosmics_offbeamlight/waveforms
Output: /pnfs/sbnd/scratch/users/munjung/v10_06_00/raw-SBND_DATA_InTimeCosmics_offbeamlight/h5 (g4-raw-1_*.h5)
User memory budget: 37 GiB, currently used: 11 GiB
Converting 86414790_107 at Wed Sep  2 07:09:14 PM CDT 2026
FAILED 86414790_107 at Wed Sep  2 07:09:15 PM CDT 2026
PAUSE after 1 conversions: cooldown 30s + cleanup
Converting 86414795_112 at Wed Sep  2 07:09:47 PM CDT 2026
FAILED 86414795_112 at Wed Sep  2 07:09:47 PM CDT 2026
PAUSE after 1 conversions: cooldown 30s + cleanup
Finished at Wed Sep  2 07:10:23 PM CDT 2026
total=514 skipped=512 empty_skipped=0 converted=0 failed=2 workers=1
Starting batch (offbeamlight, tpc=1) at Wed Sep  2 07:14:16 PM CDT 2026 parallel=0 workers=1 pause_every=1
Input:  /pnfs/sbnd/scratch/users/munjung/v10_06_00/raw-SBND_DATA_InTimeCosmics_offbeamlight/waveforms
Output: /pnfs/sbnd/scratch/users/munjung/v10_06_00/raw-SBND_DATA_InTimeCosmics_offbeamlight/h5 (g4-raw-1_*.h5)
User memory budget: 37 GiB, currently used: 10 GiB
Converting 86414790_107 at Wed Sep  2 07:14:17 PM CDT 2026
FAILED 86414790_107 at Wed Sep  2 07:14:17 PM CDT 2026
PAUSE after 1 conversions: cooldown 30s + cleanup
Converting 86414795_112 at Wed Sep  2 07:14:49 PM CDT 2026
FAILED 86414795_112 at Wed Sep  2 07:14:50 PM CDT 2026
PAUSE after 1 conversions: cooldown 30s + cleanup
Finished at Wed Sep  2 07:15:25 PM CDT 2026
total=514 skipped=512 empty_skipped=0 converted=0 failed=2 workers=1
Starting batch (offbeamlight, tpc=1) at Wed Sep  2 07:19:19 PM CDT 2026 parallel=0 workers=1 pause_every=1
Input:  /pnfs/sbnd/scratch/users/munjung/v10_06_00/raw-SBND_DATA_InTimeCosmics_offbeamlight/waveforms
Output: /pnfs/sbnd/scratch/users/munjung/v10_06_00/raw-SBND_DATA_InTimeCosmics_offbeamlight/h5 (g4-raw-1_*.h5)
User memory budget: 37 GiB, currently used: 10 GiB
Converting 86414790_107 at Wed Sep  2 07:19:19 PM CDT 2026
FAILED 86414790_107 at Wed Sep  2 07:19:20 PM CDT 2026
PAUSE after 1 conversions: cooldown 30s + cleanup
Converting 86414795_112 at Wed Sep  2 07:19:52 PM CDT 2026
FAILED 86414795_112 at Wed Sep  2 07:19:52 PM CDT 2026
PAUSE after 1 conversions: cooldown 30s + cleanup
Finished at Wed Sep  2 07:20:28 PM CDT 2026
total=514 skipped=512 empty_skipped=0 converted=0 failed=2 workers=1
Starting batch (offbeamlight, tpc=1) at Wed Sep  2 07:24:21 PM CDT 2026 parallel=0 workers=1 pause_every=1
Input:  /pnfs/sbnd/scratch/users/munjung/v10_06_00/raw-SBND_DATA_InTimeCosmics_offbeamlight/waveforms
Output: /pnfs/sbnd/scratch/users/munjung/v10_06_00/raw-SBND_DATA_InTimeCosmics_offbeamlight/h5 (g4-raw-1_*.h5)
User memory budget: 37 GiB, currently used: 11 GiB
Converting 86414790_107 at Wed Sep  2 07:24:21 PM CDT 2026
FAILED 86414790_107 at Wed Sep  2 07:24:22 PM CDT 2026
PAUSE after 1 conversions: cooldown 30s + cleanup
Converting 86414795_112 at Wed Sep  2 07:24:54 PM CDT 2026
FAILED 86414795_112 at Wed Sep  2 07:24:55 PM CDT 2026
PAUSE after 1 conversions: cooldown 30s + cleanup
Finished at Wed Sep  2 07:25:30 PM CDT 2026
total=514 skipped=512 empty_skipped=0 converted=0 failed=2 workers=1
Starting batch (offbeamlight, tpc=1) at Wed Sep  2 07:29:24 PM CDT 2026 parallel=0 workers=1 pause_every=1
Input:  /pnfs/sbnd/scratch/users/munjung/v10_06_00/raw-SBND_DATA_InTimeCosmics_offbeamlight/waveforms
Output: /pnfs/sbnd/scratch/users/munjung/v10_06_00/raw-SBND_DATA_InTimeCosmics_offbeamlight/h5 (g4-raw-1_*.h5)
User memory budget: 37 GiB, currently used: 10 GiB
Converting 86414790_107 at Wed Sep  2 07:29:24 PM CDT 2026
FAILED 86414790_107 at Wed Sep  2 07:29:24 PM CDT 2026
PAUSE after 1 conversions: cooldown 30s + cleanup
Converting 86414795_112 at Wed Sep  2 07:29:57 PM CDT 2026
FAILED 86414795_112 at Wed Sep  2 07:29:57 PM CDT 2026
PAUSE after 1 conversions: cooldown 30s + cleanup
Finished at Wed Sep  2 07:30:32 PM CDT 2026
total=514 skipped=512 empty_skipped=0 converted=0 failed=2 workers=1
Starting batch (offbeamlight, tpc=1) at Wed Sep  2 07:34:26 PM CDT 2026 parallel=0 workers=1 pause_every=1
Input:  /pnfs/sbnd/scratch/users/munjung/v10_06_00/raw-SBND_DATA_InTimeCosmics_offbeamlight/waveforms
Output: /pnfs/sbnd/scratch/users/munjung/v10_06_00/raw-SBND_DATA_InTimeCosmics_offbeamlight/h5 (g4-raw-1_*.h5)
User memory budget: 37 GiB, currently used: 10 GiB
Converting 86414790_107 at Wed Sep  2 07:34:26 PM CDT 2026
FAILED 86414790_107 at Wed Sep  2 07:34:27 PM CDT 2026
PAUSE after 1 conversions: cooldown 30s + cleanup
Converting 86414795_112 at Wed Sep  2 07:34:59 PM CDT 2026
FAILED 86414795_112 at Wed Sep  2 07:35:00 PM CDT 2026
PAUSE after 1 conversions: cooldown 30s + cleanup
Finished at Wed Sep  2 07:35:35 PM CDT 2026
total=514 skipped=512 empty_skipped=0 converted=0 failed=2 workers=1
Starting batch (offbeamlight, tpc=1) at Wed Sep  2 07:39:29 PM CDT 2026 parallel=0 workers=1 pause_every=1
Input:  /pnfs/sbnd/scratch/users/munjung/v10_06_00/raw-SBND_DATA_InTimeCosmics_offbeamlight/waveforms
Output: /pnfs/sbnd/scratch/users/munjung/v10_06_00/raw-SBND_DATA_InTimeCosmics_offbeamlight/h5 (g4-raw-1_*.h5)
User memory budget: 37 GiB, currently used: 10 GiB
Converting 86414790_107 at Wed Sep  2 07:39:29 PM CDT 2026
FAILED 86414790_107 at Wed Sep  2 07:39:29 PM CDT 2026
PAUSE after 1 conversions: cooldown 30s + cleanup
Converting 86414795_112 at Wed Sep  2 07:40:02 PM CDT 2026
FAILED 86414795_112 at Wed Sep  2 07:40:02 PM CDT 2026
PAUSE after 1 conversions: cooldown 30s + cleanup
Finished at Wed Sep  2 07:40:37 PM CDT 2026
total=514 skipped=512 empty_skipped=0 converted=0 failed=2 workers=1
Starting batch (offbeamlight, tpc=1) at Wed Sep  2 07:44:31 PM CDT 2026 parallel=0 workers=1 pause_every=1
Input:  /pnfs/sbnd/scratch/users/munjung/v10_06_00/raw-SBND_DATA_InTimeCosmics_offbeamlight/waveforms
Output: /pnfs/sbnd/scratch/users/munjung/v10_06_00/raw-SBND_DATA_InTimeCosmics_offbeamlight/h5 (g4-raw-1_*.h5)
User memory budget: 37 GiB, currently used: 10 GiB
Converting 86414790_107 at Wed Sep  2 07:44:31 PM CDT 2026
FAILED 86414790_107 at Wed Sep  2 07:44:32 PM CDT 2026
PAUSE after 1 conversions: cooldown 30s + cleanup
Converting 86414795_112 at Wed Sep  2 07:45:04 PM CDT 2026
FAILED 86414795_112 at Wed Sep  2 07:45:05 PM CDT 2026
PAUSE after 1 conversions: cooldown 30s + cleanup
Finished at Wed Sep  2 07:45:40 PM CDT 2026
total=514 skipped=512 empty_skipped=0 converted=0 failed=2 workers=1
Starting batch (offbeamlight, tpc=1) at Wed Sep  2 07:49:34 PM CDT 2026 parallel=0 workers=1 pause_every=1
Input:  /pnfs/sbnd/scratch/users/munjung/v10_06_00/raw-SBND_DATA_InTimeCosmics_offbeamlight/waveforms
Output: /pnfs/sbnd/scratch/users/munjung/v10_06_00/raw-SBND_DATA_InTimeCosmics_offbeamlight/h5 (g4-raw-1_*.h5)
User memory budget: 37 GiB, currently used: 11 GiB
Converting 86414790_107 at Wed Sep  2 07:49:34 PM CDT 2026
FAILED 86414790_107 at Wed Sep  2 07:49:34 PM CDT 2026
PAUSE after 1 conversions: cooldown 30s + cleanup
Converting 86414795_112 at Wed Sep  2 07:50:07 PM CDT 2026
FAILED 86414795_112 at Wed Sep  2 07:50:07 PM CDT 2026
PAUSE after 1 conversions: cooldown 30s + cleanup
Finished at Wed Sep  2 07:50:42 PM CDT 2026
total=514 skipped=512 empty_skipped=0 converted=0 failed=2 workers=1
Starting batch (offbeamlight, tpc=1) at Wed Sep  2 07:54:36 PM CDT 2026 parallel=0 workers=1 pause_every=1
Input:  /pnfs/sbnd/scratch/users/munjung/v10_06_00/raw-SBND_DATA_InTimeCosmics_offbeamlight/waveforms
Output: /pnfs/sbnd/scratch/users/munjung/v10_06_00/raw-SBND_DATA_InTimeCosmics_offbeamlight/h5 (g4-raw-1_*.h5)
User memory budget: 37 GiB, currently used: 10 GiB
Converting 86414790_107 at Wed Sep  2 07:54:36 PM CDT 2026
FAILED 86414790_107 at Wed Sep  2 07:54:37 PM CDT 2026
PAUSE after 1 conversions: cooldown 30s + cleanup
Converting 86414795_112 at Wed Sep  2 07:55:09 PM CDT 2026
FAILED 86414795_112 at Wed Sep  2 07:55:10 PM CDT 2026
PAUSE after 1 conversions: cooldown 30s + cleanup
Finished at Wed Sep  2 07:55:45 PM CDT 2026
total=514 skipped=512 empty_skipped=0 converted=0 failed=2 workers=1
Starting batch (offbeamlight, tpc=1) at Wed Sep  2 07:59:39 PM CDT 2026 parallel=0 workers=1 pause_every=1
Input:  /pnfs/sbnd/scratch/users/munjung/v10_06_00/raw-SBND_DATA_InTimeCosmics_offbeamlight/waveforms
Output: /pnfs/sbnd/scratch/users/munjung/v10_06_00/raw-SBND_DATA_InTimeCosmics_offbeamlight/h5 (g4-raw-1_*.h5)
User memory budget: 37 GiB, currently used: 10 GiB
Converting 86414790_107 at Wed Sep  2 07:59:39 PM CDT 2026
FAILED 86414790_107 at Wed Sep  2 07:59:40 PM CDT 2026
PAUSE after 1 conversions: cooldown 30s + cleanup
Converting 86414795_112 at Wed Sep  2 08:00:12 PM CDT 2026
FAILED 86414795_112 at Wed Sep  2 08:00:12 PM CDT 2026
PAUSE after 1 conversions: cooldown 30s + cleanup
Finished at Wed Sep  2 08:00:48 PM CDT 2026
total=514 skipped=512 empty_skipped=0 converted=0 failed=2 workers=1
Starting batch (offbeamlight, tpc=1) at Wed Sep  2 08:04:41 PM CDT 2026 parallel=0 workers=1 pause_every=1
Input:  /pnfs/sbnd/scratch/users/munjung/v10_06_00/raw-SBND_DATA_InTimeCosmics_offbeamlight/waveforms
Output: /pnfs/sbnd/scratch/users/munjung/v10_06_00/raw-SBND_DATA_InTimeCosmics_offbeamlight/h5 (g4-raw-1_*.h5)
User memory budget: 37 GiB, currently used: 10 GiB
Converting 86414790_107 at Wed Sep  2 08:04:41 PM CDT 2026
FAILED 86414790_107 at Wed Sep  2 08:04:42 PM CDT 2026
PAUSE after 1 conversions: cooldown 30s + cleanup
Converting 86414795_112 at Wed Sep  2 08:05:14 PM CDT 2026
FAILED 86414795_112 at Wed Sep  2 08:05:15 PM CDT 2026
PAUSE after 1 conversions: cooldown 30s + cleanup
Finished at Wed Sep  2 08:05:50 PM CDT 2026
total=514 skipped=512 empty_skipped=0 converted=0 failed=2 workers=1
Starting batch (offbeamlight, tpc=1) at Wed Sep  2 08:09:44 PM CDT 2026 parallel=0 workers=1 pause_every=1
Input:  /pnfs/sbnd/scratch/users/munjung/v10_06_00/raw-SBND_DATA_InTimeCosmics_offbeamlight/waveforms
Output: /pnfs/sbnd/scratch/users/munjung/v10_06_00/raw-SBND_DATA_InTimeCosmics_offbeamlight/h5 (g4-raw-1_*.h5)
User memory budget: 37 GiB, currently used: 10 GiB
Converting 86414790_107 at Wed Sep  2 08:09:44 PM CDT 2026
FAILED 86414790_107 at Wed Sep  2 08:09:44 PM CDT 2026
PAUSE after 1 conversions: cooldown 30s + cleanup
Converting 86414795_112 at Wed Sep  2 08:10:17 PM CDT 2026
FAILED 86414795_112 at Wed Sep  2 08:10:17 PM CDT 2026
PAUSE after 1 conversions: cooldown 30s + cleanup
Finished at Wed Sep  2 08:10:52 PM CDT 2026
total=514 skipped=512 empty_skipped=0 converted=0 failed=2 workers=1
Starting batch (offbeamlight, tpc=1) at Wed Sep  2 08:14:46 PM CDT 2026 parallel=0 workers=1 pause_every=1
Input:  /pnfs/sbnd/scratch/users/munjung/v10_06_00/raw-SBND_DATA_InTimeCosmics_offbeamlight/waveforms
Output: /pnfs/sbnd/scratch/users/munjung/v10_06_00/raw-SBND_DATA_InTimeCosmics_offbeamlight/h5 (g4-raw-1_*.h5)
User memory budget: 37 GiB, currently used: 10 GiB
Converting 86414790_107 at Wed Sep  2 08:14:46 PM CDT 2026
FAILED 86414790_107 at Wed Sep  2 08:14:47 PM CDT 2026
PAUSE after 1 conversions: cooldown 30s + cleanup
Converting 86414795_112 at Wed Sep  2 08:15:19 PM CDT 2026
FAILED 86414795_112 at Wed Sep  2 08:15:20 PM CDT 2026
PAUSE after 1 conversions: cooldown 30s + cleanup
Finished at Wed Sep  2 08:15:55 PM CDT 2026
total=514 skipped=512 empty_skipped=0 converted=0 failed=2 workers=1
Starting batch (offbeamlight, tpc=1) at Wed Sep  2 08:19:49 PM CDT 2026 parallel=0 workers=1 pause_every=1
Input:  /pnfs/sbnd/scratch/users/munjung/v10_06_00/raw-SBND_DATA_InTimeCosmics_offbeamlight/waveforms
Output: /pnfs/sbnd/scratch/users/munjung/v10_06_00/raw-SBND_DATA_InTimeCosmics_offbeamlight/h5 (g4-raw-1_*.h5)
User memory budget: 37 GiB, currently used: 10 GiB
Converting 86414790_107 at Wed Sep  2 08:19:49 PM CDT 2026
FAILED 86414790_107 at Wed Sep  2 08:19:50 PM CDT 2026
PAUSE after 1 conversions: cooldown 30s + cleanup
Converting 86414795_112 at Wed Sep  2 08:20:22 PM CDT 2026
FAILED 86414795_112 at Wed Sep  2 08:20:23 PM CDT 2026
PAUSE after 1 conversions: cooldown 30s + cleanup
Finished at Wed Sep  2 08:20:58 PM CDT 2026
total=514 skipped=512 empty_skipped=0 converted=0 failed=2 workers=1
Starting batch (offbeamlight, tpc=1) at Wed Sep  2 08:24:51 PM CDT 2026 parallel=0 workers=1 pause_every=1
Input:  /pnfs/sbnd/scratch/users/munjung/v10_06_00/raw-SBND_DATA_InTimeCosmics_offbeamlight/waveforms
Output: /pnfs/sbnd/scratch/users/munjung/v10_06_00/raw-SBND_DATA_InTimeCosmics_offbeamlight/h5 (g4-raw-1_*.h5)
User memory budget: 37 GiB, currently used: 10 GiB
Converting 86414790_107 at Wed Sep  2 08:24:51 PM CDT 2026
FAILED 86414790_107 at Wed Sep  2 08:24:52 PM CDT 2026
PAUSE after 1 conversions: cooldown 30s + cleanup
Converting 86414795_112 at Wed Sep  2 08:25:24 PM CDT 2026
FAILED 86414795_112 at Wed Sep  2 08:25:25 PM CDT 2026
PAUSE after 1 conversions: cooldown 30s + cleanup
Finished at Wed Sep  2 08:26:00 PM CDT 2026
total=514 skipped=512 empty_skipped=0 converted=0 failed=2 workers=1
Starting batch (offbeamlight, tpc=1) at Wed Sep  2 08:29:53 PM CDT 2026 parallel=0 workers=1 pause_every=1
Input:  /pnfs/sbnd/scratch/users/munjung/v10_06_00/raw-SBND_DATA_InTimeCosmics_offbeamlight/waveforms
Output: /pnfs/sbnd/scratch/users/munjung/v10_06_00/raw-SBND_DATA_InTimeCosmics_offbeamlight/h5 (g4-raw-1_*.h5)
User memory budget: 37 GiB, currently used: 10 GiB
Converting 86414790_107 at Wed Sep  2 08:29:54 PM CDT 2026
FAILED 86414790_107 at Wed Sep  2 08:29:54 PM CDT 2026
PAUSE after 1 conversions: cooldown 30s + cleanup
Converting 86414795_112 at Wed Sep  2 08:30:26 PM CDT 2026
FAILED 86414795_112 at Wed Sep  2 08:30:27 PM CDT 2026
PAUSE after 1 conversions: cooldown 30s + cleanup
Finished at Wed Sep  2 08:31:02 PM CDT 2026
total=514 skipped=512 empty_skipped=0 converted=0 failed=2 workers=1
Starting batch (offbeamlight, tpc=1) at Wed Sep  2 08:39:58 PM CDT 2026 parallel=0 workers=1 pause_every=1
Input:  /pnfs/sbnd/scratch/users/munjung/v10_06_00/raw-SBND_DATA_InTimeCosmics_offbeamlight/waveforms
Output: /pnfs/sbnd/scratch/users/munjung/v10_06_00/raw-SBND_DATA_InTimeCosmics_offbeamlight/h5 (g4-raw-1_*.h5)
User memory budget: 37 GiB, currently used: 10 GiB
Converting 86414790_107 at Wed Sep  2 08:39:58 PM CDT 2026
FAILED 86414790_107 at Wed Sep  2 08:39:59 PM CDT 2026
PAUSE after 1 conversions: cooldown 30s + cleanup
Starting batch (offbeamlight, tpc=1) at Wed Sep  2 08:56:18 PM CDT 2026 parallel=0 workers=1 pause_every=1
Input:  /pnfs/sbnd/scratch/users/munjung/v10_06_00/raw-SBND_DATA_InTimeCosmics_offbeamlight/waveforms
Output: /pnfs/sbnd/scratch/users/munjung/v10_06_00/raw-SBND_DATA_InTimeCosmics_offbeamlight/h5 (g4-raw-1_*.h5)
User memory budget: 37 GiB, currently used: 10 GiB
Converting 86414790_107 at Wed Sep  2 08:56:18 PM CDT 2026
FAILED 86414790_107 at Wed Sep  2 08:56:19 PM CDT 2026
PAUSE after 1 conversions: cooldown 30s + cleanup
Starting batch (offbeamlight, tpc=1) at Wed Sep  2 09:12:43 PM CDT 2026 parallel=0 workers=1 pause_every=1
Input:  /pnfs/sbnd/scratch/users/munjung/v10_06_00/raw-SBND_DATA_InTimeCosmics_offbeamlight/waveforms
Output: /pnfs/sbnd/scratch/users/munjung/v10_06_00/raw-SBND_DATA_InTimeCosmics_offbeamlight/h5 (g4-raw-1_*.h5)
User memory budget: 37 GiB, currently used: 10 GiB
Converting 86414790_107 at Wed Sep  2 09:12:43 PM CDT 2026
FAILED 86414790_107 at Wed Sep  2 09:12:44 PM CDT 2026
PAUSE after 1 conversions: cooldown 30s + cleanup
Converting 86414795_112 at Wed Sep  2 09:13:16 PM CDT 2026
FAILED 86414795_112 at Wed Sep  2 09:13:16 PM CDT 2026
PAUSE after 1 conversions: cooldown 30s + cleanup
Finished at Wed Sep  2 09:13:52 PM CDT 2026
total=514 skipped=512 empty_skipped=0 converted=0 failed=2 workers=1
Starting batch (offbeamlight, tpc=1) at Wed Sep  2 09:17:45 PM CDT 2026 parallel=0 workers=1 pause_every=1
Input:  /pnfs/sbnd/scratch/users/munjung/v10_06_00/raw-SBND_DATA_InTimeCosmics_offbeamlight/waveforms
Output: /pnfs/sbnd/scratch/users/munjung/v10_06_00/raw-SBND_DATA_InTimeCosmics_offbeamlight/h5 (g4-raw-1_*.h5)
User memory budget: 37 GiB, currently used: 10 GiB
Converting 86414790_107 at Wed Sep  2 09:17:45 PM CDT 2026
FAILED 86414790_107 at Wed Sep  2 09:17:46 PM CDT 2026
PAUSE after 1 conversions: cooldown 30s + cleanup
Converting 86414795_112 at Wed Sep  2 09:18:18 PM CDT 2026
FAILED 86414795_112 at Wed Sep  2 09:18:19 PM CDT 2026
PAUSE after 1 conversions: cooldown 30s + cleanup
Finished at Wed Sep  2 09:18:54 PM CDT 2026
total=514 skipped=512 empty_skipped=0 converted=0 failed=2 workers=1
Starting batch (offbeamlight, tpc=1) at Wed Sep  2 09:22:47 PM CDT 2026 parallel=0 workers=1 pause_every=1
Input:  /pnfs/sbnd/scratch/users/munjung/v10_06_00/raw-SBND_DATA_InTimeCosmics_offbeamlight/waveforms
Output: /pnfs/sbnd/scratch/users/munjung/v10_06_00/raw-SBND_DATA_InTimeCosmics_offbeamlight/h5 (g4-raw-1_*.h5)
User memory budget: 37 GiB, currently used: 10 GiB
Converting 86414790_107 at Wed Sep  2 09:22:48 PM CDT 2026
FAILED 86414790_107 at Wed Sep  2 09:22:48 PM CDT 2026
PAUSE after 1 conversions: cooldown 30s + cleanup
Converting 86414795_112 at Wed Sep  2 09:23:21 PM CDT 2026
FAILED 86414795_112 at Wed Sep  2 09:23:21 PM CDT 2026
PAUSE after 1 conversions: cooldown 30s + cleanup
Finished at Wed Sep  2 09:23:56 PM CDT 2026
total=514 skipped=512 empty_skipped=0 converted=0 failed=2 workers=1
Starting batch (offbeamlight, tpc=1) at Wed Sep  2 09:27:50 PM CDT 2026 parallel=0 workers=1 pause_every=1
Input:  /pnfs/sbnd/scratch/users/munjung/v10_06_00/raw-SBND_DATA_InTimeCosmics_offbeamlight/waveforms
Output: /pnfs/sbnd/scratch/users/munjung/v10_06_00/raw-SBND_DATA_InTimeCosmics_offbeamlight/h5 (g4-raw-1_*.h5)
User memory budget: 37 GiB, currently used: 10 GiB
Converting 86414790_107 at Wed Sep  2 09:27:50 PM CDT 2026
FAILED 86414790_107 at Wed Sep  2 09:27:51 PM CDT 2026
PAUSE after 1 conversions: cooldown 30s + cleanup
Converting 86414795_112 at Wed Sep  2 09:28:23 PM CDT 2026
FAILED 86414795_112 at Wed Sep  2 09:28:24 PM CDT 2026
PAUSE after 1 conversions: cooldown 30s + cleanup
Finished at Wed Sep  2 09:28:59 PM CDT 2026
total=514 skipped=512 empty_skipped=0 converted=0 failed=2 workers=1
Starting batch (offbeamlight, tpc=1) at Wed Sep  2 09:32:52 PM CDT 2026 parallel=0 workers=1 pause_every=1
Input:  /pnfs/sbnd/scratch/users/munjung/v10_06_00/raw-SBND_DATA_InTimeCosmics_offbeamlight/waveforms
Output: /pnfs/sbnd/scratch/users/munjung/v10_06_00/raw-SBND_DATA_InTimeCosmics_offbeamlight/h5 (g4-raw-1_*.h5)
User memory budget: 37 GiB, currently used: 10 GiB
Converting 86414790_107 at Wed Sep  2 09:32:52 PM CDT 2026
FAILED 86414790_107 at Wed Sep  2 09:32:53 PM CDT 2026
PAUSE after 1 conversions: cooldown 30s + cleanup
Converting 86414795_112 at Wed Sep  2 09:33:25 PM CDT 2026
FAILED 86414795_112 at Wed Sep  2 09:33:26 PM CDT 2026
PAUSE after 1 conversions: cooldown 30s + cleanup
Finished at Wed Sep  2 09:34:01 PM CDT 2026
total=514 skipped=512 empty_skipped=0 converted=0 failed=2 workers=1
Starting batch (offbeamlight, tpc=1) at Wed Sep  2 09:37:55 PM CDT 2026 parallel=0 workers=1 pause_every=1
Input:  /pnfs/sbnd/scratch/users/munjung/v10_06_00/raw-SBND_DATA_InTimeCosmics_offbeamlight/waveforms
Output: /pnfs/sbnd/scratch/users/munjung/v10_06_00/raw-SBND_DATA_InTimeCosmics_offbeamlight/h5 (g4-raw-1_*.h5)
User memory budget: 37 GiB, currently used: 10 GiB
Converting 86414790_107 at Wed Sep  2 09:37:55 PM CDT 2026
FAILED 86414790_107 at Wed Sep  2 09:37:56 PM CDT 2026
PAUSE after 1 conversions: cooldown 30s + cleanup
Converting 86414795_112 at Wed Sep  2 09:38:28 PM CDT 2026
FAILED 86414795_112 at Wed Sep  2 09:38:29 PM CDT 2026
PAUSE after 1 conversions: cooldown 30s + cleanup
Finished at Wed Sep  2 09:39:04 PM CDT 2026
total=514 skipped=512 empty_skipped=0 converted=0 failed=2 workers=1
Starting batch (offbeamlight, tpc=1) at Wed Sep  2 09:42:57 PM CDT 2026 parallel=0 workers=1 pause_every=1
Input:  /pnfs/sbnd/scratch/users/munjung/v10_06_00/raw-SBND_DATA_InTimeCosmics_offbeamlight/waveforms
Output: /pnfs/sbnd/scratch/users/munjung/v10_06_00/raw-SBND_DATA_InTimeCosmics_offbeamlight/h5 (g4-raw-1_*.h5)
User memory budget: 37 GiB, currently used: 10 GiB
Converting 86414790_107 at Wed Sep  2 09:42:57 PM CDT 2026
FAILED 86414790_107 at Wed Sep  2 09:42:58 PM CDT 2026
PAUSE after 1 conversions: cooldown 30s + cleanup
Converting 86414795_112 at Wed Sep  2 09:43:30 PM CDT 2026
FAILED 86414795_112 at Wed Sep  2 09:43:31 PM CDT 2026
PAUSE after 1 conversions: cooldown 30s + cleanup
Finished at Wed Sep  2 09:44:06 PM CDT 2026
total=514 skipped=512 empty_skipped=0 converted=0 failed=2 workers=1
Starting batch (offbeamlight, tpc=1) at Wed Sep  2 09:48:44 PM CDT 2026 parallel=0 workers=1 pause_every=1
Input:  /pnfs/sbnd/scratch/users/munjung/v10_06_00/raw-SBND_DATA_InTimeCosmics_offbeamlight/waveforms
Output: /pnfs/sbnd/scratch/users/munjung/v10_06_00/raw-SBND_DATA_InTimeCosmics_offbeamlight/h5 (g4-raw-1_*.h5)
User memory budget: 37 GiB, currently used: 11 GiB
Converting 86414790_107 at Wed Sep  2 09:48:45 PM CDT 2026
FAILED 86414790_107 at Wed Sep  2 09:48:45 PM CDT 2026
PAUSE after 1 conversions: cooldown 30s + cleanup
Converting 86414795_112 at Wed Sep  2 09:49:17 PM CDT 2026
FAILED 86414795_112 at Wed Sep  2 09:49:18 PM CDT 2026
PAUSE after 1 conversions: cooldown 30s + cleanup
Finished at Wed Sep  2 09:49:53 PM CDT 2026
total=514 skipped=512 empty_skipped=0 converted=0 failed=2 workers=1
Starting batch (offbeamlight, tpc=1) at Wed Sep  2 09:53:47 PM CDT 2026 parallel=0 workers=1 pause_every=1
Input:  /pnfs/sbnd/scratch/users/munjung/v10_06_00/raw-SBND_DATA_InTimeCosmics_offbeamlight/waveforms
Output: /pnfs/sbnd/scratch/users/munjung/v10_06_00/raw-SBND_DATA_InTimeCosmics_offbeamlight/h5 (g4-raw-1_*.h5)
User memory budget: 37 GiB, currently used: 10 GiB
Converting 86414790_107 at Wed Sep  2 09:53:47 PM CDT 2026
FAILED 86414790_107 at Wed Sep  2 09:53:48 PM CDT 2026
PAUSE after 1 conversions: cooldown 30s + cleanup
Converting 86414795_112 at Wed Sep  2 09:54:20 PM CDT 2026
FAILED 86414795_112 at Wed Sep  2 09:54:21 PM CDT 2026
PAUSE after 1 conversions: cooldown 30s + cleanup
Finished at Wed Sep  2 09:54:56 PM CDT 2026
total=514 skipped=512 empty_skipped=0 converted=0 failed=2 workers=1
Starting batch (offbeamlight, tpc=1) at Wed Sep  2 10:10:08 PM CDT 2026 parallel=0 workers=1 pause_every=1
Input:  /pnfs/sbnd/scratch/users/munjung/v10_06_00/raw-SBND_DATA_InTimeCosmics_offbeamlight/waveforms
Output: /pnfs/sbnd/scratch/users/munjung/v10_06_00/raw-SBND_DATA_InTimeCosmics_offbeamlight/h5 (g4-raw-1_*.h5)
User memory budget: 37 GiB, currently used: 10 GiB
Converting 86414790_107 at Wed Sep  2 10:10:08 PM CDT 2026
FAILED 86414790_107 at Wed Sep  2 10:10:09 PM CDT 2026
PAUSE after 1 conversions: cooldown 30s + cleanup
Converting 86414795_112 at Wed Sep  2 10:10:41 PM CDT 2026
FAILED 86414795_112 at Wed Sep  2 10:10:42 PM CDT 2026
PAUSE after 1 conversions: cooldown 30s + cleanup
Finished at Wed Sep  2 10:11:17 PM CDT 2026
total=514 skipped=512 empty_skipped=0 converted=0 failed=2 workers=1
Starting batch (offbeamlight, tpc=1) at Wed Sep  2 10:25:14 PM CDT 2026 parallel=0 workers=1 pause_every=1
Input:  /pnfs/sbnd/scratch/users/munjung/v10_06_00/raw-SBND_DATA_InTimeCosmics_offbeamlight/waveforms
Output: /pnfs/sbnd/scratch/users/munjung/v10_06_00/raw-SBND_DATA_InTimeCosmics_offbeamlight/h5 (g4-raw-1_*.h5)
User memory budget: 37 GiB, currently used: 10 GiB
Converting 86414790_107 at Wed Sep  2 10:25:14 PM CDT 2026
FAILED 86414790_107 at Wed Sep  2 10:25:15 PM CDT 2026
PAUSE after 1 conversions: cooldown 30s + cleanup
Starting batch (offbeamlight, tpc=1) at Wed Sep  2 10:56:40 PM CDT 2026 parallel=0 workers=1 pause_every=1
Input:  /pnfs/sbnd/scratch/users/munjung/v10_06_00/raw-SBND_DATA_InTimeCosmics_offbeamlight/waveforms
Output: /pnfs/sbnd/scratch/users/munjung/v10_06_00/raw-SBND_DATA_InTimeCosmics_offbeamlight/h5 (g4-raw-1_*.h5)
User memory budget: 37 GiB, currently used: 0 GiB
Converting 86414790_107 at Wed Sep  2 10:56:40 PM CDT 2026
FAILED 86414790_107 at Wed Sep  2 10:56:41 PM CDT 2026
PAUSE after 1 conversions: cooldown 30s + cleanup
Converting 86414795_112 at Wed Sep  2 10:57:13 PM CDT 2026
FAILED 86414795_112 at Wed Sep  2 10:57:13 PM CDT 2026
PAUSE after 1 conversions: cooldown 30s + cleanup
Finished at Wed Sep  2 10:57:49 PM CDT 2026
total=514 skipped=512 empty_skipped=0 converted=0 failed=2 workers=1
Starting batch (offbeamlight, tpc=1) at Wed Sep  2 11:01:42 PM CDT 2026 parallel=0 workers=1 pause_every=1
Input:  /pnfs/sbnd/scratch/users/munjung/v10_06_00/raw-SBND_DATA_InTimeCosmics_offbeamlight/waveforms
Output: /pnfs/sbnd/scratch/users/munjung/v10_06_00/raw-SBND_DATA_InTimeCosmics_offbeamlight/h5 (g4-raw-1_*.h5)
User memory budget: 37 GiB, currently used: 0 GiB
Converting 86414790_107 at Wed Sep  2 11:01:42 PM CDT 2026
FAILED 86414790_107 at Wed Sep  2 11:01:43 PM CDT 2026
PAUSE after 1 conversions: cooldown 30s + cleanup
Converting 86414795_112 at Wed Sep  2 11:02:16 PM CDT 2026
FAILED 86414795_112 at Wed Sep  2 11:02:16 PM CDT 2026
PAUSE after 1 conversions: cooldown 30s + cleanup
Finished at Wed Sep  2 11:02:52 PM CDT 2026
total=514 skipped=512 empty_skipped=0 converted=0 failed=2 workers=1
Starting batch (offbeamlight, tpc=1) at Wed Sep  2 11:06:45 PM CDT 2026 parallel=0 workers=1 pause_every=1
Input:  /pnfs/sbnd/scratch/users/munjung/v10_06_00/raw-SBND_DATA_InTimeCosmics_offbeamlight/waveforms
Output: /pnfs/sbnd/scratch/users/munjung/v10_06_00/raw-SBND_DATA_InTimeCosmics_offbeamlight/h5 (g4-raw-1_*.h5)
User memory budget: 37 GiB, currently used: 0 GiB
Converting 86414790_107 at Wed Sep  2 11:06:45 PM CDT 2026
FAILED 86414790_107 at Wed Sep  2 11:06:46 PM CDT 2026
PAUSE after 1 conversions: cooldown 30s + cleanup
Converting 86414795_112 at Wed Sep  2 11:07:18 PM CDT 2026
FAILED 86414795_112 at Wed Sep  2 11:07:18 PM CDT 2026
PAUSE after 1 conversions: cooldown 30s + cleanup
Finished at Wed Sep  2 11:07:55 PM CDT 2026
total=514 skipped=512 empty_skipped=0 converted=0 failed=2 workers=1
Starting batch (offbeamlight, tpc=1) at Wed Sep  2 11:11:47 PM CDT 2026 parallel=0 workers=1 pause_every=1
Input:  /pnfs/sbnd/scratch/users/munjung/v10_06_00/raw-SBND_DATA_InTimeCosmics_offbeamlight/waveforms
Output: /pnfs/sbnd/scratch/users/munjung/v10_06_00/raw-SBND_DATA_InTimeCosmics_offbeamlight/h5 (g4-raw-1_*.h5)
User memory budget: 37 GiB, currently used: 0 GiB
Converting 86414790_107 at Wed Sep  2 11:11:47 PM CDT 2026
FAILED 86414790_107 at Wed Sep  2 11:11:48 PM CDT 2026
PAUSE after 1 conversions: cooldown 30s + cleanup
Converting 86414795_112 at Wed Sep  2 11:12:20 PM CDT 2026
FAILED 86414795_112 at Wed Sep  2 11:12:21 PM CDT 2026
PAUSE after 1 conversions: cooldown 30s + cleanup
Finished at Wed Sep  2 11:12:56 PM CDT 2026
total=514 skipped=512 empty_skipped=0 converted=0 failed=2 workers=1
Starting batch (offbeamlight, tpc=1) at Wed Sep  2 11:16:49 PM CDT 2026 parallel=0 workers=1 pause_every=1
Input:  /pnfs/sbnd/scratch/users/munjung/v10_06_00/raw-SBND_DATA_InTimeCosmics_offbeamlight/waveforms
Output: /pnfs/sbnd/scratch/users/munjung/v10_06_00/raw-SBND_DATA_InTimeCosmics_offbeamlight/h5 (g4-raw-1_*.h5)
User memory budget: 37 GiB, currently used: 0 GiB
Converting 86414790_107 at Wed Sep  2 11:16:49 PM CDT 2026
FAILED 86414790_107 at Wed Sep  2 11:16:50 PM CDT 2026
PAUSE after 1 conversions: cooldown 30s + cleanup
Converting 86414795_112 at Wed Sep  2 11:17:22 PM CDT 2026
FAILED 86414795_112 at Wed Sep  2 11:17:23 PM CDT 2026
PAUSE after 1 conversions: cooldown 30s + cleanup
Finished at Wed Sep  2 11:17:58 PM CDT 2026
total=514 skipped=512 empty_skipped=0 converted=0 failed=2 workers=1
Starting batch (offbeamlight, tpc=1) at Wed Sep  2 11:21:52 PM CDT 2026 parallel=0 workers=1 pause_every=1
Input:  /pnfs/sbnd/scratch/users/munjung/v10_06_00/raw-SBND_DATA_InTimeCosmics_offbeamlight/waveforms
Output: /pnfs/sbnd/scratch/users/munjung/v10_06_00/raw-SBND_DATA_InTimeCosmics_offbeamlight/h5 (g4-raw-1_*.h5)
User memory budget: 37 GiB, currently used: 0 GiB
Converting 86414790_107 at Wed Sep  2 11:21:52 PM CDT 2026
FAILED 86414790_107 at Wed Sep  2 11:21:52 PM CDT 2026
PAUSE after 1 conversions: cooldown 30s + cleanup
Converting 86414795_112 at Wed Sep  2 11:22:25 PM CDT 2026
FAILED 86414795_112 at Wed Sep  2 11:22:25 PM CDT 2026
PAUSE after 1 conversions: cooldown 30s + cleanup
Finished at Wed Sep  2 11:23:00 PM CDT 2026
total=514 skipped=512 empty_skipped=0 converted=0 failed=2 workers=1
Starting batch (offbeamlight, tpc=1) at Wed Sep  2 11:26:54 PM CDT 2026 parallel=0 workers=1 pause_every=1
Input:  /pnfs/sbnd/scratch/users/munjung/v10_06_00/raw-SBND_DATA_InTimeCosmics_offbeamlight/waveforms
Output: /pnfs/sbnd/scratch/users/munjung/v10_06_00/raw-SBND_DATA_InTimeCosmics_offbeamlight/h5 (g4-raw-1_*.h5)
User memory budget: 37 GiB, currently used: 0 GiB
Converting 86414790_107 at Wed Sep  2 11:26:54 PM CDT 2026
FAILED 86414790_107 at Wed Sep  2 11:26:55 PM CDT 2026
PAUSE after 1 conversions: cooldown 30s + cleanup
Converting 86414795_112 at Wed Sep  2 11:27:27 PM CDT 2026
FAILED 86414795_112 at Wed Sep  2 11:27:28 PM CDT 2026
PAUSE after 1 conversions: cooldown 30s + cleanup
Finished at Wed Sep  2 11:28:03 PM CDT 2026
total=514 skipped=512 empty_skipped=0 converted=0 failed=2 workers=1
Starting batch (offbeamlight, tpc=1) at Wed Sep  2 11:31:57 PM CDT 2026 parallel=0 workers=1 pause_every=1
Input:  /pnfs/sbnd/scratch/users/munjung/v10_06_00/raw-SBND_DATA_InTimeCosmics_offbeamlight/waveforms
Output: /pnfs/sbnd/scratch/users/munjung/v10_06_00/raw-SBND_DATA_InTimeCosmics_offbeamlight/h5 (g4-raw-1_*.h5)
User memory budget: 37 GiB, currently used: 1 GiB
Converting 86414790_107 at Wed Sep  2 11:31:57 PM CDT 2026
FAILED 86414790_107 at Wed Sep  2 11:31:57 PM CDT 2026
PAUSE after 1 conversions: cooldown 30s + cleanup
Converting 86414795_112 at Wed Sep  2 11:32:30 PM CDT 2026
FAILED 86414795_112 at Wed Sep  2 11:32:30 PM CDT 2026
PAUSE after 1 conversions: cooldown 30s + cleanup
Finished at Wed Sep  2 11:33:05 PM CDT 2026
total=514 skipped=512 empty_skipped=0 converted=0 failed=2 workers=1
Starting batch (offbeamlight, tpc=1) at Wed Sep  2 11:36:59 PM CDT 2026 parallel=0 workers=1 pause_every=1
Input:  /pnfs/sbnd/scratch/users/munjung/v10_06_00/raw-SBND_DATA_InTimeCosmics_offbeamlight/waveforms
Output: /pnfs/sbnd/scratch/users/munjung/v10_06_00/raw-SBND_DATA_InTimeCosmics_offbeamlight/h5 (g4-raw-1_*.h5)
User memory budget: 37 GiB, currently used: 1 GiB
Converting 86414790_107 at Wed Sep  2 11:36:59 PM CDT 2026
FAILED 86414790_107 at Wed Sep  2 11:37:00 PM CDT 2026
PAUSE after 1 conversions: cooldown 30s + cleanup
Converting 86414795_112 at Wed Sep  2 11:37:32 PM CDT 2026
FAILED 86414795_112 at Wed Sep  2 11:37:33 PM CDT 2026
PAUSE after 1 conversions: cooldown 30s + cleanup
Finished at Wed Sep  2 11:38:08 PM CDT 2026
total=514 skipped=512 empty_skipped=0 converted=0 failed=2 workers=1
Starting batch (offbeamlight, tpc=1) at Wed Sep  2 11:42:02 PM CDT 2026 parallel=0 workers=1 pause_every=1
Input:  /pnfs/sbnd/scratch/users/munjung/v10_06_00/raw-SBND_DATA_InTimeCosmics_offbeamlight/waveforms
Output: /pnfs/sbnd/scratch/users/munjung/v10_06_00/raw-SBND_DATA_InTimeCosmics_offbeamlight/h5 (g4-raw-1_*.h5)
User memory budget: 37 GiB, currently used: 1 GiB
Converting 86414790_107 at Wed Sep  2 11:42:02 PM CDT 2026
FAILED 86414790_107 at Wed Sep  2 11:42:02 PM CDT 2026
PAUSE after 1 conversions: cooldown 30s + cleanup
Converting 86414795_112 at Wed Sep  2 11:42:35 PM CDT 2026
FAILED 86414795_112 at Wed Sep  2 11:42:35 PM CDT 2026
PAUSE after 1 conversions: cooldown 30s + cleanup
Finished at Wed Sep  2 11:43:10 PM CDT 2026
total=514 skipped=512 empty_skipped=0 converted=0 failed=2 workers=1
Starting batch (offbeamlight, tpc=1) at Wed Sep  2 11:47:04 PM CDT 2026 parallel=0 workers=1 pause_every=1
Input:  /pnfs/sbnd/scratch/users/munjung/v10_06_00/raw-SBND_DATA_InTimeCosmics_offbeamlight/waveforms
Output: /pnfs/sbnd/scratch/users/munjung/v10_06_00/raw-SBND_DATA_InTimeCosmics_offbeamlight/h5 (g4-raw-1_*.h5)
User memory budget: 37 GiB, currently used: 1 GiB
Converting 86414790_107 at Wed Sep  2 11:47:04 PM CDT 2026
FAILED 86414790_107 at Wed Sep  2 11:47:05 PM CDT 2026
PAUSE after 1 conversions: cooldown 30s + cleanup
Converting 86414795_112 at Wed Sep  2 11:47:37 PM CDT 2026
FAILED 86414795_112 at Wed Sep  2 11:47:38 PM CDT 2026
PAUSE after 1 conversions: cooldown 30s + cleanup
Finished at Wed Sep  2 11:48:13 PM CDT 2026
total=514 skipped=512 empty_skipped=0 converted=0 failed=2 workers=1
Starting batch (offbeamlight, tpc=1) at Wed Sep  2 11:52:07 PM CDT 2026 parallel=0 workers=1 pause_every=1
Input:  /pnfs/sbnd/scratch/users/munjung/v10_06_00/raw-SBND_DATA_InTimeCosmics_offbeamlight/waveforms
Output: /pnfs/sbnd/scratch/users/munjung/v10_06_00/raw-SBND_DATA_InTimeCosmics_offbeamlight/h5 (g4-raw-1_*.h5)
User memory budget: 37 GiB, currently used: 1 GiB
Converting 86414790_107 at Wed Sep  2 11:52:07 PM CDT 2026
FAILED 86414790_107 at Wed Sep  2 11:52:07 PM CDT 2026
PAUSE after 1 conversions: cooldown 30s + cleanup
Converting 86414795_112 at Wed Sep  2 11:52:40 PM CDT 2026
FAILED 86414795_112 at Wed Sep  2 11:52:40 PM CDT 2026
PAUSE after 1 conversions: cooldown 30s + cleanup
Finished at Wed Sep  2 11:53:15 PM CDT 2026
total=514 skipped=512 empty_skipped=0 converted=0 failed=2 workers=1
Starting batch (offbeamlight, tpc=1) at Wed Sep  2 11:57:09 PM CDT 2026 parallel=0 workers=1 pause_every=1
Input:  /pnfs/sbnd/scratch/users/munjung/v10_06_00/raw-SBND_DATA_InTimeCosmics_offbeamlight/waveforms
Output: /pnfs/sbnd/scratch/users/munjung/v10_06_00/raw-SBND_DATA_InTimeCosmics_offbeamlight/h5 (g4-raw-1_*.h5)
User memory budget: 37 GiB, currently used: 1 GiB
Converting 86414790_107 at Wed Sep  2 11:57:09 PM CDT 2026
FAILED 86414790_107 at Wed Sep  2 11:57:10 PM CDT 2026
PAUSE after 1 conversions: cooldown 30s + cleanup
Converting 86414795_112 at Wed Sep  2 11:57:42 PM CDT 2026
FAILED 86414795_112 at Wed Sep  2 11:57:43 PM CDT 2026
PAUSE after 1 conversions: cooldown 30s + cleanup
Finished at Wed Sep  2 11:58:18 PM CDT 2026
total=514 skipped=512 empty_skipped=0 converted=0 failed=2 workers=1
Starting batch (offbeamlight, tpc=1) at Thu Sep  3 12:02:11 AM CDT 2026 parallel=0 workers=1 pause_every=1
Input:  /pnfs/sbnd/scratch/users/munjung/v10_06_00/raw-SBND_DATA_InTimeCosmics_offbeamlight/waveforms
Output: /pnfs/sbnd/scratch/users/munjung/v10_06_00/raw-SBND_DATA_InTimeCosmics_offbeamlight/h5 (g4-raw-1_*.h5)
User memory budget: 37 GiB, currently used: 1 GiB
Converting 86414790_107 at Thu Sep  3 12:02:12 AM CDT 2026
FAILED 86414790_107 at Thu Sep  3 12:02:12 AM CDT 2026
PAUSE after 1 conversions: cooldown 30s + cleanup
Converting 86414795_112 at Thu Sep  3 12:02:44 AM CDT 2026
FAILED 86414795_112 at Thu Sep  3 12:02:45 AM CDT 2026
PAUSE after 1 conversions: cooldown 30s + cleanup
Finished at Thu Sep  3 12:03:20 AM CDT 2026
total=514 skipped=512 empty_skipped=0 converted=0 failed=2 workers=1
Starting batch (offbeamlight, tpc=1) at Thu Sep  3 12:07:14 AM CDT 2026 parallel=0 workers=1 pause_every=1
Input:  /pnfs/sbnd/scratch/users/munjung/v10_06_00/raw-SBND_DATA_InTimeCosmics_offbeamlight/waveforms
Output: /pnfs/sbnd/scratch/users/munjung/v10_06_00/raw-SBND_DATA_InTimeCosmics_offbeamlight/h5 (g4-raw-1_*.h5)
User memory budget: 37 GiB, currently used: 2 GiB
Converting 86414790_107 at Thu Sep  3 12:07:14 AM CDT 2026
FAILED 86414790_107 at Thu Sep  3 12:07:15 AM CDT 2026
PAUSE after 1 conversions: cooldown 30s + cleanup
Converting 86414795_112 at Thu Sep  3 12:07:47 AM CDT 2026
FAILED 86414795_112 at Thu Sep  3 12:07:47 AM CDT 2026
PAUSE after 1 conversions: cooldown 30s + cleanup
Finished at Thu Sep  3 12:08:23 AM CDT 2026
total=514 skipped=512 empty_skipped=0 converted=0 failed=2 workers=1
Starting batch (offbeamlight, tpc=1) at Thu Sep  3 12:12:16 AM CDT 2026 parallel=0 workers=1 pause_every=1
Input:  /pnfs/sbnd/scratch/users/munjung/v10_06_00/raw-SBND_DATA_InTimeCosmics_offbeamlight/waveforms
Output: /pnfs/sbnd/scratch/users/munjung/v10_06_00/raw-SBND_DATA_InTimeCosmics_offbeamlight/h5 (g4-raw-1_*.h5)
User memory budget: 37 GiB, currently used: 4 GiB
Converting 86414790_107 at Thu Sep  3 12:12:16 AM CDT 2026
FAILED 86414790_107 at Thu Sep  3 12:12:17 AM CDT 2026
PAUSE after 1 conversions: cooldown 30s + cleanup
Converting 86414795_112 at Thu Sep  3 12:12:49 AM CDT 2026
FAILED 86414795_112 at Thu Sep  3 12:12:50 AM CDT 2026
PAUSE after 1 conversions: cooldown 30s + cleanup
Finished at Thu Sep  3 12:13:25 AM CDT 2026
total=514 skipped=512 empty_skipped=0 converted=0 failed=2 workers=1
Starting batch (offbeamlight, tpc=1) at Thu Sep  3 12:17:19 AM CDT 2026 parallel=0 workers=1 pause_every=1
Input:  /pnfs/sbnd/scratch/users/munjung/v10_06_00/raw-SBND_DATA_InTimeCosmics_offbeamlight/waveforms
Output: /pnfs/sbnd/scratch/users/munjung/v10_06_00/raw-SBND_DATA_InTimeCosmics_offbeamlight/h5 (g4-raw-1_*.h5)
User memory budget: 37 GiB, currently used: 2 GiB
Converting 86414790_107 at Thu Sep  3 12:17:19 AM CDT 2026
FAILED 86414790_107 at Thu Sep  3 12:17:20 AM CDT 2026
PAUSE after 1 conversions: cooldown 30s + cleanup
Converting 86414795_112 at Thu Sep  3 12:17:52 AM CDT 2026
FAILED 86414795_112 at Thu Sep  3 12:17:52 AM CDT 2026
PAUSE after 1 conversions: cooldown 30s + cleanup
Finished at Thu Sep  3 12:18:28 AM CDT 2026
total=514 skipped=512 empty_skipped=0 converted=0 failed=2 workers=1
Starting batch (offbeamlight, tpc=1) at Thu Sep  3 12:22:21 AM CDT 2026 parallel=0 workers=1 pause_every=1
Input:  /pnfs/sbnd/scratch/users/munjung/v10_06_00/raw-SBND_DATA_InTimeCosmics_offbeamlight/waveforms
Output: /pnfs/sbnd/scratch/users/munjung/v10_06_00/raw-SBND_DATA_InTimeCosmics_offbeamlight/h5 (g4-raw-1_*.h5)
User memory budget: 37 GiB, currently used: 2 GiB
Converting 86414790_107 at Thu Sep  3 12:22:21 AM CDT 2026
FAILED 86414790_107 at Thu Sep  3 12:22:22 AM CDT 2026
PAUSE after 1 conversions: cooldown 30s + cleanup
Converting 86414795_112 at Thu Sep  3 12:22:54 AM CDT 2026
FAILED 86414795_112 at Thu Sep  3 12:22:55 AM CDT 2026
PAUSE after 1 conversions: cooldown 30s + cleanup
Finished at Thu Sep  3 12:23:30 AM CDT 2026
total=514 skipped=512 empty_skipped=0 converted=0 failed=2 workers=1
Starting batch (offbeamlight, tpc=1) at Thu Sep  3 12:27:24 AM CDT 2026 parallel=0 workers=1 pause_every=1
Input:  /pnfs/sbnd/scratch/users/munjung/v10_06_00/raw-SBND_DATA_InTimeCosmics_offbeamlight/waveforms
Output: /pnfs/sbnd/scratch/users/munjung/v10_06_00/raw-SBND_DATA_InTimeCosmics_offbeamlight/h5 (g4-raw-1_*.h5)
User memory budget: 37 GiB, currently used: 2 GiB
Converting 86414790_107 at Thu Sep  3 12:27:24 AM CDT 2026
FAILED 86414790_107 at Thu Sep  3 12:27:24 AM CDT 2026
PAUSE after 1 conversions: cooldown 30s + cleanup
Converting 86414795_112 at Thu Sep  3 12:27:56 AM CDT 2026
FAILED 86414795_112 at Thu Sep  3 12:27:57 AM CDT 2026
PAUSE after 1 conversions: cooldown 30s + cleanup
Finished at Thu Sep  3 12:28:32 AM CDT 2026
total=514 skipped=512 empty_skipped=0 converted=0 failed=2 workers=1
Starting batch (offbeamlight, tpc=1) at Thu Sep  3 12:32:26 AM CDT 2026 parallel=0 workers=1 pause_every=1
Input:  /pnfs/sbnd/scratch/users/munjung/v10_06_00/raw-SBND_DATA_InTimeCosmics_offbeamlight/waveforms
Output: /pnfs/sbnd/scratch/users/munjung/v10_06_00/raw-SBND_DATA_InTimeCosmics_offbeamlight/h5 (g4-raw-1_*.h5)
User memory budget: 37 GiB, currently used: 2 GiB
Converting 86414790_107 at Thu Sep  3 12:32:26 AM CDT 2026
FAILED 86414790_107 at Thu Sep  3 12:32:27 AM CDT 2026
PAUSE after 1 conversions: cooldown 30s + cleanup
Converting 86414795_112 at Thu Sep  3 12:32:59 AM CDT 2026
FAILED 86414795_112 at Thu Sep  3 12:32:59 AM CDT 2026
PAUSE after 1 conversions: cooldown 30s + cleanup
Finished at Thu Sep  3 12:33:35 AM CDT 2026
total=514 skipped=512 empty_skipped=0 converted=0 failed=2 workers=1
Starting batch (offbeamlight, tpc=1) at Thu Sep  3 12:37:28 AM CDT 2026 parallel=0 workers=1 pause_every=1
Input:  /pnfs/sbnd/scratch/users/munjung/v10_06_00/raw-SBND_DATA_InTimeCosmics_offbeamlight/waveforms
Output: /pnfs/sbnd/scratch/users/munjung/v10_06_00/raw-SBND_DATA_InTimeCosmics_offbeamlight/h5 (g4-raw-1_*.h5)
User memory budget: 37 GiB, currently used: 2 GiB
Converting 86414790_107 at Thu Sep  3 12:37:29 AM CDT 2026
FAILED 86414790_107 at Thu Sep  3 12:37:29 AM CDT 2026
PAUSE after 1 conversions: cooldown 30s + cleanup
Converting 86414795_112 at Thu Sep  3 12:38:01 AM CDT 2026
FAILED 86414795_112 at Thu Sep  3 12:38:02 AM CDT 2026
PAUSE after 1 conversions: cooldown 30s + cleanup
Finished at Thu Sep  3 12:38:37 AM CDT 2026
total=514 skipped=512 empty_skipped=0 converted=0 failed=2 workers=1
Starting batch (offbeamlight, tpc=1) at Thu Sep  3 12:42:31 AM CDT 2026 parallel=0 workers=1 pause_every=1
Input:  /pnfs/sbnd/scratch/users/munjung/v10_06_00/raw-SBND_DATA_InTimeCosmics_offbeamlight/waveforms
Output: /pnfs/sbnd/scratch/users/munjung/v10_06_00/raw-SBND_DATA_InTimeCosmics_offbeamlight/h5 (g4-raw-1_*.h5)
User memory budget: 37 GiB, currently used: 2 GiB
Converting 86414790_107 at Thu Sep  3 12:42:31 AM CDT 2026
FAILED 86414790_107 at Thu Sep  3 12:42:32 AM CDT 2026
PAUSE after 1 conversions: cooldown 30s + cleanup
Converting 86414795_112 at Thu Sep  3 12:43:04 AM CDT 2026
FAILED 86414795_112 at Thu Sep  3 12:43:05 AM CDT 2026
PAUSE after 1 conversions: cooldown 30s + cleanup
Finished at Thu Sep  3 12:43:40 AM CDT 2026
total=514 skipped=512 empty_skipped=0 converted=0 failed=2 workers=1
Starting batch (offbeamlight, tpc=1) at Thu Sep  3 12:47:33 AM CDT 2026 parallel=0 workers=1 pause_every=1
Input:  /pnfs/sbnd/scratch/users/munjung/v10_06_00/raw-SBND_DATA_InTimeCosmics_offbeamlight/waveforms
Output: /pnfs/sbnd/scratch/users/munjung/v10_06_00/raw-SBND_DATA_InTimeCosmics_offbeamlight/h5 (g4-raw-1_*.h5)
User memory budget: 37 GiB, currently used: 2 GiB
Converting 86414790_107 at Thu Sep  3 12:47:33 AM CDT 2026
FAILED 86414790_107 at Thu Sep  3 12:47:34 AM CDT 2026
PAUSE after 1 conversions: cooldown 30s + cleanup
Converting 86414795_112 at Thu Sep  3 12:48:06 AM CDT 2026
FAILED 86414795_112 at Thu Sep  3 12:48:07 AM CDT 2026
PAUSE after 1 conversions: cooldown 30s + cleanup
Finished at Thu Sep  3 12:48:42 AM CDT 2026
total=514 skipped=512 empty_skipped=0 converted=0 failed=2 workers=1
Starting batch (offbeamlight, tpc=1) at Thu Sep  3 12:52:36 AM CDT 2026 parallel=0 workers=1 pause_every=1
Input:  /pnfs/sbnd/scratch/users/munjung/v10_06_00/raw-SBND_DATA_InTimeCosmics_offbeamlight/waveforms
Output: /pnfs/sbnd/scratch/users/munjung/v10_06_00/raw-SBND_DATA_InTimeCosmics_offbeamlight/h5 (g4-raw-1_*.h5)
User memory budget: 37 GiB, currently used: 2 GiB
Converting 86414790_107 at Thu Sep  3 12:52:36 AM CDT 2026
FAILED 86414790_107 at Thu Sep  3 12:52:37 AM CDT 2026
PAUSE after 1 conversions: cooldown 30s + cleanup
Converting 86414795_112 at Thu Sep  3 12:53:09 AM CDT 2026
FAILED 86414795_112 at Thu Sep  3 12:53:09 AM CDT 2026
PAUSE after 1 conversions: cooldown 30s + cleanup
Finished at Thu Sep  3 12:53:45 AM CDT 2026
total=514 skipped=512 empty_skipped=0 converted=0 failed=2 workers=1
Starting batch (offbeamlight, tpc=1) at Thu Sep  3 12:57:38 AM CDT 2026 parallel=0 workers=1 pause_every=1
Input:  /pnfs/sbnd/scratch/users/munjung/v10_06_00/raw-SBND_DATA_InTimeCosmics_offbeamlight/waveforms
Output: /pnfs/sbnd/scratch/users/munjung/v10_06_00/raw-SBND_DATA_InTimeCosmics_offbeamlight/h5 (g4-raw-1_*.h5)
User memory budget: 37 GiB, currently used: 2 GiB
Converting 86414790_107 at Thu Sep  3 12:57:38 AM CDT 2026
FAILED 86414790_107 at Thu Sep  3 12:57:39 AM CDT 2026
PAUSE after 1 conversions: cooldown 30s + cleanup
Converting 86414795_112 at Thu Sep  3 12:58:11 AM CDT 2026
FAILED 86414795_112 at Thu Sep  3 12:58:12 AM CDT 2026
PAUSE after 1 conversions: cooldown 30s + cleanup
Finished at Thu Sep  3 12:58:47 AM CDT 2026
total=514 skipped=512 empty_skipped=0 converted=0 failed=2 workers=1
Starting batch (offbeamlight, tpc=1) at Thu Sep  3 01:02:41 AM CDT 2026 parallel=0 workers=1 pause_every=1
Input:  /pnfs/sbnd/scratch/users/munjung/v10_06_00/raw-SBND_DATA_InTimeCosmics_offbeamlight/waveforms
Output: /pnfs/sbnd/scratch/users/munjung/v10_06_00/raw-SBND_DATA_InTimeCosmics_offbeamlight/h5 (g4-raw-1_*.h5)
User memory budget: 37 GiB, currently used: 2 GiB
Converting 86414790_107 at Thu Sep  3 01:02:41 AM CDT 2026
FAILED 86414790_107 at Thu Sep  3 01:02:41 AM CDT 2026
PAUSE after 1 conversions: cooldown 30s + cleanup
Converting 86414795_112 at Thu Sep  3 01:03:13 AM CDT 2026
FAILED 86414795_112 at Thu Sep  3 01:03:14 AM CDT 2026
PAUSE after 1 conversions: cooldown 30s + cleanup
Finished at Thu Sep  3 01:03:49 AM CDT 2026
total=514 skipped=512 empty_skipped=0 converted=0 failed=2 workers=1
Starting batch (offbeamlight, tpc=1) at Thu Sep  3 01:07:43 AM CDT 2026 parallel=0 workers=1 pause_every=1
Input:  /pnfs/sbnd/scratch/users/munjung/v10_06_00/raw-SBND_DATA_InTimeCosmics_offbeamlight/waveforms
Output: /pnfs/sbnd/scratch/users/munjung/v10_06_00/raw-SBND_DATA_InTimeCosmics_offbeamlight/h5 (g4-raw-1_*.h5)
User memory budget: 37 GiB, currently used: 2 GiB
Converting 86414790_107 at Thu Sep  3 01:07:43 AM CDT 2026
FAILED 86414790_107 at Thu Sep  3 01:07:44 AM CDT 2026
PAUSE after 1 conversions: cooldown 30s + cleanup
Converting 86414795_112 at Thu Sep  3 01:08:16 AM CDT 2026
FAILED 86414795_112 at Thu Sep  3 01:08:16 AM CDT 2026
PAUSE after 1 conversions: cooldown 30s + cleanup
Finished at Thu Sep  3 01:08:52 AM CDT 2026
total=514 skipped=512 empty_skipped=0 converted=0 failed=2 workers=1
Starting batch (offbeamlight, tpc=1) at Thu Sep  3 01:12:45 AM CDT 2026 parallel=0 workers=1 pause_every=1
Input:  /pnfs/sbnd/scratch/users/munjung/v10_06_00/raw-SBND_DATA_InTimeCosmics_offbeamlight/waveforms
Output: /pnfs/sbnd/scratch/users/munjung/v10_06_00/raw-SBND_DATA_InTimeCosmics_offbeamlight/h5 (g4-raw-1_*.h5)
User memory budget: 37 GiB, currently used: 2 GiB
Converting 86414790_107 at Thu Sep  3 01:12:45 AM CDT 2026
FAILED 86414790_107 at Thu Sep  3 01:12:47 AM CDT 2026
PAUSE after 1 conversions: cooldown 30s + cleanup
Converting 86414795_112 at Thu Sep  3 01:13:19 AM CDT 2026
FAILED 86414795_112 at Thu Sep  3 01:13:19 AM CDT 2026
PAUSE after 1 conversions: cooldown 30s + cleanup
Finished at Thu Sep  3 01:13:55 AM CDT 2026
total=514 skipped=512 empty_skipped=0 converted=0 failed=2 workers=1
Starting batch (offbeamlight, tpc=1) at Thu Sep  3 01:17:48 AM CDT 2026 parallel=0 workers=1 pause_every=1
Input:  /pnfs/sbnd/scratch/users/munjung/v10_06_00/raw-SBND_DATA_InTimeCosmics_offbeamlight/waveforms
Output: /pnfs/sbnd/scratch/users/munjung/v10_06_00/raw-SBND_DATA_InTimeCosmics_offbeamlight/h5 (g4-raw-1_*.h5)
User memory budget: 37 GiB, currently used: 2 GiB
Converting 86414790_107 at Thu Sep  3 01:17:48 AM CDT 2026
FAILED 86414790_107 at Thu Sep  3 01:17:49 AM CDT 2026
PAUSE after 1 conversions: cooldown 30s + cleanup
Converting 86414795_112 at Thu Sep  3 01:18:21 AM CDT 2026
FAILED 86414795_112 at Thu Sep  3 01:18:21 AM CDT 2026
PAUSE after 1 conversions: cooldown 30s + cleanup
Finished at Thu Sep  3 01:18:57 AM CDT 2026
total=514 skipped=512 empty_skipped=0 converted=0 failed=2 workers=1
Starting batch (offbeamlight, tpc=1) at Thu Sep  3 01:22:50 AM CDT 2026 parallel=0 workers=1 pause_every=1
Input:  /pnfs/sbnd/scratch/users/munjung/v10_06_00/raw-SBND_DATA_InTimeCosmics_offbeamlight/waveforms
Output: /pnfs/sbnd/scratch/users/munjung/v10_06_00/raw-SBND_DATA_InTimeCosmics_offbeamlight/h5 (g4-raw-1_*.h5)
User memory budget: 37 GiB, currently used: 2 GiB
Converting 86414790_107 at Thu Sep  3 01:22:50 AM CDT 2026
FAILED 86414790_107 at Thu Sep  3 01:22:51 AM CDT 2026
PAUSE after 1 conversions: cooldown 30s + cleanup
Converting 86414795_112 at Thu Sep  3 01:23:23 AM CDT 2026
FAILED 86414795_112 at Thu Sep  3 01:23:24 AM CDT 2026
PAUSE after 1 conversions: cooldown 30s + cleanup
Finished at Thu Sep  3 01:23:59 AM CDT 2026
total=514 skipped=512 empty_skipped=0 converted=0 failed=2 workers=1
Starting batch (offbeamlight, tpc=1) at Thu Sep  3 01:27:53 AM CDT 2026 parallel=0 workers=1 pause_every=1
Input:  /pnfs/sbnd/scratch/users/munjung/v10_06_00/raw-SBND_DATA_InTimeCosmics_offbeamlight/waveforms
Output: /pnfs/sbnd/scratch/users/munjung/v10_06_00/raw-SBND_DATA_InTimeCosmics_offbeamlight/h5 (g4-raw-1_*.h5)
User memory budget: 37 GiB, currently used: 2 GiB
Converting 86414790_107 at Thu Sep  3 01:27:53 AM CDT 2026
FAILED 86414790_107 at Thu Sep  3 01:27:54 AM CDT 2026
PAUSE after 1 conversions: cooldown 30s + cleanup
Converting 86414795_112 at Thu Sep  3 01:28:26 AM CDT 2026
FAILED 86414795_112 at Thu Sep  3 01:28:27 AM CDT 2026
PAUSE after 1 conversions: cooldown 30s + cleanup
Finished at Thu Sep  3 01:29:02 AM CDT 2026
total=514 skipped=512 empty_skipped=0 converted=0 failed=2 workers=1
Starting batch (offbeamlight, tpc=1) at Thu Sep  3 01:32:55 AM CDT 2026 parallel=0 workers=1 pause_every=1
Input:  /pnfs/sbnd/scratch/users/munjung/v10_06_00/raw-SBND_DATA_InTimeCosmics_offbeamlight/waveforms
Output: /pnfs/sbnd/scratch/users/munjung/v10_06_00/raw-SBND_DATA_InTimeCosmics_offbeamlight/h5 (g4-raw-1_*.h5)
User memory budget: 37 GiB, currently used: 2 GiB
Converting 86414790_107 at Thu Sep  3 01:32:55 AM CDT 2026
FAILED 86414790_107 at Thu Sep  3 01:32:56 AM CDT 2026
PAUSE after 1 conversions: cooldown 30s + cleanup
Converting 86414795_112 at Thu Sep  3 01:33:28 AM CDT 2026
FAILED 86414795_112 at Thu Sep  3 01:33:29 AM CDT 2026
PAUSE after 1 conversions: cooldown 30s + cleanup
Finished at Thu Sep  3 01:34:04 AM CDT 2026
total=514 skipped=512 empty_skipped=0 converted=0 failed=2 workers=1
Starting batch (offbeamlight, tpc=1) at Thu Sep  3 01:37:57 AM CDT 2026 parallel=0 workers=1 pause_every=1
Input:  /pnfs/sbnd/scratch/users/munjung/v10_06_00/raw-SBND_DATA_InTimeCosmics_offbeamlight/waveforms
Output: /pnfs/sbnd/scratch/users/munjung/v10_06_00/raw-SBND_DATA_InTimeCosmics_offbeamlight/h5 (g4-raw-1_*.h5)
User memory budget: 37 GiB, currently used: 2 GiB
Converting 86414790_107 at Thu Sep  3 01:37:58 AM CDT 2026
FAILED 86414790_107 at Thu Sep  3 01:37:58 AM CDT 2026
PAUSE after 1 conversions: cooldown 30s + cleanup
Converting 86414795_112 at Thu Sep  3 01:38:30 AM CDT 2026
FAILED 86414795_112 at Thu Sep  3 01:38:31 AM CDT 2026
PAUSE after 1 conversions: cooldown 30s + cleanup
Finished at Thu Sep  3 01:39:06 AM CDT 2026
total=514 skipped=512 empty_skipped=0 converted=0 failed=2 workers=1
Starting batch (offbeamlight, tpc=1) at Thu Sep  3 01:43:00 AM CDT 2026 parallel=0 workers=1 pause_every=1
Input:  /pnfs/sbnd/scratch/users/munjung/v10_06_00/raw-SBND_DATA_InTimeCosmics_offbeamlight/waveforms
Output: /pnfs/sbnd/scratch/users/munjung/v10_06_00/raw-SBND_DATA_InTimeCosmics_offbeamlight/h5 (g4-raw-1_*.h5)
User memory budget: 37 GiB, currently used: 2 GiB
Converting 86414790_107 at Thu Sep  3 01:43:00 AM CDT 2026
FAILED 86414790_107 at Thu Sep  3 01:43:01 AM CDT 2026
PAUSE after 1 conversions: cooldown 30s + cleanup
Converting 86414795_112 at Thu Sep  3 01:43:33 AM CDT 2026
FAILED 86414795_112 at Thu Sep  3 01:43:34 AM CDT 2026
PAUSE after 1 conversions: cooldown 30s + cleanup
Finished at Thu Sep  3 01:44:09 AM CDT 2026
total=514 skipped=512 empty_skipped=0 converted=0 failed=2 workers=1
Starting batch (offbeamlight, tpc=1) at Thu Sep  3 01:48:02 AM CDT 2026 parallel=0 workers=1 pause_every=1
Input:  /pnfs/sbnd/scratch/users/munjung/v10_06_00/raw-SBND_DATA_InTimeCosmics_offbeamlight/waveforms
Output: /pnfs/sbnd/scratch/users/munjung/v10_06_00/raw-SBND_DATA_InTimeCosmics_offbeamlight/h5 (g4-raw-1_*.h5)
User memory budget: 37 GiB, currently used: 2 GiB
Converting 86414790_107 at Thu Sep  3 01:48:02 AM CDT 2026
FAILED 86414790_107 at Thu Sep  3 01:48:03 AM CDT 2026
PAUSE after 1 conversions: cooldown 30s + cleanup
Converting 86414795_112 at Thu Sep  3 01:48:35 AM CDT 2026
FAILED 86414795_112 at Thu Sep  3 01:48:36 AM CDT 2026
PAUSE after 1 conversions: cooldown 30s + cleanup
Finished at Thu Sep  3 01:49:11 AM CDT 2026
total=514 skipped=512 empty_skipped=0 converted=0 failed=2 workers=1
Starting batch (offbeamlight, tpc=1) at Thu Sep  3 01:53:05 AM CDT 2026 parallel=0 workers=1 pause_every=1
Input:  /pnfs/sbnd/scratch/users/munjung/v10_06_00/raw-SBND_DATA_InTimeCosmics_offbeamlight/waveforms
Output: /pnfs/sbnd/scratch/users/munjung/v10_06_00/raw-SBND_DATA_InTimeCosmics_offbeamlight/h5 (g4-raw-1_*.h5)
User memory budget: 37 GiB, currently used: 2 GiB
Converting 86414790_107 at Thu Sep  3 01:53:05 AM CDT 2026
FAILED 86414790_107 at Thu Sep  3 01:53:05 AM CDT 2026
PAUSE after 1 conversions: cooldown 30s + cleanup
Converting 86414795_112 at Thu Sep  3 01:53:38 AM CDT 2026
FAILED 86414795_112 at Thu Sep  3 01:53:38 AM CDT 2026
PAUSE after 1 conversions: cooldown 30s + cleanup
Finished at Thu Sep  3 01:54:13 AM CDT 2026
total=514 skipped=512 empty_skipped=0 converted=0 failed=2 workers=1
Starting batch (offbeamlight, tpc=1) at Thu Sep  3 01:58:07 AM CDT 2026 parallel=0 workers=1 pause_every=1
Input:  /pnfs/sbnd/scratch/users/munjung/v10_06_00/raw-SBND_DATA_InTimeCosmics_offbeamlight/waveforms
Output: /pnfs/sbnd/scratch/users/munjung/v10_06_00/raw-SBND_DATA_InTimeCosmics_offbeamlight/h5 (g4-raw-1_*.h5)
User memory budget: 37 GiB, currently used: 2 GiB
Converting 86414790_107 at Thu Sep  3 01:58:07 AM CDT 2026
FAILED 86414790_107 at Thu Sep  3 01:58:08 AM CDT 2026
PAUSE after 1 conversions: cooldown 30s + cleanup
Converting 86414795_112 at Thu Sep  3 01:58:40 AM CDT 2026
FAILED 86414795_112 at Thu Sep  3 01:58:41 AM CDT 2026
PAUSE after 1 conversions: cooldown 30s + cleanup
Finished at Thu Sep  3 01:59:16 AM CDT 2026
total=514 skipped=512 empty_skipped=0 converted=0 failed=2 workers=1
Starting batch (offbeamlight, tpc=1) at Thu Sep  3 02:08:12 AM CDT 2026 parallel=0 workers=1 pause_every=1
Input:  /pnfs/sbnd/scratch/users/munjung/v10_06_00/raw-SBND_DATA_InTimeCosmics_offbeamlight/waveforms
Output: /pnfs/sbnd/scratch/users/munjung/v10_06_00/raw-SBND_DATA_InTimeCosmics_offbeamlight/h5 (g4-raw-1_*.h5)
User memory budget: 37 GiB, currently used: 2 GiB
Converting 86414790_107 at Thu Sep  3 02:08:12 AM CDT 2026
FAILED 86414790_107 at Thu Sep  3 02:08:13 AM CDT 2026
PAUSE after 1 conversions: cooldown 30s + cleanup
Starting batch (offbeamlight, tpc=1) at Thu Sep  3 02:24:32 AM CDT 2026 parallel=0 workers=1 pause_every=1
Input:  /pnfs/sbnd/scratch/users/munjung/v10_06_00/raw-SBND_DATA_InTimeCosmics_offbeamlight/waveforms
Output: /pnfs/sbnd/scratch/users/munjung/v10_06_00/raw-SBND_DATA_InTimeCosmics_offbeamlight/h5 (g4-raw-1_*.h5)
User memory budget: 37 GiB, currently used: 9 GiB
Converting 86414790_107 at Thu Sep  3 02:24:32 AM CDT 2026
FAILED 86414790_107 at Thu Sep  3 02:24:33 AM CDT 2026
PAUSE after 1 conversions: cooldown 30s + cleanup
Converting 86414795_112 at Thu Sep  3 02:25:05 AM CDT 2026
FAILED 86414795_112 at Thu Sep  3 02:25:06 AM CDT 2026
PAUSE after 1 conversions: cooldown 30s + cleanup
Finished at Thu Sep  3 02:25:41 AM CDT 2026
total=514 skipped=512 empty_skipped=0 converted=0 failed=2 workers=1
Starting batch (offbeamlight, tpc=1) at Thu Sep  3 02:29:35 AM CDT 2026 parallel=0 workers=1 pause_every=1
Input:  /pnfs/sbnd/scratch/users/munjung/v10_06_00/raw-SBND_DATA_InTimeCosmics_offbeamlight/waveforms
Output: /pnfs/sbnd/scratch/users/munjung/v10_06_00/raw-SBND_DATA_InTimeCosmics_offbeamlight/h5 (g4-raw-1_*.h5)
User memory budget: 37 GiB, currently used: 9 GiB
Converting 86414790_107 at Thu Sep  3 02:29:35 AM CDT 2026
FAILED 86414790_107 at Thu Sep  3 02:29:35 AM CDT 2026
PAUSE after 1 conversions: cooldown 30s + cleanup
Converting 86414795_112 at Thu Sep  3 02:30:08 AM CDT 2026
FAILED 86414795_112 at Thu Sep  3 02:30:08 AM CDT 2026
PAUSE after 1 conversions: cooldown 30s + cleanup
Finished at Thu Sep  3 02:30:44 AM CDT 2026
total=514 skipped=512 empty_skipped=0 converted=0 failed=2 workers=1
Starting batch (offbeamlight, tpc=1) at Thu Sep  3 02:34:37 AM CDT 2026 parallel=0 workers=1 pause_every=1
Input:  /pnfs/sbnd/scratch/users/munjung/v10_06_00/raw-SBND_DATA_InTimeCosmics_offbeamlight/waveforms
Output: /pnfs/sbnd/scratch/users/munjung/v10_06_00/raw-SBND_DATA_InTimeCosmics_offbeamlight/h5 (g4-raw-1_*.h5)
User memory budget: 37 GiB, currently used: 9 GiB
Converting 86414790_107 at Thu Sep  3 02:34:37 AM CDT 2026
FAILED 86414790_107 at Thu Sep  3 02:34:38 AM CDT 2026
PAUSE after 1 conversions: cooldown 30s + cleanup
Converting 86414795_112 at Thu Sep  3 02:35:10 AM CDT 2026
FAILED 86414795_112 at Thu Sep  3 02:35:11 AM CDT 2026
PAUSE after 1 conversions: cooldown 30s + cleanup
Finished at Thu Sep  3 02:35:46 AM CDT 2026
total=514 skipped=512 empty_skipped=0 converted=0 failed=2 workers=1
Starting batch (offbeamlight, tpc=1) at Thu Sep  3 02:39:40 AM CDT 2026 parallel=0 workers=1 pause_every=1
Input:  /pnfs/sbnd/scratch/users/munjung/v10_06_00/raw-SBND_DATA_InTimeCosmics_offbeamlight/waveforms
Output: /pnfs/sbnd/scratch/users/munjung/v10_06_00/raw-SBND_DATA_InTimeCosmics_offbeamlight/h5 (g4-raw-1_*.h5)
User memory budget: 37 GiB, currently used: 9 GiB
Converting 86414790_107 at Thu Sep  3 02:39:40 AM CDT 2026
FAILED 86414790_107 at Thu Sep  3 02:39:41 AM CDT 2026
PAUSE after 1 conversions: cooldown 30s + cleanup
Converting 86414795_112 at Thu Sep  3 02:40:13 AM CDT 2026
FAILED 86414795_112 at Thu Sep  3 02:40:13 AM CDT 2026
PAUSE after 1 conversions: cooldown 30s + cleanup
Finished at Thu Sep  3 02:40:49 AM CDT 2026
total=514 skipped=512 empty_skipped=0 converted=0 failed=2 workers=1
Starting batch (offbeamlight, tpc=1) at Thu Sep  3 02:44:43 AM CDT 2026 parallel=0 workers=1 pause_every=1
Input:  /pnfs/sbnd/scratch/users/munjung/v10_06_00/raw-SBND_DATA_InTimeCosmics_offbeamlight/waveforms
Output: /pnfs/sbnd/scratch/users/munjung/v10_06_00/raw-SBND_DATA_InTimeCosmics_offbeamlight/h5 (g4-raw-1_*.h5)
User memory budget: 37 GiB, currently used: 10 GiB
Converting 86414790_107 at Thu Sep  3 02:44:43 AM CDT 2026
FAILED 86414790_107 at Thu Sep  3 02:44:44 AM CDT 2026
PAUSE after 1 conversions: cooldown 30s + cleanup
Converting 86414795_112 at Thu Sep  3 02:45:17 AM CDT 2026
FAILED 86414795_112 at Thu Sep  3 02:45:17 AM CDT 2026
PAUSE after 1 conversions: cooldown 30s + cleanup
Finished at Thu Sep  3 02:45:53 AM CDT 2026
total=514 skipped=512 empty_skipped=0 converted=0 failed=2 workers=1
Starting batch (offbeamlight, tpc=1) at Thu Sep  3 02:49:45 AM CDT 2026 parallel=0 workers=1 pause_every=1
Input:  /pnfs/sbnd/scratch/users/munjung/v10_06_00/raw-SBND_DATA_InTimeCosmics_offbeamlight/waveforms
Output: /pnfs/sbnd/scratch/users/munjung/v10_06_00/raw-SBND_DATA_InTimeCosmics_offbeamlight/h5 (g4-raw-1_*.h5)
User memory budget: 37 GiB, currently used: 10 GiB
Converting 86414790_107 at Thu Sep  3 02:49:45 AM CDT 2026
FAILED 86414790_107 at Thu Sep  3 02:49:47 AM CDT 2026
PAUSE after 1 conversions: cooldown 30s + cleanup
Converting 86414795_112 at Thu Sep  3 02:50:20 AM CDT 2026
FAILED 86414795_112 at Thu Sep  3 02:50:20 AM CDT 2026
PAUSE after 1 conversions: cooldown 30s + cleanup
Finished at Thu Sep  3 02:50:56 AM CDT 2026
total=514 skipped=512 empty_skipped=0 converted=0 failed=2 workers=1
Starting batch (offbeamlight, tpc=1) at Thu Sep  3 02:54:48 AM CDT 2026 parallel=0 workers=1 pause_every=1
Input:  /pnfs/sbnd/scratch/users/munjung/v10_06_00/raw-SBND_DATA_InTimeCosmics_offbeamlight/waveforms
Output: /pnfs/sbnd/scratch/users/munjung/v10_06_00/raw-SBND_DATA_InTimeCosmics_offbeamlight/h5 (g4-raw-1_*.h5)
User memory budget: 37 GiB, currently used: 9 GiB
Converting 86414790_107 at Thu Sep  3 02:54:48 AM CDT 2026
FAILED 86414790_107 at Thu Sep  3 02:54:49 AM CDT 2026
PAUSE after 1 conversions: cooldown 30s + cleanup
Converting 86414795_112 at Thu Sep  3 02:55:21 AM CDT 2026
FAILED 86414795_112 at Thu Sep  3 02:55:21 AM CDT 2026
PAUSE after 1 conversions: cooldown 30s + cleanup
Finished at Thu Sep  3 02:55:57 AM CDT 2026
total=514 skipped=512 empty_skipped=0 converted=0 failed=2 workers=1
Starting batch (offbeamlight, tpc=1) at Thu Sep  3 02:59:51 AM CDT 2026 parallel=0 workers=1 pause_every=1
Input:  /pnfs/sbnd/scratch/users/munjung/v10_06_00/raw-SBND_DATA_InTimeCosmics_offbeamlight/waveforms
Output: /pnfs/sbnd/scratch/users/munjung/v10_06_00/raw-SBND_DATA_InTimeCosmics_offbeamlight/h5 (g4-raw-1_*.h5)
User memory budget: 37 GiB, currently used: 10 GiB
Converting 86414790_107 at Thu Sep  3 02:59:51 AM CDT 2026
FAILED 86414790_107 at Thu Sep  3 02:59:52 AM CDT 2026
PAUSE after 1 conversions: cooldown 30s + cleanup
Converting 86414795_112 at Thu Sep  3 03:00:24 AM CDT 2026
FAILED 86414795_112 at Thu Sep  3 03:00:24 AM CDT 2026
PAUSE after 1 conversions: cooldown 30s + cleanup
Finished at Thu Sep  3 03:01:00 AM CDT 2026
total=514 skipped=512 empty_skipped=0 converted=0 failed=2 workers=1
Starting batch (offbeamlight, tpc=1) at Thu Sep  3 03:04:53 AM CDT 2026 parallel=0 workers=1 pause_every=1
Input:  /pnfs/sbnd/scratch/users/munjung/v10_06_00/raw-SBND_DATA_InTimeCosmics_offbeamlight/waveforms
Output: /pnfs/sbnd/scratch/users/munjung/v10_06_00/raw-SBND_DATA_InTimeCosmics_offbeamlight/h5 (g4-raw-1_*.h5)
User memory budget: 37 GiB, currently used: 10 GiB
Converting 86414790_107 at Thu Sep  3 03:04:53 AM CDT 2026
FAILED 86414790_107 at Thu Sep  3 03:04:54 AM CDT 2026
PAUSE after 1 conversions: cooldown 30s + cleanup
Converting 86414795_112 at Thu Sep  3 03:05:26 AM CDT 2026
FAILED 86414795_112 at Thu Sep  3 03:05:27 AM CDT 2026
PAUSE after 1 conversions: cooldown 30s + cleanup
Finished at Thu Sep  3 03:06:02 AM CDT 2026
total=514 skipped=512 empty_skipped=0 converted=0 failed=2 workers=1
Starting batch (offbeamlight, tpc=1) at Thu Sep  3 03:09:56 AM CDT 2026 parallel=0 workers=1 pause_every=1
Input:  /pnfs/sbnd/scratch/users/munjung/v10_06_00/raw-SBND_DATA_InTimeCosmics_offbeamlight/waveforms
Output: /pnfs/sbnd/scratch/users/munjung/v10_06_00/raw-SBND_DATA_InTimeCosmics_offbeamlight/h5 (g4-raw-1_*.h5)
User memory budget: 37 GiB, currently used: 10 GiB
Converting 86414790_107 at Thu Sep  3 03:09:56 AM CDT 2026
FAILED 86414790_107 at Thu Sep  3 03:09:59 AM CDT 2026
PAUSE after 1 conversions: cooldown 30s + cleanup
Converting 86414795_112 at Thu Sep  3 03:10:31 AM CDT 2026
FAILED 86414795_112 at Thu Sep  3 03:10:32 AM CDT 2026
PAUSE after 1 conversions: cooldown 30s + cleanup
Finished at Thu Sep  3 03:11:08 AM CDT 2026
total=514 skipped=512 empty_skipped=0 converted=0 failed=2 workers=1
Starting batch (offbeamlight, tpc=1) at Thu Sep  3 03:14:59 AM CDT 2026 parallel=0 workers=1 pause_every=1
Input:  /pnfs/sbnd/scratch/users/munjung/v10_06_00/raw-SBND_DATA_InTimeCosmics_offbeamlight/waveforms
Output: /pnfs/sbnd/scratch/users/munjung/v10_06_00/raw-SBND_DATA_InTimeCosmics_offbeamlight/h5 (g4-raw-1_*.h5)
User memory budget: 37 GiB, currently used: 10 GiB
Converting 86414790_107 at Thu Sep  3 03:14:59 AM CDT 2026
FAILED 86414790_107 at Thu Sep  3 03:15:00 AM CDT 2026
PAUSE after 1 conversions: cooldown 30s + cleanup
Converting 86414795_112 at Thu Sep  3 03:15:32 AM CDT 2026
FAILED 86414795_112 at Thu Sep  3 03:15:32 AM CDT 2026
PAUSE after 1 conversions: cooldown 30s + cleanup
Finished at Thu Sep  3 03:16:08 AM CDT 2026
total=514 skipped=512 empty_skipped=0 converted=0 failed=2 workers=1
Starting batch (offbeamlight, tpc=1) at Thu Sep  3 03:20:02 AM CDT 2026 parallel=0 workers=1 pause_every=1
Input:  /pnfs/sbnd/scratch/users/munjung/v10_06_00/raw-SBND_DATA_InTimeCosmics_offbeamlight/waveforms
Output: /pnfs/sbnd/scratch/users/munjung/v10_06_00/raw-SBND_DATA_InTimeCosmics_offbeamlight/h5 (g4-raw-1_*.h5)
User memory budget: 37 GiB, currently used: 10 GiB
Converting 86414790_107 at Thu Sep  3 03:20:02 AM CDT 2026
FAILED 86414790_107 at Thu Sep  3 03:20:02 AM CDT 2026
PAUSE after 1 conversions: cooldown 30s + cleanup
Converting 86414795_112 at Thu Sep  3 03:20:35 AM CDT 2026
FAILED 86414795_112 at Thu Sep  3 03:20:35 AM CDT 2026
PAUSE after 1 conversions: cooldown 30s + cleanup
Finished at Thu Sep  3 03:21:11 AM CDT 2026
total=514 skipped=512 empty_skipped=0 converted=0 failed=2 workers=1
Starting batch (offbeamlight, tpc=1) at Thu Sep  3 03:25:04 AM CDT 2026 parallel=0 workers=1 pause_every=1
Input:  /pnfs/sbnd/scratch/users/munjung/v10_06_00/raw-SBND_DATA_InTimeCosmics_offbeamlight/waveforms
Output: /pnfs/sbnd/scratch/users/munjung/v10_06_00/raw-SBND_DATA_InTimeCosmics_offbeamlight/h5 (g4-raw-1_*.h5)
User memory budget: 37 GiB, currently used: 10 GiB
Converting 86414790_107 at Thu Sep  3 03:25:04 AM CDT 2026
FAILED 86414790_107 at Thu Sep  3 03:25:05 AM CDT 2026
PAUSE after 1 conversions: cooldown 30s + cleanup
Converting 86414795_112 at Thu Sep  3 03:25:37 AM CDT 2026
FAILED 86414795_112 at Thu Sep  3 03:25:38 AM CDT 2026
PAUSE after 1 conversions: cooldown 30s + cleanup
Finished at Thu Sep  3 03:26:13 AM CDT 2026
total=514 skipped=512 empty_skipped=0 converted=0 failed=2 workers=1
Starting batch (offbeamlight, tpc=1) at Thu Sep  3 03:30:07 AM CDT 2026 parallel=0 workers=1 pause_every=1
Input:  /pnfs/sbnd/scratch/users/munjung/v10_06_00/raw-SBND_DATA_InTimeCosmics_offbeamlight/waveforms
Output: /pnfs/sbnd/scratch/users/munjung/v10_06_00/raw-SBND_DATA_InTimeCosmics_offbeamlight/h5 (g4-raw-1_*.h5)
User memory budget: 37 GiB, currently used: 10 GiB
Converting 86414790_107 at Thu Sep  3 03:30:07 AM CDT 2026
FAILED 86414790_107 at Thu Sep  3 03:30:08 AM CDT 2026
PAUSE after 1 conversions: cooldown 30s + cleanup
Converting 86414795_112 at Thu Sep  3 03:30:40 AM CDT 2026
FAILED 86414795_112 at Thu Sep  3 03:30:41 AM CDT 2026
PAUSE after 1 conversions: cooldown 30s + cleanup
Finished at Thu Sep  3 03:31:16 AM CDT 2026
total=514 skipped=512 empty_skipped=0 converted=0 failed=2 workers=1
Starting batch (offbeamlight, tpc=1) at Thu Sep  3 03:35:10 AM CDT 2026 parallel=0 workers=1 pause_every=1
Input:  /pnfs/sbnd/scratch/users/munjung/v10_06_00/raw-SBND_DATA_InTimeCosmics_offbeamlight/waveforms
Output: /pnfs/sbnd/scratch/users/munjung/v10_06_00/raw-SBND_DATA_InTimeCosmics_offbeamlight/h5 (g4-raw-1_*.h5)
User memory budget: 37 GiB, currently used: 10 GiB
Converting 86414790_107 at Thu Sep  3 03:35:10 AM CDT 2026
FAILED 86414790_107 at Thu Sep  3 03:35:10 AM CDT 2026
PAUSE after 1 conversions: cooldown 30s + cleanup
Converting 86414795_112 at Thu Sep  3 03:35:43 AM CDT 2026
FAILED 86414795_112 at Thu Sep  3 03:35:43 AM CDT 2026
PAUSE after 1 conversions: cooldown 30s + cleanup
Finished at Thu Sep  3 03:36:19 AM CDT 2026
total=514 skipped=512 empty_skipped=0 converted=0 failed=2 workers=1
Starting batch (offbeamlight, tpc=1) at Thu Sep  3 03:40:12 AM CDT 2026 parallel=0 workers=1 pause_every=1
Input:  /pnfs/sbnd/scratch/users/munjung/v10_06_00/raw-SBND_DATA_InTimeCosmics_offbeamlight/waveforms
Output: /pnfs/sbnd/scratch/users/munjung/v10_06_00/raw-SBND_DATA_InTimeCosmics_offbeamlight/h5 (g4-raw-1_*.h5)
User memory budget: 37 GiB, currently used: 10 GiB
Converting 86414790_107 at Thu Sep  3 03:40:12 AM CDT 2026
FAILED 86414790_107 at Thu Sep  3 03:40:13 AM CDT 2026
PAUSE after 1 conversions: cooldown 30s + cleanup
Converting 86414795_112 at Thu Sep  3 03:40:48 AM CDT 2026
FAILED 86414795_112 at Thu Sep  3 03:40:48 AM CDT 2026
PAUSE after 1 conversions: cooldown 30s + cleanup
Finished at Thu Sep  3 03:41:24 AM CDT 2026
total=514 skipped=512 empty_skipped=0 converted=0 failed=2 workers=1
Starting batch (offbeamlight, tpc=1) at Thu Sep  3 03:45:15 AM CDT 2026 parallel=0 workers=1 pause_every=1
Input:  /pnfs/sbnd/scratch/users/munjung/v10_06_00/raw-SBND_DATA_InTimeCosmics_offbeamlight/waveforms
Output: /pnfs/sbnd/scratch/users/munjung/v10_06_00/raw-SBND_DATA_InTimeCosmics_offbeamlight/h5 (g4-raw-1_*.h5)
User memory budget: 37 GiB, currently used: 10 GiB
Converting 86414790_107 at Thu Sep  3 03:45:15 AM CDT 2026
FAILED 86414790_107 at Thu Sep  3 03:45:16 AM CDT 2026
PAUSE after 1 conversions: cooldown 30s + cleanup
Converting 86414795_112 at Thu Sep  3 03:45:48 AM CDT 2026
FAILED 86414795_112 at Thu Sep  3 03:45:48 AM CDT 2026
PAUSE after 1 conversions: cooldown 30s + cleanup
Finished at Thu Sep  3 03:46:24 AM CDT 2026
total=514 skipped=512 empty_skipped=0 converted=0 failed=2 workers=1
Starting batch (offbeamlight, tpc=1) at Thu Sep  3 03:50:17 AM CDT 2026 parallel=0 workers=1 pause_every=1
Input:  /pnfs/sbnd/scratch/users/munjung/v10_06_00/raw-SBND_DATA_InTimeCosmics_offbeamlight/waveforms
Output: /pnfs/sbnd/scratch/users/munjung/v10_06_00/raw-SBND_DATA_InTimeCosmics_offbeamlight/h5 (g4-raw-1_*.h5)
User memory budget: 37 GiB, currently used: 10 GiB
Converting 86414790_107 at Thu Sep  3 03:50:18 AM CDT 2026
FAILED 86414790_107 at Thu Sep  3 03:50:18 AM CDT 2026
PAUSE after 1 conversions: cooldown 30s + cleanup
Converting 86414795_112 at Thu Sep  3 03:50:50 AM CDT 2026
FAILED 86414795_112 at Thu Sep  3 03:50:51 AM CDT 2026
PAUSE after 1 conversions: cooldown 30s + cleanup
Finished at Thu Sep  3 03:51:26 AM CDT 2026
total=514 skipped=512 empty_skipped=0 converted=0 failed=2 workers=1
Starting batch (offbeamlight, tpc=1) at Thu Sep  3 03:55:20 AM CDT 2026 parallel=0 workers=1 pause_every=1
Input:  /pnfs/sbnd/scratch/users/munjung/v10_06_00/raw-SBND_DATA_InTimeCosmics_offbeamlight/waveforms
Output: /pnfs/sbnd/scratch/users/munjung/v10_06_00/raw-SBND_DATA_InTimeCosmics_offbeamlight/h5 (g4-raw-1_*.h5)
User memory budget: 37 GiB, currently used: 10 GiB
Converting 86414790_107 at Thu Sep  3 03:55:20 AM CDT 2026
FAILED 86414790_107 at Thu Sep  3 03:55:21 AM CDT 2026
PAUSE after 1 conversions: cooldown 30s + cleanup
Converting 86414795_112 at Thu Sep  3 03:55:53 AM CDT 2026
FAILED 86414795_112 at Thu Sep  3 03:55:54 AM CDT 2026
PAUSE after 1 conversions: cooldown 30s + cleanup
Finished at Thu Sep  3 03:56:29 AM CDT 2026
total=514 skipped=512 empty_skipped=0 converted=0 failed=2 workers=1
Starting batch (offbeamlight, tpc=1) at Thu Sep  3 04:00:23 AM CDT 2026 parallel=0 workers=1 pause_every=1
Input:  /pnfs/sbnd/scratch/users/munjung/v10_06_00/raw-SBND_DATA_InTimeCosmics_offbeamlight/waveforms
Output: /pnfs/sbnd/scratch/users/munjung/v10_06_00/raw-SBND_DATA_InTimeCosmics_offbeamlight/h5 (g4-raw-1_*.h5)
User memory budget: 37 GiB, currently used: 10 GiB
Converting 86414790_107 at Thu Sep  3 04:00:23 AM CDT 2026
FAILED 86414790_107 at Thu Sep  3 04:00:24 AM CDT 2026
PAUSE after 1 conversions: cooldown 30s + cleanup
Converting 86414795_112 at Thu Sep  3 04:00:56 AM CDT 2026
FAILED 86414795_112 at Thu Sep  3 04:00:56 AM CDT 2026
PAUSE after 1 conversions: cooldown 30s + cleanup
Finished at Thu Sep  3 04:01:32 AM CDT 2026
total=514 skipped=512 empty_skipped=0 converted=0 failed=2 workers=1
Starting batch (offbeamlight, tpc=1) at Thu Sep  3 04:05:25 AM CDT 2026 parallel=0 workers=1 pause_every=1
Input:  /pnfs/sbnd/scratch/users/munjung/v10_06_00/raw-SBND_DATA_InTimeCosmics_offbeamlight/waveforms
Output: /pnfs/sbnd/scratch/users/munjung/v10_06_00/raw-SBND_DATA_InTimeCosmics_offbeamlight/h5 (g4-raw-1_*.h5)
User memory budget: 37 GiB, currently used: 10 GiB
Converting 86414790_107 at Thu Sep  3 04:05:25 AM CDT 2026
FAILED 86414790_107 at Thu Sep  3 04:05:26 AM CDT 2026
PAUSE after 1 conversions: cooldown 30s + cleanup
Converting 86414795_112 at Thu Sep  3 04:05:58 AM CDT 2026
FAILED 86414795_112 at Thu Sep  3 04:05:59 AM CDT 2026
PAUSE after 1 conversions: cooldown 30s + cleanup
Finished at Thu Sep  3 04:06:34 AM CDT 2026
total=514 skipped=512 empty_skipped=0 converted=0 failed=2 workers=1
Starting batch (offbeamlight, tpc=1) at Thu Sep  3 04:10:28 AM CDT 2026 parallel=0 workers=1 pause_every=1
Input:  /pnfs/sbnd/scratch/users/munjung/v10_06_00/raw-SBND_DATA_InTimeCosmics_offbeamlight/waveforms
Output: /pnfs/sbnd/scratch/users/munjung/v10_06_00/raw-SBND_DATA_InTimeCosmics_offbeamlight/h5 (g4-raw-1_*.h5)
User memory budget: 37 GiB, currently used: 10 GiB
Converting 86414790_107 at Thu Sep  3 04:10:28 AM CDT 2026
FAILED 86414790_107 at Thu Sep  3 04:10:29 AM CDT 2026
PAUSE after 1 conversions: cooldown 30s + cleanup
Converting 86414795_112 at Thu Sep  3 04:11:01 AM CDT 2026
FAILED 86414795_112 at Thu Sep  3 04:11:02 AM CDT 2026
PAUSE after 1 conversions: cooldown 30s + cleanup
Finished at Thu Sep  3 04:11:37 AM CDT 2026
total=514 skipped=512 empty_skipped=0 converted=0 failed=2 workers=1
Starting batch (offbeamlight, tpc=1) at Thu Sep  3 04:15:31 AM CDT 2026 parallel=0 workers=1 pause_every=1
Input:  /pnfs/sbnd/scratch/users/munjung/v10_06_00/raw-SBND_DATA_InTimeCosmics_offbeamlight/waveforms
Output: /pnfs/sbnd/scratch/users/munjung/v10_06_00/raw-SBND_DATA_InTimeCosmics_offbeamlight/h5 (g4-raw-1_*.h5)
User memory budget: 37 GiB, currently used: 10 GiB
Converting 86414790_107 at Thu Sep  3 04:15:31 AM CDT 2026
FAILED 86414790_107 at Thu Sep  3 04:15:31 AM CDT 2026
PAUSE after 1 conversions: cooldown 30s + cleanup
Converting 86414795_112 at Thu Sep  3 04:16:04 AM CDT 2026
FAILED 86414795_112 at Thu Sep  3 04:16:04 AM CDT 2026
PAUSE after 1 conversions: cooldown 30s + cleanup
Finished at Thu Sep  3 04:16:40 AM CDT 2026
total=514 skipped=512 empty_skipped=0 converted=0 failed=2 workers=1
Starting batch (offbeamlight, tpc=1) at Thu Sep  3 04:20:33 AM CDT 2026 parallel=0 workers=1 pause_every=1
Input:  /pnfs/sbnd/scratch/users/munjung/v10_06_00/raw-SBND_DATA_InTimeCosmics_offbeamlight/waveforms
Output: /pnfs/sbnd/scratch/users/munjung/v10_06_00/raw-SBND_DATA_InTimeCosmics_offbeamlight/h5 (g4-raw-1_*.h5)
User memory budget: 37 GiB, currently used: 10 GiB
Converting 86414790_107 at Thu Sep  3 04:20:33 AM CDT 2026
FAILED 86414790_107 at Thu Sep  3 04:20:34 AM CDT 2026
PAUSE after 1 conversions: cooldown 30s + cleanup
Converting 86414795_112 at Thu Sep  3 04:21:06 AM CDT 2026
FAILED 86414795_112 at Thu Sep  3 04:21:07 AM CDT 2026
PAUSE after 1 conversions: cooldown 30s + cleanup
Finished at Thu Sep  3 04:21:42 AM CDT 2026
total=514 skipped=512 empty_skipped=0 converted=0 failed=2 workers=1
Starting batch (offbeamlight, tpc=1) at Thu Sep  3 04:25:36 AM CDT 2026 parallel=0 workers=1 pause_every=1
Input:  /pnfs/sbnd/scratch/users/munjung/v10_06_00/raw-SBND_DATA_InTimeCosmics_offbeamlight/waveforms
Output: /pnfs/sbnd/scratch/users/munjung/v10_06_00/raw-SBND_DATA_InTimeCosmics_offbeamlight/h5 (g4-raw-1_*.h5)
User memory budget: 37 GiB, currently used: 10 GiB
Converting 86414790_107 at Thu Sep  3 04:25:36 AM CDT 2026
FAILED 86414790_107 at Thu Sep  3 04:25:37 AM CDT 2026
PAUSE after 1 conversions: cooldown 30s + cleanup
Converting 86414795_112 at Thu Sep  3 04:26:09 AM CDT 2026
FAILED 86414795_112 at Thu Sep  3 04:26:09 AM CDT 2026
PAUSE after 1 conversions: cooldown 30s + cleanup
Finished at Thu Sep  3 04:26:45 AM CDT 2026
total=514 skipped=512 empty_skipped=0 converted=0 failed=2 workers=1
Starting batch (offbeamlight, tpc=1) at Thu Sep  3 04:30:38 AM CDT 2026 parallel=0 workers=1 pause_every=1
Input:  /pnfs/sbnd/scratch/users/munjung/v10_06_00/raw-SBND_DATA_InTimeCosmics_offbeamlight/waveforms
Output: /pnfs/sbnd/scratch/users/munjung/v10_06_00/raw-SBND_DATA_InTimeCosmics_offbeamlight/h5 (g4-raw-1_*.h5)
User memory budget: 37 GiB, currently used: 10 GiB
Converting 86414790_107 at Thu Sep  3 04:30:38 AM CDT 2026
FAILED 86414790_107 at Thu Sep  3 04:30:39 AM CDT 2026
PAUSE after 1 conversions: cooldown 30s + cleanup
Converting 86414795_112 at Thu Sep  3 04:31:11 AM CDT 2026
FAILED 86414795_112 at Thu Sep  3 04:31:12 AM CDT 2026
PAUSE after 1 conversions: cooldown 30s + cleanup
Finished at Thu Sep  3 04:31:47 AM CDT 2026
total=514 skipped=512 empty_skipped=0 converted=0 failed=2 workers=1
Starting batch (offbeamlight, tpc=1) at Thu Sep  3 04:35:41 AM CDT 2026 parallel=0 workers=1 pause_every=1
Input:  /pnfs/sbnd/scratch/users/munjung/v10_06_00/raw-SBND_DATA_InTimeCosmics_offbeamlight/waveforms
Output: /pnfs/sbnd/scratch/users/munjung/v10_06_00/raw-SBND_DATA_InTimeCosmics_offbeamlight/h5 (g4-raw-1_*.h5)
User memory budget: 37 GiB, currently used: 10 GiB
Converting 86414790_107 at Thu Sep  3 04:35:41 AM CDT 2026
FAILED 86414790_107 at Thu Sep  3 04:35:42 AM CDT 2026
PAUSE after 1 conversions: cooldown 30s + cleanup
Converting 86414795_112 at Thu Sep  3 04:36:14 AM CDT 2026
FAILED 86414795_112 at Thu Sep  3 04:36:14 AM CDT 2026
PAUSE after 1 conversions: cooldown 30s + cleanup
Finished at Thu Sep  3 04:36:50 AM CDT 2026
total=514 skipped=512 empty_skipped=0 converted=0 failed=2 workers=1
Starting batch (offbeamlight, tpc=1) at Thu Sep  3 04:40:44 AM CDT 2026 parallel=0 workers=1 pause_every=1
Input:  /pnfs/sbnd/scratch/users/munjung/v10_06_00/raw-SBND_DATA_InTimeCosmics_offbeamlight/waveforms
Output: /pnfs/sbnd/scratch/users/munjung/v10_06_00/raw-SBND_DATA_InTimeCosmics_offbeamlight/h5 (g4-raw-1_*.h5)
User memory budget: 37 GiB, currently used: 10 GiB
Converting 86414790_107 at Thu Sep  3 04:40:44 AM CDT 2026
FAILED 86414790_107 at Thu Sep  3 04:40:44 AM CDT 2026
PAUSE after 1 conversions: cooldown 30s + cleanup
Converting 86414795_112 at Thu Sep  3 04:41:17 AM CDT 2026
FAILED 86414795_112 at Thu Sep  3 04:41:17 AM CDT 2026
PAUSE after 1 conversions: cooldown 30s + cleanup
Finished at Thu Sep  3 04:41:53 AM CDT 2026
total=514 skipped=512 empty_skipped=0 converted=0 failed=2 workers=1
Starting batch (offbeamlight, tpc=1) at Thu Sep  3 04:45:46 AM CDT 2026 parallel=0 workers=1 pause_every=1
Input:  /pnfs/sbnd/scratch/users/munjung/v10_06_00/raw-SBND_DATA_InTimeCosmics_offbeamlight/waveforms
Output: /pnfs/sbnd/scratch/users/munjung/v10_06_00/raw-SBND_DATA_InTimeCosmics_offbeamlight/h5 (g4-raw-1_*.h5)
User memory budget: 37 GiB, currently used: 10 GiB
Converting 86414790_107 at Thu Sep  3 04:45:46 AM CDT 2026
FAILED 86414790_107 at Thu Sep  3 04:45:47 AM CDT 2026
PAUSE after 1 conversions: cooldown 30s + cleanup
Converting 86414795_112 at Thu Sep  3 04:46:19 AM CDT 2026
FAILED 86414795_112 at Thu Sep  3 04:46:20 AM CDT 2026
PAUSE after 1 conversions: cooldown 30s + cleanup
Finished at Thu Sep  3 04:46:55 AM CDT 2026
total=514 skipped=512 empty_skipped=0 converted=0 failed=2 workers=1
Starting batch (offbeamlight, tpc=1) at Thu Sep  3 04:50:49 AM CDT 2026 parallel=0 workers=1 pause_every=1
Input:  /pnfs/sbnd/scratch/users/munjung/v10_06_00/raw-SBND_DATA_InTimeCosmics_offbeamlight/waveforms
Output: /pnfs/sbnd/scratch/users/munjung/v10_06_00/raw-SBND_DATA_InTimeCosmics_offbeamlight/h5 (g4-raw-1_*.h5)
User memory budget: 37 GiB, currently used: 10 GiB
Converting 86414790_107 at Thu Sep  3 04:50:49 AM CDT 2026
FAILED 86414790_107 at Thu Sep  3 04:50:50 AM CDT 2026
PAUSE after 1 conversions: cooldown 30s + cleanup
Converting 86414795_112 at Thu Sep  3 04:51:22 AM CDT 2026
FAILED 86414795_112 at Thu Sep  3 04:51:22 AM CDT 2026
PAUSE after 1 conversions: cooldown 30s + cleanup
Finished at Thu Sep  3 04:51:58 AM CDT 2026
total=514 skipped=512 empty_skipped=0 converted=0 failed=2 workers=1
Starting batch (offbeamlight, tpc=1) at Thu Sep  3 04:55:51 AM CDT 2026 parallel=0 workers=1 pause_every=1
Input:  /pnfs/sbnd/scratch/users/munjung/v10_06_00/raw-SBND_DATA_InTimeCosmics_offbeamlight/waveforms
Output: /pnfs/sbnd/scratch/users/munjung/v10_06_00/raw-SBND_DATA_InTimeCosmics_offbeamlight/h5 (g4-raw-1_*.h5)
User memory budget: 37 GiB, currently used: 10 GiB
Converting 86414790_107 at Thu Sep  3 04:55:51 AM CDT 2026
FAILED 86414790_107 at Thu Sep  3 04:55:52 AM CDT 2026
PAUSE after 1 conversions: cooldown 30s + cleanup
Converting 86414795_112 at Thu Sep  3 04:56:24 AM CDT 2026
FAILED 86414795_112 at Thu Sep  3 04:56:25 AM CDT 2026
PAUSE after 1 conversions: cooldown 30s + cleanup
Finished at Thu Sep  3 04:57:00 AM CDT 2026
total=514 skipped=512 empty_skipped=0 converted=0 failed=2 workers=1
Starting batch (offbeamlight, tpc=1) at Thu Sep  3 05:00:54 AM CDT 2026 parallel=0 workers=1 pause_every=1
Input:  /pnfs/sbnd/scratch/users/munjung/v10_06_00/raw-SBND_DATA_InTimeCosmics_offbeamlight/waveforms
Output: /pnfs/sbnd/scratch/users/munjung/v10_06_00/raw-SBND_DATA_InTimeCosmics_offbeamlight/h5 (g4-raw-1_*.h5)
User memory budget: 37 GiB, currently used: 10 GiB
Converting 86414790_107 at Thu Sep  3 05:00:54 AM CDT 2026
FAILED 86414790_107 at Thu Sep  3 05:00:55 AM CDT 2026
PAUSE after 1 conversions: cooldown 30s + cleanup
Converting 86414795_112 at Thu Sep  3 05:01:27 AM CDT 2026
FAILED 86414795_112 at Thu Sep  3 05:01:28 AM CDT 2026
PAUSE after 1 conversions: cooldown 30s + cleanup
Finished at Thu Sep  3 05:02:03 AM CDT 2026
total=514 skipped=512 empty_skipped=0 converted=0 failed=2 workers=1
Starting batch (offbeamlight, tpc=1) at Thu Sep  3 05:05:57 AM CDT 2026 parallel=0 workers=1 pause_every=1
Input:  /pnfs/sbnd/scratch/users/munjung/v10_06_00/raw-SBND_DATA_InTimeCosmics_offbeamlight/waveforms
Output: /pnfs/sbnd/scratch/users/munjung/v10_06_00/raw-SBND_DATA_InTimeCosmics_offbeamlight/h5 (g4-raw-1_*.h5)
User memory budget: 37 GiB, currently used: 10 GiB
Converting 86414790_107 at Thu Sep  3 05:05:57 AM CDT 2026
FAILED 86414790_107 at Thu Sep  3 05:05:58 AM CDT 2026
PAUSE after 1 conversions: cooldown 30s + cleanup
Converting 86414795_112 at Thu Sep  3 05:06:30 AM CDT 2026
FAILED 86414795_112 at Thu Sep  3 05:06:30 AM CDT 2026
PAUSE after 1 conversions: cooldown 30s + cleanup
Finished at Thu Sep  3 05:07:06 AM CDT 2026
total=514 skipped=512 empty_skipped=0 converted=0 failed=2 workers=1
Starting batch (offbeamlight, tpc=1) at Thu Sep  3 05:10:59 AM CDT 2026 parallel=0 workers=1 pause_every=1
Input:  /pnfs/sbnd/scratch/users/munjung/v10_06_00/raw-SBND_DATA_InTimeCosmics_offbeamlight/waveforms
Output: /pnfs/sbnd/scratch/users/munjung/v10_06_00/raw-SBND_DATA_InTimeCosmics_offbeamlight/h5 (g4-raw-1_*.h5)
User memory budget: 37 GiB, currently used: 10 GiB
Converting 86414790_107 at Thu Sep  3 05:10:59 AM CDT 2026
FAILED 86414790_107 at Thu Sep  3 05:11:00 AM CDT 2026
PAUSE after 1 conversions: cooldown 30s + cleanup
Converting 86414795_112 at Thu Sep  3 05:11:32 AM CDT 2026
FAILED 86414795_112 at Thu Sep  3 05:11:33 AM CDT 2026
PAUSE after 1 conversions: cooldown 30s + cleanup
Finished at Thu Sep  3 05:12:08 AM CDT 2026
total=514 skipped=512 empty_skipped=0 converted=0 failed=2 workers=1
Starting batch (offbeamlight, tpc=1) at Thu Sep  3 05:16:02 AM CDT 2026 parallel=0 workers=1 pause_every=1
Input:  /pnfs/sbnd/scratch/users/munjung/v10_06_00/raw-SBND_DATA_InTimeCosmics_offbeamlight/waveforms
Output: /pnfs/sbnd/scratch/users/munjung/v10_06_00/raw-SBND_DATA_InTimeCosmics_offbeamlight/h5 (g4-raw-1_*.h5)
User memory budget: 37 GiB, currently used: 10 GiB
Converting 86414790_107 at Thu Sep  3 05:16:02 AM CDT 2026
FAILED 86414790_107 at Thu Sep  3 05:16:03 AM CDT 2026
PAUSE after 1 conversions: cooldown 30s + cleanup
Converting 86414795_112 at Thu Sep  3 05:16:35 AM CDT 2026
FAILED 86414795_112 at Thu Sep  3 05:16:36 AM CDT 2026
PAUSE after 1 conversions: cooldown 30s + cleanup
Finished at Thu Sep  3 05:17:11 AM CDT 2026
total=514 skipped=512 empty_skipped=0 converted=0 failed=2 workers=1
Starting batch (offbeamlight, tpc=1) at Thu Sep  3 05:21:05 AM CDT 2026 parallel=0 workers=1 pause_every=1
Input:  /pnfs/sbnd/scratch/users/munjung/v10_06_00/raw-SBND_DATA_InTimeCosmics_offbeamlight/waveforms
Output: /pnfs/sbnd/scratch/users/munjung/v10_06_00/raw-SBND_DATA_InTimeCosmics_offbeamlight/h5 (g4-raw-1_*.h5)
User memory budget: 37 GiB, currently used: 10 GiB
Converting 86414790_107 at Thu Sep  3 05:21:05 AM CDT 2026
FAILED 86414790_107 at Thu Sep  3 05:21:06 AM CDT 2026
PAUSE after 1 conversions: cooldown 30s + cleanup
Converting 86414795_112 at Thu Sep  3 05:21:38 AM CDT 2026
FAILED 86414795_112 at Thu Sep  3 05:21:38 AM CDT 2026
PAUSE after 1 conversions: cooldown 30s + cleanup
Finished at Thu Sep  3 05:22:14 AM CDT 2026
total=514 skipped=512 empty_skipped=0 converted=0 failed=2 workers=1
Starting batch (offbeamlight, tpc=1) at Thu Sep  3 05:26:07 AM CDT 2026 parallel=0 workers=1 pause_every=1
Input:  /pnfs/sbnd/scratch/users/munjung/v10_06_00/raw-SBND_DATA_InTimeCosmics_offbeamlight/waveforms
Output: /pnfs/sbnd/scratch/users/munjung/v10_06_00/raw-SBND_DATA_InTimeCosmics_offbeamlight/h5 (g4-raw-1_*.h5)
User memory budget: 37 GiB, currently used: 10 GiB
Converting 86414790_107 at Thu Sep  3 05:26:08 AM CDT 2026
FAILED 86414790_107 at Thu Sep  3 05:26:08 AM CDT 2026
PAUSE after 1 conversions: cooldown 30s + cleanup
Converting 86414795_112 at Thu Sep  3 05:26:40 AM CDT 2026
FAILED 86414795_112 at Thu Sep  3 05:26:41 AM CDT 2026
PAUSE after 1 conversions: cooldown 30s + cleanup
Finished at Thu Sep  3 05:27:16 AM CDT 2026
total=514 skipped=512 empty_skipped=0 converted=0 failed=2 workers=1
Starting batch (offbeamlight, tpc=1) at Thu Sep  3 05:31:10 AM CDT 2026 parallel=0 workers=1 pause_every=1
Input:  /pnfs/sbnd/scratch/users/munjung/v10_06_00/raw-SBND_DATA_InTimeCosmics_offbeamlight/waveforms
Output: /pnfs/sbnd/scratch/users/munjung/v10_06_00/raw-SBND_DATA_InTimeCosmics_offbeamlight/h5 (g4-raw-1_*.h5)
User memory budget: 37 GiB, currently used: 10 GiB
Converting 86414790_107 at Thu Sep  3 05:31:11 AM CDT 2026
FAILED 86414790_107 at Thu Sep  3 05:31:12 AM CDT 2026
PAUSE after 1 conversions: cooldown 30s + cleanup
Converting 86414795_112 at Thu Sep  3 05:31:44 AM CDT 2026
FAILED 86414795_112 at Thu Sep  3 05:31:45 AM CDT 2026
PAUSE after 1 conversions: cooldown 30s + cleanup
Finished at Thu Sep  3 05:32:20 AM CDT 2026
total=514 skipped=512 empty_skipped=0 converted=0 failed=2 workers=1
Starting batch (offbeamlight, tpc=1) at Thu Sep  3 05:36:13 AM CDT 2026 parallel=0 workers=1 pause_every=1
Input:  /pnfs/sbnd/scratch/users/munjung/v10_06_00/raw-SBND_DATA_InTimeCosmics_offbeamlight/waveforms
Output: /pnfs/sbnd/scratch/users/munjung/v10_06_00/raw-SBND_DATA_InTimeCosmics_offbeamlight/h5 (g4-raw-1_*.h5)
User memory budget: 37 GiB, currently used: 10 GiB
Converting 86414790_107 at Thu Sep  3 05:36:13 AM CDT 2026
FAILED 86414790_107 at Thu Sep  3 05:36:15 AM CDT 2026
PAUSE after 1 conversions: cooldown 30s + cleanup
Converting 86414795_112 at Thu Sep  3 05:36:47 AM CDT 2026
FAILED 86414795_112 at Thu Sep  3 05:36:47 AM CDT 2026
PAUSE after 1 conversions: cooldown 30s + cleanup
Finished at Thu Sep  3 05:37:23 AM CDT 2026
total=514 skipped=512 empty_skipped=0 converted=0 failed=2 workers=1
Starting batch (offbeamlight, tpc=1) at Thu Sep  3 05:41:16 AM CDT 2026 parallel=0 workers=1 pause_every=1
Input:  /pnfs/sbnd/scratch/users/munjung/v10_06_00/raw-SBND_DATA_InTimeCosmics_offbeamlight/waveforms
Output: /pnfs/sbnd/scratch/users/munjung/v10_06_00/raw-SBND_DATA_InTimeCosmics_offbeamlight/h5 (g4-raw-1_*.h5)
User memory budget: 37 GiB, currently used: 10 GiB
Converting 86414790_107 at Thu Sep  3 05:41:16 AM CDT 2026
FAILED 86414790_107 at Thu Sep  3 05:41:17 AM CDT 2026
PAUSE after 1 conversions: cooldown 30s + cleanup
Converting 86414795_112 at Thu Sep  3 05:41:49 AM CDT 2026
FAILED 86414795_112 at Thu Sep  3 05:41:50 AM CDT 2026
PAUSE after 1 conversions: cooldown 30s + cleanup
Finished at Thu Sep  3 05:42:25 AM CDT 2026
total=514 skipped=512 empty_skipped=0 converted=0 failed=2 workers=1
Starting batch (offbeamlight, tpc=1) at Thu Sep  3 06:01:26 AM CDT 2026 parallel=0 workers=1 pause_every=1
Input:  /pnfs/sbnd/scratch/users/munjung/v10_06_00/raw-SBND_DATA_InTimeCosmics_offbeamlight/waveforms
Output: /pnfs/sbnd/scratch/users/munjung/v10_06_00/raw-SBND_DATA_InTimeCosmics_offbeamlight/h5 (g4-raw-1_*.h5)
User memory budget: 37 GiB, currently used: 10 GiB
Converting 86414790_107 at Thu Sep  3 06:01:26 AM CDT 2026
FAILED 86414790_107 at Thu Sep  3 06:01:27 AM CDT 2026
PAUSE after 1 conversions: cooldown 30s + cleanup
Starting batch (offbeamlight, tpc=1) at Thu Sep  3 06:13:59 AM CDT 2026 parallel=0 workers=1 pause_every=1
Input:  /pnfs/sbnd/scratch/users/munjung/v10_06_00/raw-SBND_DATA_InTimeCosmics_offbeamlight/waveforms
Output: /pnfs/sbnd/scratch/users/munjung/v10_06_00/raw-SBND_DATA_InTimeCosmics_offbeamlight/h5 (g4-raw-1_*.h5)
User memory budget: 37 GiB, currently used: 10 GiB
Converting 86414790_107 at Thu Sep  3 06:14:00 AM CDT 2026
FAILED 86414790_107 at Thu Sep  3 06:14:01 AM CDT 2026
PAUSE after 1 conversions: cooldown 30s + cleanup
Converting 86414795_112 at Thu Sep  3 06:14:33 AM CDT 2026
FAILED 86414795_112 at Thu Sep  3 06:14:33 AM CDT 2026
PAUSE after 1 conversions: cooldown 30s + cleanup
Finished at Thu Sep  3 06:15:09 AM CDT 2026
total=514 skipped=512 empty_skipped=0 converted=0 failed=2 workers=1
Starting batch (offbeamlight, tpc=1) at Thu Sep  3 06:29:07 AM CDT 2026 parallel=0 workers=1 pause_every=1
Input:  /pnfs/sbnd/scratch/users/munjung/v10_06_00/raw-SBND_DATA_InTimeCosmics_offbeamlight/waveforms
Output: /pnfs/sbnd/scratch/users/munjung/v10_06_00/raw-SBND_DATA_InTimeCosmics_offbeamlight/h5 (g4-raw-1_*.h5)
User memory budget: 37 GiB, currently used: 10 GiB
Converting 86414790_107 at Thu Sep  3 06:29:07 AM CDT 2026
FAILED 86414790_107 at Thu Sep  3 06:29:08 AM CDT 2026
PAUSE after 1 conversions: cooldown 30s + cleanup
Converting 86414795_112 at Thu Sep  3 06:29:40 AM CDT 2026
FAILED 86414795_112 at Thu Sep  3 06:29:40 AM CDT 2026
PAUSE after 1 conversions: cooldown 30s + cleanup
Finished at Thu Sep  3 06:30:16 AM CDT 2026
total=514 skipped=512 empty_skipped=0 converted=0 failed=2 workers=1
Starting batch (offbeamlight, tpc=1) at Thu Sep  3 06:34:09 AM CDT 2026 parallel=0 workers=1 pause_every=1
Input:  /pnfs/sbnd/scratch/users/munjung/v10_06_00/raw-SBND_DATA_InTimeCosmics_offbeamlight/waveforms
Output: /pnfs/sbnd/scratch/users/munjung/v10_06_00/raw-SBND_DATA_InTimeCosmics_offbeamlight/h5 (g4-raw-1_*.h5)
User memory budget: 37 GiB, currently used: 10 GiB
Converting 86414790_107 at Thu Sep  3 06:34:09 AM CDT 2026
FAILED 86414790_107 at Thu Sep  3 06:34:10 AM CDT 2026
PAUSE after 1 conversions: cooldown 30s + cleanup
Converting 86414795_112 at Thu Sep  3 06:34:42 AM CDT 2026
FAILED 86414795_112 at Thu Sep  3 06:34:43 AM CDT 2026
PAUSE after 1 conversions: cooldown 30s + cleanup
Finished at Thu Sep  3 06:35:18 AM CDT 2026
total=514 skipped=512 empty_skipped=0 converted=0 failed=2 workers=1
Starting batch (offbeamlight, tpc=1) at Thu Sep  3 06:39:12 AM CDT 2026 parallel=0 workers=1 pause_every=1
Input:  /pnfs/sbnd/scratch/users/munjung/v10_06_00/raw-SBND_DATA_InTimeCosmics_offbeamlight/waveforms
Output: /pnfs/sbnd/scratch/users/munjung/v10_06_00/raw-SBND_DATA_InTimeCosmics_offbeamlight/h5 (g4-raw-1_*.h5)
User memory budget: 37 GiB, currently used: 9 GiB
Converting 86414790_107 at Thu Sep  3 06:39:12 AM CDT 2026
FAILED 86414790_107 at Thu Sep  3 06:39:13 AM CDT 2026
PAUSE after 1 conversions: cooldown 30s + cleanup
Converting 86414795_112 at Thu Sep  3 06:39:45 AM CDT 2026
FAILED 86414795_112 at Thu Sep  3 06:39:46 AM CDT 2026
PAUSE after 1 conversions: cooldown 30s + cleanup
Finished at Thu Sep  3 06:40:21 AM CDT 2026
total=514 skipped=512 empty_skipped=0 converted=0 failed=2 workers=1
Starting batch (offbeamlight, tpc=1) at Thu Sep  3 06:44:15 AM CDT 2026 parallel=0 workers=1 pause_every=1
Input:  /pnfs/sbnd/scratch/users/munjung/v10_06_00/raw-SBND_DATA_InTimeCosmics_offbeamlight/waveforms
Output: /pnfs/sbnd/scratch/users/munjung/v10_06_00/raw-SBND_DATA_InTimeCosmics_offbeamlight/h5 (g4-raw-1_*.h5)
User memory budget: 37 GiB, currently used: 10 GiB
Converting 86414790_107 at Thu Sep  3 06:44:15 AM CDT 2026
FAILED 86414790_107 at Thu Sep  3 06:44:15 AM CDT 2026
PAUSE after 1 conversions: cooldown 30s + cleanup
Converting 86414795_112 at Thu Sep  3 06:44:47 AM CDT 2026
FAILED 86414795_112 at Thu Sep  3 06:44:48 AM CDT 2026
PAUSE after 1 conversions: cooldown 30s + cleanup
Finished at Thu Sep  3 06:45:23 AM CDT 2026
total=514 skipped=512 empty_skipped=0 converted=0 failed=2 workers=1
Starting batch (offbeamlight, tpc=1) at Thu Sep  3 06:49:17 AM CDT 2026 parallel=0 workers=1 pause_every=1
Input:  /pnfs/sbnd/scratch/users/munjung/v10_06_00/raw-SBND_DATA_InTimeCosmics_offbeamlight/waveforms
Output: /pnfs/sbnd/scratch/users/munjung/v10_06_00/raw-SBND_DATA_InTimeCosmics_offbeamlight/h5 (g4-raw-1_*.h5)
User memory budget: 37 GiB, currently used: 10 GiB
Converting 86414790_107 at Thu Sep  3 06:49:17 AM CDT 2026
FAILED 86414790_107 at Thu Sep  3 06:49:18 AM CDT 2026
PAUSE after 1 conversions: cooldown 30s + cleanup
Converting 86414795_112 at Thu Sep  3 06:49:50 AM CDT 2026
FAILED 86414795_112 at Thu Sep  3 06:49:51 AM CDT 2026
PAUSE after 1 conversions: cooldown 30s + cleanup
Finished at Thu Sep  3 06:50:26 AM CDT 2026
total=514 skipped=512 empty_skipped=0 converted=0 failed=2 workers=1
Starting batch (offbeamlight, tpc=1) at Thu Sep  3 06:54:20 AM CDT 2026 parallel=0 workers=1 pause_every=1
Input:  /pnfs/sbnd/scratch/users/munjung/v10_06_00/raw-SBND_DATA_InTimeCosmics_offbeamlight/waveforms
Output: /pnfs/sbnd/scratch/users/munjung/v10_06_00/raw-SBND_DATA_InTimeCosmics_offbeamlight/h5 (g4-raw-1_*.h5)
User memory budget: 37 GiB, currently used: 10 GiB
Converting 86414790_107 at Thu Sep  3 06:54:20 AM CDT 2026
FAILED 86414790_107 at Thu Sep  3 06:54:21 AM CDT 2026
PAUSE after 1 conversions: cooldown 30s + cleanup
Converting 86414795_112 at Thu Sep  3 06:54:53 AM CDT 2026
FAILED 86414795_112 at Thu Sep  3 06:54:53 AM CDT 2026
PAUSE after 1 conversions: cooldown 30s + cleanup
Finished at Thu Sep  3 06:55:29 AM CDT 2026
total=514 skipped=512 empty_skipped=0 converted=0 failed=2 workers=1
Starting batch (offbeamlight, tpc=1) at Thu Sep  3 06:59:22 AM CDT 2026 parallel=0 workers=1 pause_every=1
Input:  /pnfs/sbnd/scratch/users/munjung/v10_06_00/raw-SBND_DATA_InTimeCosmics_offbeamlight/waveforms
Output: /pnfs/sbnd/scratch/users/munjung/v10_06_00/raw-SBND_DATA_InTimeCosmics_offbeamlight/h5 (g4-raw-1_*.h5)
User memory budget: 37 GiB, currently used: 10 GiB
Converting 86414790_107 at Thu Sep  3 06:59:22 AM CDT 2026
FAILED 86414790_107 at Thu Sep  3 06:59:23 AM CDT 2026
PAUSE after 1 conversions: cooldown 30s + cleanup
Converting 86414795_112 at Thu Sep  3 06:59:55 AM CDT 2026
FAILED 86414795_112 at Thu Sep  3 06:59:56 AM CDT 2026
PAUSE after 1 conversions: cooldown 30s + cleanup
Finished at Thu Sep  3 07:00:31 AM CDT 2026
total=514 skipped=512 empty_skipped=0 converted=0 failed=2 workers=1
Starting batch (offbeamlight, tpc=1) at Thu Sep  3 07:04:25 AM CDT 2026 parallel=0 workers=1 pause_every=1
Input:  /pnfs/sbnd/scratch/users/munjung/v10_06_00/raw-SBND_DATA_InTimeCosmics_offbeamlight/waveforms
Output: /pnfs/sbnd/scratch/users/munjung/v10_06_00/raw-SBND_DATA_InTimeCosmics_offbeamlight/h5 (g4-raw-1_*.h5)
User memory budget: 37 GiB, currently used: 10 GiB
Converting 86414790_107 at Thu Sep  3 07:04:25 AM CDT 2026
FAILED 86414790_107 at Thu Sep  3 07:04:26 AM CDT 2026
PAUSE after 1 conversions: cooldown 30s + cleanup
Converting 86414795_112 at Thu Sep  3 07:04:58 AM CDT 2026
FAILED 86414795_112 at Thu Sep  3 07:04:59 AM CDT 2026
PAUSE after 1 conversions: cooldown 30s + cleanup
Finished at Thu Sep  3 07:05:35 AM CDT 2026
total=514 skipped=512 empty_skipped=0 converted=0 failed=2 workers=1
Starting batch (offbeamlight, tpc=1) at Thu Sep  3 07:09:28 AM CDT 2026 parallel=0 workers=1 pause_every=1
Input:  /pnfs/sbnd/scratch/users/munjung/v10_06_00/raw-SBND_DATA_InTimeCosmics_offbeamlight/waveforms
Output: /pnfs/sbnd/scratch/users/munjung/v10_06_00/raw-SBND_DATA_InTimeCosmics_offbeamlight/h5 (g4-raw-1_*.h5)
User memory budget: 37 GiB, currently used: 10 GiB
Converting 86414790_107 at Thu Sep  3 07:09:28 AM CDT 2026
FAILED 86414790_107 at Thu Sep  3 07:09:29 AM CDT 2026
PAUSE after 1 conversions: cooldown 30s + cleanup
Converting 86414795_112 at Thu Sep  3 07:10:01 AM CDT 2026
FAILED 86414795_112 at Thu Sep  3 07:10:02 AM CDT 2026
PAUSE after 1 conversions: cooldown 30s + cleanup
Finished at Thu Sep  3 07:10:38 AM CDT 2026
total=514 skipped=512 empty_skipped=0 converted=0 failed=2 workers=1
Starting batch (offbeamlight, tpc=1) at Thu Sep  3 07:14:31 AM CDT 2026 parallel=0 workers=1 pause_every=1
Input:  /pnfs/sbnd/scratch/users/munjung/v10_06_00/raw-SBND_DATA_InTimeCosmics_offbeamlight/waveforms
Output: /pnfs/sbnd/scratch/users/munjung/v10_06_00/raw-SBND_DATA_InTimeCosmics_offbeamlight/h5 (g4-raw-1_*.h5)
User memory budget: 37 GiB, currently used: 10 GiB
Converting 86414790_107 at Thu Sep  3 07:14:31 AM CDT 2026
FAILED 86414790_107 at Thu Sep  3 07:14:32 AM CDT 2026
PAUSE after 1 conversions: cooldown 30s + cleanup
Converting 86414795_112 at Thu Sep  3 07:15:04 AM CDT 2026
FAILED 86414795_112 at Thu Sep  3 07:15:05 AM CDT 2026
PAUSE after 1 conversions: cooldown 30s + cleanup
Finished at Thu Sep  3 07:15:40 AM CDT 2026
total=514 skipped=512 empty_skipped=0 converted=0 failed=2 workers=1
Starting batch (offbeamlight, tpc=1) at Thu Sep  3 07:19:34 AM CDT 2026 parallel=0 workers=1 pause_every=1
Input:  /pnfs/sbnd/scratch/users/munjung/v10_06_00/raw-SBND_DATA_InTimeCosmics_offbeamlight/waveforms
Output: /pnfs/sbnd/scratch/users/munjung/v10_06_00/raw-SBND_DATA_InTimeCosmics_offbeamlight/h5 (g4-raw-1_*.h5)
User memory budget: 37 GiB, currently used: 10 GiB
Converting 86414790_107 at Thu Sep  3 07:19:34 AM CDT 2026
FAILED 86414790_107 at Thu Sep  3 07:19:35 AM CDT 2026
PAUSE after 1 conversions: cooldown 30s + cleanup
Converting 86414795_112 at Thu Sep  3 07:20:07 AM CDT 2026
FAILED 86414795_112 at Thu Sep  3 07:20:07 AM CDT 2026
PAUSE after 1 conversions: cooldown 30s + cleanup
Finished at Thu Sep  3 07:20:43 AM CDT 2026
total=514 skipped=512 empty_skipped=0 converted=0 failed=2 workers=1
Starting batch (offbeamlight, tpc=1) at Thu Sep  3 07:24:37 AM CDT 2026 parallel=0 workers=1 pause_every=1
Input:  /pnfs/sbnd/scratch/users/munjung/v10_06_00/raw-SBND_DATA_InTimeCosmics_offbeamlight/waveforms
Output: /pnfs/sbnd/scratch/users/munjung/v10_06_00/raw-SBND_DATA_InTimeCosmics_offbeamlight/h5 (g4-raw-1_*.h5)
User memory budget: 37 GiB, currently used: 10 GiB
Converting 86414790_107 at Thu Sep  3 07:24:37 AM CDT 2026
FAILED 86414790_107 at Thu Sep  3 07:24:37 AM CDT 2026
PAUSE after 1 conversions: cooldown 30s + cleanup
Converting 86414795_112 at Thu Sep  3 07:25:09 AM CDT 2026
FAILED 86414795_112 at Thu Sep  3 07:25:10 AM CDT 2026
PAUSE after 1 conversions: cooldown 30s + cleanup
Finished at Thu Sep  3 07:25:45 AM CDT 2026
total=514 skipped=512 empty_skipped=0 converted=0 failed=2 workers=1
Starting batch (offbeamlight, tpc=1) at Thu Sep  3 07:29:39 AM CDT 2026 parallel=0 workers=1 pause_every=1
Input:  /pnfs/sbnd/scratch/users/munjung/v10_06_00/raw-SBND_DATA_InTimeCosmics_offbeamlight/waveforms
Output: /pnfs/sbnd/scratch/users/munjung/v10_06_00/raw-SBND_DATA_InTimeCosmics_offbeamlight/h5 (g4-raw-1_*.h5)
User memory budget: 37 GiB, currently used: 10 GiB
Converting 86414790_107 at Thu Sep  3 07:29:39 AM CDT 2026
FAILED 86414790_107 at Thu Sep  3 07:29:40 AM CDT 2026
PAUSE after 1 conversions: cooldown 30s + cleanup
Converting 86414795_112 at Thu Sep  3 07:30:12 AM CDT 2026
FAILED 86414795_112 at Thu Sep  3 07:30:13 AM CDT 2026
PAUSE after 1 conversions: cooldown 30s + cleanup
Finished at Thu Sep  3 07:30:48 AM CDT 2026
total=514 skipped=512 empty_skipped=0 converted=0 failed=2 workers=1
Starting batch (offbeamlight, tpc=1) at Thu Sep  3 07:34:42 AM CDT 2026 parallel=0 workers=1 pause_every=1
Input:  /pnfs/sbnd/scratch/users/munjung/v10_06_00/raw-SBND_DATA_InTimeCosmics_offbeamlight/waveforms
Output: /pnfs/sbnd/scratch/users/munjung/v10_06_00/raw-SBND_DATA_InTimeCosmics_offbeamlight/h5 (g4-raw-1_*.h5)
User memory budget: 37 GiB, currently used: 10 GiB
Converting 86414790_107 at Thu Sep  3 07:34:42 AM CDT 2026
FAILED 86414790_107 at Thu Sep  3 07:34:43 AM CDT 2026
PAUSE after 1 conversions: cooldown 30s + cleanup
Converting 86414795_112 at Thu Sep  3 07:35:15 AM CDT 2026
FAILED 86414795_112 at Thu Sep  3 07:35:16 AM CDT 2026
PAUSE after 1 conversions: cooldown 30s + cleanup
Finished at Thu Sep  3 07:35:51 AM CDT 2026
total=514 skipped=512 empty_skipped=0 converted=0 failed=2 workers=1
Starting batch (offbeamlight, tpc=1) at Thu Sep  3 07:39:45 AM CDT 2026 parallel=0 workers=1 pause_every=1
Input:  /pnfs/sbnd/scratch/users/munjung/v10_06_00/raw-SBND_DATA_InTimeCosmics_offbeamlight/waveforms
Output: /pnfs/sbnd/scratch/users/munjung/v10_06_00/raw-SBND_DATA_InTimeCosmics_offbeamlight/h5 (g4-raw-1_*.h5)
User memory budget: 37 GiB, currently used: 10 GiB
Converting 86414790_107 at Thu Sep  3 07:39:45 AM CDT 2026
FAILED 86414790_107 at Thu Sep  3 07:39:46 AM CDT 2026
PAUSE after 1 conversions: cooldown 30s + cleanup
Converting 86414795_112 at Thu Sep  3 07:40:18 AM CDT 2026
FAILED 86414795_112 at Thu Sep  3 07:40:18 AM CDT 2026
PAUSE after 1 conversions: cooldown 30s + cleanup
Finished at Thu Sep  3 07:40:54 AM CDT 2026
total=514 skipped=512 empty_skipped=0 converted=0 failed=2 workers=1
Starting batch (offbeamlight, tpc=1) at Thu Sep  3 07:44:48 AM CDT 2026 parallel=0 workers=1 pause_every=1
Input:  /pnfs/sbnd/scratch/users/munjung/v10_06_00/raw-SBND_DATA_InTimeCosmics_offbeamlight/waveforms
Output: /pnfs/sbnd/scratch/users/munjung/v10_06_00/raw-SBND_DATA_InTimeCosmics_offbeamlight/h5 (g4-raw-1_*.h5)
User memory budget: 37 GiB, currently used: 10 GiB
Converting 86414790_107 at Thu Sep  3 07:44:48 AM CDT 2026
FAILED 86414790_107 at Thu Sep  3 07:44:48 AM CDT 2026
PAUSE after 1 conversions: cooldown 30s + cleanup
Converting 86414795_112 at Thu Sep  3 07:45:21 AM CDT 2026
FAILED 86414795_112 at Thu Sep  3 07:45:21 AM CDT 2026
PAUSE after 1 conversions: cooldown 30s + cleanup
Finished at Thu Sep  3 07:45:56 AM CDT 2026
total=514 skipped=512 empty_skipped=0 converted=0 failed=2 workers=1
Starting batch (offbeamlight, tpc=1) at Thu Sep  3 07:49:50 AM CDT 2026 parallel=0 workers=1 pause_every=1
Input:  /pnfs/sbnd/scratch/users/munjung/v10_06_00/raw-SBND_DATA_InTimeCosmics_offbeamlight/waveforms
Output: /pnfs/sbnd/scratch/users/munjung/v10_06_00/raw-SBND_DATA_InTimeCosmics_offbeamlight/h5 (g4-raw-1_*.h5)
User memory budget: 37 GiB, currently used: 10 GiB
Converting 86414790_107 at Thu Sep  3 07:49:50 AM CDT 2026
FAILED 86414790_107 at Thu Sep  3 07:49:51 AM CDT 2026
PAUSE after 1 conversions: cooldown 30s + cleanup
Converting 86414795_112 at Thu Sep  3 07:50:23 AM CDT 2026
FAILED 86414795_112 at Thu Sep  3 07:50:24 AM CDT 2026
PAUSE after 1 conversions: cooldown 30s + cleanup
Finished at Thu Sep  3 07:50:59 AM CDT 2026
total=514 skipped=512 empty_skipped=0 converted=0 failed=2 workers=1
Starting batch (offbeamlight, tpc=1) at Thu Sep  3 07:54:53 AM CDT 2026 parallel=0 workers=1 pause_every=1
Input:  /pnfs/sbnd/scratch/users/munjung/v10_06_00/raw-SBND_DATA_InTimeCosmics_offbeamlight/waveforms
Output: /pnfs/sbnd/scratch/users/munjung/v10_06_00/raw-SBND_DATA_InTimeCosmics_offbeamlight/h5 (g4-raw-1_*.h5)
User memory budget: 37 GiB, currently used: 10 GiB
Converting 86414790_107 at Thu Sep  3 07:54:53 AM CDT 2026
FAILED 86414790_107 at Thu Sep  3 07:54:54 AM CDT 2026
PAUSE after 1 conversions: cooldown 30s + cleanup
Converting 86414795_112 at Thu Sep  3 07:55:26 AM CDT 2026
FAILED 86414795_112 at Thu Sep  3 07:55:27 AM CDT 2026
PAUSE after 1 conversions: cooldown 30s + cleanup
Finished at Thu Sep  3 07:56:02 AM CDT 2026
total=514 skipped=512 empty_skipped=0 converted=0 failed=2 workers=1
Starting batch (offbeamlight, tpc=1) at Thu Sep  3 07:59:56 AM CDT 2026 parallel=0 workers=1 pause_every=1
Input:  /pnfs/sbnd/scratch/users/munjung/v10_06_00/raw-SBND_DATA_InTimeCosmics_offbeamlight/waveforms
Output: /pnfs/sbnd/scratch/users/munjung/v10_06_00/raw-SBND_DATA_InTimeCosmics_offbeamlight/h5 (g4-raw-1_*.h5)
User memory budget: 37 GiB, currently used: 9 GiB
Converting 86414790_107 at Thu Sep  3 07:59:56 AM CDT 2026
FAILED 86414790_107 at Thu Sep  3 07:59:57 AM CDT 2026
PAUSE after 1 conversions: cooldown 30s + cleanup
Converting 86414795_112 at Thu Sep  3 08:00:29 AM CDT 2026
FAILED 86414795_112 at Thu Sep  3 08:00:30 AM CDT 2026
PAUSE after 1 conversions: cooldown 30s + cleanup
Finished at Thu Sep  3 08:01:05 AM CDT 2026
total=514 skipped=512 empty_skipped=0 converted=0 failed=2 workers=1
Starting batch (offbeamlight, tpc=1) at Thu Sep  3 08:04:59 AM CDT 2026 parallel=0 workers=1 pause_every=1
Input:  /pnfs/sbnd/scratch/users/munjung/v10_06_00/raw-SBND_DATA_InTimeCosmics_offbeamlight/waveforms
Output: /pnfs/sbnd/scratch/users/munjung/v10_06_00/raw-SBND_DATA_InTimeCosmics_offbeamlight/h5 (g4-raw-1_*.h5)
User memory budget: 37 GiB, currently used: 9 GiB
Converting 86414790_107 at Thu Sep  3 08:04:59 AM CDT 2026
FAILED 86414790_107 at Thu Sep  3 08:05:00 AM CDT 2026
PAUSE after 1 conversions: cooldown 30s + cleanup
Converting 86414795_112 at Thu Sep  3 08:05:32 AM CDT 2026
FAILED 86414795_112 at Thu Sep  3 08:05:32 AM CDT 2026
PAUSE after 1 conversions: cooldown 30s + cleanup
Finished at Thu Sep  3 08:06:08 AM CDT 2026
total=514 skipped=512 empty_skipped=0 converted=0 failed=2 workers=1
Starting batch (offbeamlight, tpc=1) at Thu Sep  3 08:10:01 AM CDT 2026 parallel=0 workers=1 pause_every=1
Input:  /pnfs/sbnd/scratch/users/munjung/v10_06_00/raw-SBND_DATA_InTimeCosmics_offbeamlight/waveforms
Output: /pnfs/sbnd/scratch/users/munjung/v10_06_00/raw-SBND_DATA_InTimeCosmics_offbeamlight/h5 (g4-raw-1_*.h5)
User memory budget: 37 GiB, currently used: 10 GiB
Converting 86414790_107 at Thu Sep  3 08:10:01 AM CDT 2026
FAILED 86414790_107 at Thu Sep  3 08:10:02 AM CDT 2026
PAUSE after 1 conversions: cooldown 30s + cleanup
Converting 86414795_112 at Thu Sep  3 08:10:34 AM CDT 2026
FAILED 86414795_112 at Thu Sep  3 08:10:35 AM CDT 2026
PAUSE after 1 conversions: cooldown 30s + cleanup
Finished at Thu Sep  3 08:11:10 AM CDT 2026
total=514 skipped=512 empty_skipped=0 converted=0 failed=2 workers=1
Starting batch (offbeamlight, tpc=1) at Thu Sep  3 08:15:04 AM CDT 2026 parallel=0 workers=1 pause_every=1
Input:  /pnfs/sbnd/scratch/users/munjung/v10_06_00/raw-SBND_DATA_InTimeCosmics_offbeamlight/waveforms
Output: /pnfs/sbnd/scratch/users/munjung/v10_06_00/raw-SBND_DATA_InTimeCosmics_offbeamlight/h5 (g4-raw-1_*.h5)
User memory budget: 37 GiB, currently used: 10 GiB
Converting 86414790_107 at Thu Sep  3 08:15:04 AM CDT 2026
FAILED 86414790_107 at Thu Sep  3 08:15:05 AM CDT 2026
PAUSE after 1 conversions: cooldown 30s + cleanup
Converting 86414795_112 at Thu Sep  3 08:15:37 AM CDT 2026
FAILED 86414795_112 at Thu Sep  3 08:15:37 AM CDT 2026
PAUSE after 1 conversions: cooldown 30s + cleanup
Finished at Thu Sep  3 08:16:13 AM CDT 2026
total=514 skipped=512 empty_skipped=0 converted=0 failed=2 workers=1
Starting batch (offbeamlight, tpc=1) at Thu Sep  3 08:20:09 AM CDT 2026 parallel=0 workers=1 pause_every=1
Input:  /pnfs/sbnd/scratch/users/munjung/v10_06_00/raw-SBND_DATA_InTimeCosmics_offbeamlight/waveforms
Output: /pnfs/sbnd/scratch/users/munjung/v10_06_00/raw-SBND_DATA_InTimeCosmics_offbeamlight/h5 (g4-raw-1_*.h5)
User memory budget: 37 GiB, currently used: 10 GiB
Converting 86414790_107 at Thu Sep  3 08:20:09 AM CDT 2026
FAILED 86414790_107 at Thu Sep  3 08:20:15 AM CDT 2026
PAUSE after 1 conversions: cooldown 30s + cleanup
Converting 86414795_112 at Thu Sep  3 08:20:48 AM CDT 2026
FAILED 86414795_112 at Thu Sep  3 08:20:49 AM CDT 2026
PAUSE after 1 conversions: cooldown 30s + cleanup
Finished at Thu Sep  3 08:21:24 AM CDT 2026
total=514 skipped=512 empty_skipped=0 converted=0 failed=2 workers=1
Starting batch (offbeamlight, tpc=1) at Thu Sep  3 08:25:12 AM CDT 2026 parallel=0 workers=1 pause_every=1
Input:  /pnfs/sbnd/scratch/users/munjung/v10_06_00/raw-SBND_DATA_InTimeCosmics_offbeamlight/waveforms
Output: /pnfs/sbnd/scratch/users/munjung/v10_06_00/raw-SBND_DATA_InTimeCosmics_offbeamlight/h5 (g4-raw-1_*.h5)
User memory budget: 37 GiB, currently used: 9 GiB
Converting 86414790_107 at Thu Sep  3 08:25:12 AM CDT 2026
FAILED 86414790_107 at Thu Sep  3 08:25:14 AM CDT 2026
PAUSE after 1 conversions: cooldown 30s + cleanup
Converting 86414795_112 at Thu Sep  3 08:25:46 AM CDT 2026
FAILED 86414795_112 at Thu Sep  3 08:25:47 AM CDT 2026
PAUSE after 1 conversions: cooldown 30s + cleanup
Finished at Thu Sep  3 08:26:22 AM CDT 2026
total=514 skipped=512 empty_skipped=0 converted=0 failed=2 workers=1
Starting batch (offbeamlight, tpc=1) at Thu Sep  3 08:30:15 AM CDT 2026 parallel=0 workers=1 pause_every=1
Input:  /pnfs/sbnd/scratch/users/munjung/v10_06_00/raw-SBND_DATA_InTimeCosmics_offbeamlight/waveforms
Output: /pnfs/sbnd/scratch/users/munjung/v10_06_00/raw-SBND_DATA_InTimeCosmics_offbeamlight/h5 (g4-raw-1_*.h5)
User memory budget: 37 GiB, currently used: 10 GiB
Converting 86414790_107 at Thu Sep  3 08:30:15 AM CDT 2026
FAILED 86414790_107 at Thu Sep  3 08:30:15 AM CDT 2026
PAUSE after 1 conversions: cooldown 30s + cleanup
Converting 86414795_112 at Thu Sep  3 08:30:48 AM CDT 2026
FAILED 86414795_112 at Thu Sep  3 08:30:48 AM CDT 2026
PAUSE after 1 conversions: cooldown 30s + cleanup
Finished at Thu Sep  3 08:31:24 AM CDT 2026
total=514 skipped=512 empty_skipped=0 converted=0 failed=2 workers=1
Starting batch (offbeamlight, tpc=1) at Thu Sep  3 08:35:17 AM CDT 2026 parallel=0 workers=1 pause_every=1
Input:  /pnfs/sbnd/scratch/users/munjung/v10_06_00/raw-SBND_DATA_InTimeCosmics_offbeamlight/waveforms
Output: /pnfs/sbnd/scratch/users/munjung/v10_06_00/raw-SBND_DATA_InTimeCosmics_offbeamlight/h5 (g4-raw-1_*.h5)
User memory budget: 37 GiB, currently used: 9 GiB
Converting 86414790_107 at Thu Sep  3 08:35:17 AM CDT 2026
FAILED 86414790_107 at Thu Sep  3 08:35:18 AM CDT 2026
PAUSE after 1 conversions: cooldown 30s + cleanup
Converting 86414795_112 at Thu Sep  3 08:35:50 AM CDT 2026
FAILED 86414795_112 at Thu Sep  3 08:35:51 AM CDT 2026
PAUSE after 1 conversions: cooldown 30s + cleanup
Finished at Thu Sep  3 08:36:26 AM CDT 2026
total=514 skipped=512 empty_skipped=0 converted=0 failed=2 workers=1
Starting batch (offbeamlight, tpc=1) at Thu Sep  3 08:40:23 AM CDT 2026 parallel=0 workers=1 pause_every=1
Input:  /pnfs/sbnd/scratch/users/munjung/v10_06_00/raw-SBND_DATA_InTimeCosmics_offbeamlight/waveforms
Output: /pnfs/sbnd/scratch/users/munjung/v10_06_00/raw-SBND_DATA_InTimeCosmics_offbeamlight/h5 (g4-raw-1_*.h5)
User memory budget: 37 GiB, currently used: 9 GiB
Converting 86414790_107 at Thu Sep  3 08:40:23 AM CDT 2026
FAILED 86414790_107 at Thu Sep  3 08:40:26 AM CDT 2026
PAUSE after 1 conversions: cooldown 30s + cleanup
Converting 86414795_112 at Thu Sep  3 08:40:58 AM CDT 2026
FAILED 86414795_112 at Thu Sep  3 08:40:59 AM CDT 2026
PAUSE after 1 conversions: cooldown 30s + cleanup
Finished at Thu Sep  3 08:41:34 AM CDT 2026
total=514 skipped=512 empty_skipped=0 converted=0 failed=2 workers=1
Starting batch (offbeamlight, tpc=1) at Thu Sep  3 08:45:25 AM CDT 2026 parallel=0 workers=1 pause_every=1
Input:  /pnfs/sbnd/scratch/users/munjung/v10_06_00/raw-SBND_DATA_InTimeCosmics_offbeamlight/waveforms
Output: /pnfs/sbnd/scratch/users/munjung/v10_06_00/raw-SBND_DATA_InTimeCosmics_offbeamlight/h5 (g4-raw-1_*.h5)
User memory budget: 37 GiB, currently used: 9 GiB
Converting 86414790_107 at Thu Sep  3 08:45:25 AM CDT 2026
FAILED 86414790_107 at Thu Sep  3 08:45:27 AM CDT 2026
PAUSE after 1 conversions: cooldown 30s + cleanup
Converting 86414795_112 at Thu Sep  3 08:45:59 AM CDT 2026
FAILED 86414795_112 at Thu Sep  3 08:46:00 AM CDT 2026
PAUSE after 1 conversions: cooldown 30s + cleanup
Finished at Thu Sep  3 08:46:35 AM CDT 2026
total=514 skipped=512 empty_skipped=0 converted=0 failed=2 workers=1
Starting batch (offbeamlight, tpc=1) at Thu Sep  3 08:50:28 AM CDT 2026 parallel=0 workers=1 pause_every=1
Input:  /pnfs/sbnd/scratch/users/munjung/v10_06_00/raw-SBND_DATA_InTimeCosmics_offbeamlight/waveforms
Output: /pnfs/sbnd/scratch/users/munjung/v10_06_00/raw-SBND_DATA_InTimeCosmics_offbeamlight/h5 (g4-raw-1_*.h5)
User memory budget: 37 GiB, currently used: 8 GiB
Converting 86414790_107 at Thu Sep  3 08:50:28 AM CDT 2026
FAILED 86414790_107 at Thu Sep  3 08:50:30 AM CDT 2026
PAUSE after 1 conversions: cooldown 30s + cleanup
Converting 86414795_112 at Thu Sep  3 08:51:02 AM CDT 2026
FAILED 86414795_112 at Thu Sep  3 08:51:02 AM CDT 2026
PAUSE after 1 conversions: cooldown 30s + cleanup
Finished at Thu Sep  3 08:51:38 AM CDT 2026
total=514 skipped=512 empty_skipped=0 converted=0 failed=2 workers=1
Starting batch (offbeamlight, tpc=1) at Thu Sep  3 08:55:30 AM CDT 2026 parallel=0 workers=1 pause_every=1
Input:  /pnfs/sbnd/scratch/users/munjung/v10_06_00/raw-SBND_DATA_InTimeCosmics_offbeamlight/waveforms
Output: /pnfs/sbnd/scratch/users/munjung/v10_06_00/raw-SBND_DATA_InTimeCosmics_offbeamlight/h5 (g4-raw-1_*.h5)
User memory budget: 37 GiB, currently used: 8 GiB
Converting 86414790_107 at Thu Sep  3 08:55:31 AM CDT 2026
FAILED 86414790_107 at Thu Sep  3 08:55:31 AM CDT 2026
PAUSE after 1 conversions: cooldown 30s + cleanup
Converting 86414795_112 at Thu Sep  3 08:56:03 AM CDT 2026
FAILED 86414795_112 at Thu Sep  3 08:56:04 AM CDT 2026
PAUSE after 1 conversions: cooldown 30s + cleanup
Finished at Thu Sep  3 08:56:39 AM CDT 2026
total=514 skipped=512 empty_skipped=0 converted=0 failed=2 workers=1
Starting batch (offbeamlight, tpc=1) at Thu Sep  3 09:00:33 AM CDT 2026 parallel=0 workers=1 pause_every=1
Input:  /pnfs/sbnd/scratch/users/munjung/v10_06_00/raw-SBND_DATA_InTimeCosmics_offbeamlight/waveforms
Output: /pnfs/sbnd/scratch/users/munjung/v10_06_00/raw-SBND_DATA_InTimeCosmics_offbeamlight/h5 (g4-raw-1_*.h5)
User memory budget: 37 GiB, currently used: 7 GiB
Converting 86414790_107 at Thu Sep  3 09:00:33 AM CDT 2026
FAILED 86414790_107 at Thu Sep  3 09:00:34 AM CDT 2026
PAUSE after 1 conversions: cooldown 30s + cleanup
Converting 86414795_112 at Thu Sep  3 09:01:06 AM CDT 2026
FAILED 86414795_112 at Thu Sep  3 09:01:06 AM CDT 2026
PAUSE after 1 conversions: cooldown 30s + cleanup
Finished at Thu Sep  3 09:01:42 AM CDT 2026
total=514 skipped=512 empty_skipped=0 converted=0 failed=2 workers=1
Starting batch (offbeamlight, tpc=1) at Thu Sep  3 09:15:43 AM CDT 2026 parallel=0 workers=1 pause_every=1
Input:  /pnfs/sbnd/scratch/users/munjung/v10_06_00/raw-SBND_DATA_InTimeCosmics_offbeamlight/waveforms
Output: /pnfs/sbnd/scratch/users/munjung/v10_06_00/raw-SBND_DATA_InTimeCosmics_offbeamlight/h5 (g4-raw-1_*.h5)
User memory budget: 37 GiB, currently used: 1 GiB
Converting 86414790_107 at Thu Sep  3 09:15:43 AM CDT 2026
FAILED 86414790_107 at Thu Sep  3 09:15:47 AM CDT 2026
PAUSE after 1 conversions: cooldown 30s + cleanup
Starting batch (offbeamlight, tpc=1) at Thu Sep  3 09:37:16 AM CDT 2026 parallel=0 workers=1 pause_every=1
Input:  /pnfs/sbnd/scratch/users/munjung/v10_06_00/raw-SBND_DATA_InTimeCosmics_offbeamlight/waveforms
Output: /pnfs/sbnd/scratch/users/munjung/v10_06_00/raw-SBND_DATA_InTimeCosmics_offbeamlight/h5 (g4-raw-1_*.h5)
User memory budget: 37 GiB, currently used: 7 GiB
Converting 86414790_107 at Thu Sep  3 09:37:16 AM CDT 2026
FAILED 86414790_107 at Thu Sep  3 09:37:18 AM CDT 2026
PAUSE after 1 conversions: cooldown 30s + cleanup
Converting 86414795_112 at Thu Sep  3 09:37:50 AM CDT 2026
FAILED 86414795_112 at Thu Sep  3 09:37:51 AM CDT 2026
PAUSE after 1 conversions: cooldown 30s + cleanup
Finished at Thu Sep  3 09:38:26 AM CDT 2026
total=514 skipped=512 empty_skipped=0 converted=0 failed=2 workers=1
Starting batch (offbeamlight, tpc=1) at Thu Sep  3 09:48:43 AM CDT 2026 parallel=0 workers=1 pause_every=1
Input:  /pnfs/sbnd/scratch/users/munjung/v10_06_00/raw-SBND_DATA_InTimeCosmics_offbeamlight/waveforms
Output: /pnfs/sbnd/scratch/users/munjung/v10_06_00/raw-SBND_DATA_InTimeCosmics_offbeamlight/h5 (g4-raw-1_*.h5)
User memory budget: 37 GiB, currently used: 7 GiB
Converting 86414790_107 at Thu Sep  3 09:48:43 AM CDT 2026
FAILED 86414790_107 at Thu Sep  3 09:48:45 AM CDT 2026
PAUSE after 1 conversions: cooldown 30s + cleanup
Converting 86414795_112 at Thu Sep  3 09:49:17 AM CDT 2026
FAILED 86414795_112 at Thu Sep  3 09:49:18 AM CDT 2026
PAUSE after 1 conversions: cooldown 30s + cleanup
Finished at Thu Sep  3 09:49:53 AM CDT 2026
total=514 skipped=512 empty_skipped=0 converted=0 failed=2 workers=1
Starting batch (offbeamlight, tpc=1) at Thu Sep  3 09:53:45 AM CDT 2026 parallel=0 workers=1 pause_every=1
Input:  /pnfs/sbnd/scratch/users/munjung/v10_06_00/raw-SBND_DATA_InTimeCosmics_offbeamlight/waveforms
Output: /pnfs/sbnd/scratch/users/munjung/v10_06_00/raw-SBND_DATA_InTimeCosmics_offbeamlight/h5 (g4-raw-1_*.h5)
User memory budget: 37 GiB, currently used: 7 GiB
Converting 86414790_107 at Thu Sep  3 09:53:45 AM CDT 2026
FAILED 86414790_107 at Thu Sep  3 09:53:46 AM CDT 2026
PAUSE after 1 conversions: cooldown 30s + cleanup
Converting 86414795_112 at Thu Sep  3 09:54:18 AM CDT 2026
FAILED 86414795_112 at Thu Sep  3 09:54:19 AM CDT 2026
PAUSE after 1 conversions: cooldown 30s + cleanup
Finished at Thu Sep  3 09:54:54 AM CDT 2026
total=514 skipped=512 empty_skipped=0 converted=0 failed=2 workers=1
Starting batch (offbeamlight, tpc=1) at Thu Sep  3 09:58:48 AM CDT 2026 parallel=0 workers=1 pause_every=1
Input:  /pnfs/sbnd/scratch/users/munjung/v10_06_00/raw-SBND_DATA_InTimeCosmics_offbeamlight/waveforms
Output: /pnfs/sbnd/scratch/users/munjung/v10_06_00/raw-SBND_DATA_InTimeCosmics_offbeamlight/h5 (g4-raw-1_*.h5)
User memory budget: 37 GiB, currently used: 7 GiB
Converting 86414790_107 at Thu Sep  3 09:58:48 AM CDT 2026
FAILED 86414790_107 at Thu Sep  3 09:58:49 AM CDT 2026
PAUSE after 1 conversions: cooldown 30s + cleanup
Converting 86414795_112 at Thu Sep  3 09:59:21 AM CDT 2026
FAILED 86414795_112 at Thu Sep  3 09:59:21 AM CDT 2026
PAUSE after 1 conversions: cooldown 30s + cleanup
Finished at Thu Sep  3 09:59:57 AM CDT 2026
total=514 skipped=512 empty_skipped=0 converted=0 failed=2 workers=1
Starting batch (offbeamlight, tpc=1) at Thu Sep  3 10:03:51 AM CDT 2026 parallel=0 workers=1 pause_every=1
Input:  /pnfs/sbnd/scratch/users/munjung/v10_06_00/raw-SBND_DATA_InTimeCosmics_offbeamlight/waveforms
Output: /pnfs/sbnd/scratch/users/munjung/v10_06_00/raw-SBND_DATA_InTimeCosmics_offbeamlight/h5 (g4-raw-1_*.h5)
User memory budget: 37 GiB, currently used: 7 GiB
Converting 86414790_107 at Thu Sep  3 10:03:51 AM CDT 2026
FAILED 86414790_107 at Thu Sep  3 10:03:52 AM CDT 2026
PAUSE after 1 conversions: cooldown 30s + cleanup
Converting 86414795_112 at Thu Sep  3 10:04:24 AM CDT 2026
FAILED 86414795_112 at Thu Sep  3 10:04:24 AM CDT 2026
PAUSE after 1 conversions: cooldown 30s + cleanup
Finished at Thu Sep  3 10:05:00 AM CDT 2026
total=514 skipped=512 empty_skipped=0 converted=0 failed=2 workers=1
Starting batch (offbeamlight, tpc=1) at Thu Sep  3 10:08:53 AM CDT 2026 parallel=0 workers=1 pause_every=1
Input:  /pnfs/sbnd/scratch/users/munjung/v10_06_00/raw-SBND_DATA_InTimeCosmics_offbeamlight/waveforms
Output: /pnfs/sbnd/scratch/users/munjung/v10_06_00/raw-SBND_DATA_InTimeCosmics_offbeamlight/h5 (g4-raw-1_*.h5)
User memory budget: 37 GiB, currently used: 7 GiB
Converting 86414790_107 at Thu Sep  3 10:08:53 AM CDT 2026
FAILED 86414790_107 at Thu Sep  3 10:08:54 AM CDT 2026
PAUSE after 1 conversions: cooldown 30s + cleanup
Converting 86414795_112 at Thu Sep  3 10:09:26 AM CDT 2026
FAILED 86414795_112 at Thu Sep  3 10:09:27 AM CDT 2026
PAUSE after 1 conversions: cooldown 30s + cleanup
Finished at Thu Sep  3 10:10:02 AM CDT 2026
total=514 skipped=512 empty_skipped=0 converted=0 failed=2 workers=1
Starting batch (offbeamlight, tpc=1) at Thu Sep  3 10:13:56 AM CDT 2026 parallel=0 workers=1 pause_every=1
Input:  /pnfs/sbnd/scratch/users/munjung/v10_06_00/raw-SBND_DATA_InTimeCosmics_offbeamlight/waveforms
Output: /pnfs/sbnd/scratch/users/munjung/v10_06_00/raw-SBND_DATA_InTimeCosmics_offbeamlight/h5 (g4-raw-1_*.h5)
User memory budget: 37 GiB, currently used: 7 GiB
Converting 86414790_107 at Thu Sep  3 10:13:56 AM CDT 2026
FAILED 86414790_107 at Thu Sep  3 10:13:57 AM CDT 2026
PAUSE after 1 conversions: cooldown 30s + cleanup
Converting 86414795_112 at Thu Sep  3 10:14:29 AM CDT 2026
FAILED 86414795_112 at Thu Sep  3 10:14:29 AM CDT 2026
PAUSE after 1 conversions: cooldown 30s + cleanup
Finished at Thu Sep  3 10:15:05 AM CDT 2026
total=514 skipped=512 empty_skipped=0 converted=0 failed=2 workers=1
Starting batch (offbeamlight, tpc=1) at Thu Sep  3 10:18:58 AM CDT 2026 parallel=0 workers=1 pause_every=1
Input:  /pnfs/sbnd/scratch/users/munjung/v10_06_00/raw-SBND_DATA_InTimeCosmics_offbeamlight/waveforms
Output: /pnfs/sbnd/scratch/users/munjung/v10_06_00/raw-SBND_DATA_InTimeCosmics_offbeamlight/h5 (g4-raw-1_*.h5)
User memory budget: 37 GiB, currently used: 7 GiB
Converting 86414790_107 at Thu Sep  3 10:18:59 AM CDT 2026
FAILED 86414790_107 at Thu Sep  3 10:18:59 AM CDT 2026
PAUSE after 1 conversions: cooldown 30s + cleanup
Converting 86414795_112 at Thu Sep  3 10:19:31 AM CDT 2026
FAILED 86414795_112 at Thu Sep  3 10:19:32 AM CDT 2026
PAUSE after 1 conversions: cooldown 30s + cleanup
Finished at Thu Sep  3 10:20:08 AM CDT 2026
total=514 skipped=512 empty_skipped=0 converted=0 failed=2 workers=1
Starting batch (offbeamlight, tpc=1) at Thu Sep  3 10:24:06 AM CDT 2026 parallel=0 workers=1 pause_every=1
Input:  /pnfs/sbnd/scratch/users/munjung/v10_06_00/raw-SBND_DATA_InTimeCosmics_offbeamlight/waveforms
Output: /pnfs/sbnd/scratch/users/munjung/v10_06_00/raw-SBND_DATA_InTimeCosmics_offbeamlight/h5 (g4-raw-1_*.h5)
User memory budget: 37 GiB, currently used: 7 GiB
Converting 86414790_107 at Thu Sep  3 10:24:06 AM CDT 2026
FAILED 86414790_107 at Thu Sep  3 10:24:09 AM CDT 2026
PAUSE after 1 conversions: cooldown 30s + cleanup
Converting 86414795_112 at Thu Sep  3 10:24:41 AM CDT 2026
FAILED 86414795_112 at Thu Sep  3 10:24:42 AM CDT 2026
PAUSE after 1 conversions: cooldown 30s + cleanup
Finished at Thu Sep  3 10:25:17 AM CDT 2026
total=514 skipped=512 empty_skipped=0 converted=0 failed=2 workers=1
Starting batch (offbeamlight, tpc=1) at Thu Sep  3 10:29:08 AM CDT 2026 parallel=0 workers=1 pause_every=1
Input:  /pnfs/sbnd/scratch/users/munjung/v10_06_00/raw-SBND_DATA_InTimeCosmics_offbeamlight/waveforms
Output: /pnfs/sbnd/scratch/users/munjung/v10_06_00/raw-SBND_DATA_InTimeCosmics_offbeamlight/h5 (g4-raw-1_*.h5)
User memory budget: 37 GiB, currently used: 7 GiB
Converting 86414790_107 at Thu Sep  3 10:29:08 AM CDT 2026
FAILED 86414790_107 at Thu Sep  3 10:29:09 AM CDT 2026
PAUSE after 1 conversions: cooldown 30s + cleanup
Converting 86414795_112 at Thu Sep  3 10:29:41 AM CDT 2026
FAILED 86414795_112 at Thu Sep  3 10:29:42 AM CDT 2026
PAUSE after 1 conversions: cooldown 30s + cleanup
Finished at Thu Sep  3 10:30:18 AM CDT 2026
total=514 skipped=512 empty_skipped=0 converted=0 failed=2 workers=1
Starting batch (offbeamlight, tpc=1) at Thu Sep  3 10:34:11 AM CDT 2026 parallel=0 workers=1 pause_every=1
Input:  /pnfs/sbnd/scratch/users/munjung/v10_06_00/raw-SBND_DATA_InTimeCosmics_offbeamlight/waveforms
Output: /pnfs/sbnd/scratch/users/munjung/v10_06_00/raw-SBND_DATA_InTimeCosmics_offbeamlight/h5 (g4-raw-1_*.h5)
User memory budget: 37 GiB, currently used: 7 GiB
Converting 86414790_107 at Thu Sep  3 10:34:11 AM CDT 2026
FAILED 86414790_107 at Thu Sep  3 10:34:12 AM CDT 2026
PAUSE after 1 conversions: cooldown 30s + cleanup
Converting 86414795_112 at Thu Sep  3 10:34:44 AM CDT 2026
FAILED 86414795_112 at Thu Sep  3 10:34:44 AM CDT 2026
PAUSE after 1 conversions: cooldown 30s + cleanup
Finished at Thu Sep  3 10:35:20 AM CDT 2026
total=514 skipped=512 empty_skipped=0 converted=0 failed=2 workers=1
Starting batch (offbeamlight, tpc=1) at Thu Sep  3 10:39:14 AM CDT 2026 parallel=0 workers=1 pause_every=1
Input:  /pnfs/sbnd/scratch/users/munjung/v10_06_00/raw-SBND_DATA_InTimeCosmics_offbeamlight/waveforms
Output: /pnfs/sbnd/scratch/users/munjung/v10_06_00/raw-SBND_DATA_InTimeCosmics_offbeamlight/h5 (g4-raw-1_*.h5)
User memory budget: 37 GiB, currently used: 7 GiB
Converting 86414790_107 at Thu Sep  3 10:39:14 AM CDT 2026
FAILED 86414790_107 at Thu Sep  3 10:39:15 AM CDT 2026
PAUSE after 1 conversions: cooldown 30s + cleanup
Converting 86414795_112 at Thu Sep  3 10:39:47 AM CDT 2026
FAILED 86414795_112 at Thu Sep  3 10:39:48 AM CDT 2026
PAUSE after 1 conversions: cooldown 30s + cleanup
Finished at Thu Sep  3 10:40:23 AM CDT 2026
total=514 skipped=512 empty_skipped=0 converted=0 failed=2 workers=1
Starting batch (offbeamlight, tpc=1) at Thu Sep  3 10:44:16 AM CDT 2026 parallel=0 workers=1 pause_every=1
Input:  /pnfs/sbnd/scratch/users/munjung/v10_06_00/raw-SBND_DATA_InTimeCosmics_offbeamlight/waveforms
Output: /pnfs/sbnd/scratch/users/munjung/v10_06_00/raw-SBND_DATA_InTimeCosmics_offbeamlight/h5 (g4-raw-1_*.h5)
User memory budget: 37 GiB, currently used: 7 GiB
Converting 86414790_107 at Thu Sep  3 10:44:16 AM CDT 2026
FAILED 86414790_107 at Thu Sep  3 10:44:17 AM CDT 2026
PAUSE after 1 conversions: cooldown 30s + cleanup
Converting 86414795_112 at Thu Sep  3 10:44:49 AM CDT 2026
FAILED 86414795_112 at Thu Sep  3 10:44:50 AM CDT 2026
PAUSE after 1 conversions: cooldown 30s + cleanup
Finished at Thu Sep  3 10:45:25 AM CDT 2026
total=514 skipped=512 empty_skipped=0 converted=0 failed=2 workers=1
Starting batch (offbeamlight, tpc=1) at Thu Sep  3 10:49:18 AM CDT 2026 parallel=0 workers=1 pause_every=1
Input:  /pnfs/sbnd/scratch/users/munjung/v10_06_00/raw-SBND_DATA_InTimeCosmics_offbeamlight/waveforms
Output: /pnfs/sbnd/scratch/users/munjung/v10_06_00/raw-SBND_DATA_InTimeCosmics_offbeamlight/h5 (g4-raw-1_*.h5)
User memory budget: 37 GiB, currently used: 7 GiB
Converting 86414790_107 at Thu Sep  3 10:49:18 AM CDT 2026
FAILED 86414790_107 at Thu Sep  3 10:49:19 AM CDT 2026
PAUSE after 1 conversions: cooldown 30s + cleanup
Converting 86414795_112 at Thu Sep  3 10:49:51 AM CDT 2026
FAILED 86414795_112 at Thu Sep  3 10:49:52 AM CDT 2026
PAUSE after 1 conversions: cooldown 30s + cleanup
Finished at Thu Sep  3 10:50:27 AM CDT 2026
total=514 skipped=512 empty_skipped=0 converted=0 failed=2 workers=1
Starting batch (offbeamlight, tpc=1) at Thu Sep  3 10:54:21 AM CDT 2026 parallel=0 workers=1 pause_every=1
Input:  /pnfs/sbnd/scratch/users/munjung/v10_06_00/raw-SBND_DATA_InTimeCosmics_offbeamlight/waveforms
Output: /pnfs/sbnd/scratch/users/munjung/v10_06_00/raw-SBND_DATA_InTimeCosmics_offbeamlight/h5 (g4-raw-1_*.h5)
User memory budget: 37 GiB, currently used: 6 GiB
Converting 86414790_107 at Thu Sep  3 10:54:21 AM CDT 2026
FAILED 86414790_107 at Thu Sep  3 10:54:22 AM CDT 2026
PAUSE after 1 conversions: cooldown 30s + cleanup
Converting 86414795_112 at Thu Sep  3 10:54:54 AM CDT 2026
FAILED 86414795_112 at Thu Sep  3 10:54:55 AM CDT 2026
PAUSE after 1 conversions: cooldown 30s + cleanup
Finished at Thu Sep  3 10:55:30 AM CDT 2026
total=514 skipped=512 empty_skipped=0 converted=0 failed=2 workers=1
Starting batch (offbeamlight, tpc=1) at Thu Sep  3 10:59:24 AM CDT 2026 parallel=0 workers=1 pause_every=1
Input:  /pnfs/sbnd/scratch/users/munjung/v10_06_00/raw-SBND_DATA_InTimeCosmics_offbeamlight/waveforms
Output: /pnfs/sbnd/scratch/users/munjung/v10_06_00/raw-SBND_DATA_InTimeCosmics_offbeamlight/h5 (g4-raw-1_*.h5)
User memory budget: 37 GiB, currently used: 7 GiB
Converting 86414790_107 at Thu Sep  3 10:59:24 AM CDT 2026
FAILED 86414790_107 at Thu Sep  3 10:59:25 AM CDT 2026
PAUSE after 1 conversions: cooldown 30s + cleanup
Converting 86414795_112 at Thu Sep  3 10:59:57 AM CDT 2026
FAILED 86414795_112 at Thu Sep  3 10:59:58 AM CDT 2026
PAUSE after 1 conversions: cooldown 30s + cleanup
Finished at Thu Sep  3 11:00:33 AM CDT 2026
total=514 skipped=512 empty_skipped=0 converted=0 failed=2 workers=1
Starting batch (offbeamlight, tpc=1) at Thu Sep  3 11:04:27 AM CDT 2026 parallel=0 workers=1 pause_every=1
Input:  /pnfs/sbnd/scratch/users/munjung/v10_06_00/raw-SBND_DATA_InTimeCosmics_offbeamlight/waveforms
Output: /pnfs/sbnd/scratch/users/munjung/v10_06_00/raw-SBND_DATA_InTimeCosmics_offbeamlight/h5 (g4-raw-1_*.h5)
User memory budget: 37 GiB, currently used: 7 GiB
Converting 86414790_107 at Thu Sep  3 11:04:27 AM CDT 2026
FAILED 86414790_107 at Thu Sep  3 11:04:29 AM CDT 2026
PAUSE after 1 conversions: cooldown 30s + cleanup
Converting 86414795_112 at Thu Sep  3 11:05:01 AM CDT 2026
FAILED 86414795_112 at Thu Sep  3 11:05:02 AM CDT 2026
PAUSE after 1 conversions: cooldown 30s + cleanup
Finished at Thu Sep  3 11:05:37 AM CDT 2026
total=514 skipped=512 empty_skipped=0 converted=0 failed=2 workers=1
Starting batch (offbeamlight, tpc=1) at Thu Sep  3 11:09:30 AM CDT 2026 parallel=0 workers=1 pause_every=1
Input:  /pnfs/sbnd/scratch/users/munjung/v10_06_00/raw-SBND_DATA_InTimeCosmics_offbeamlight/waveforms
Output: /pnfs/sbnd/scratch/users/munjung/v10_06_00/raw-SBND_DATA_InTimeCosmics_offbeamlight/h5 (g4-raw-1_*.h5)
User memory budget: 37 GiB, currently used: 7 GiB
Converting 86414790_107 at Thu Sep  3 11:09:30 AM CDT 2026
FAILED 86414790_107 at Thu Sep  3 11:09:31 AM CDT 2026
PAUSE after 1 conversions: cooldown 30s + cleanup
Converting 86414795_112 at Thu Sep  3 11:10:03 AM CDT 2026
FAILED 86414795_112 at Thu Sep  3 11:10:03 AM CDT 2026
PAUSE after 1 conversions: cooldown 30s + cleanup
Finished at Thu Sep  3 11:10:39 AM CDT 2026
total=514 skipped=512 empty_skipped=0 converted=0 failed=2 workers=1
Starting batch (offbeamlight, tpc=1) at Thu Sep  3 11:14:32 AM CDT 2026 parallel=0 workers=1 pause_every=1
Input:  /pnfs/sbnd/scratch/users/munjung/v10_06_00/raw-SBND_DATA_InTimeCosmics_offbeamlight/waveforms
Output: /pnfs/sbnd/scratch/users/munjung/v10_06_00/raw-SBND_DATA_InTimeCosmics_offbeamlight/h5 (g4-raw-1_*.h5)
User memory budget: 37 GiB, currently used: 7 GiB
Converting 86414790_107 at Thu Sep  3 11:14:32 AM CDT 2026
FAILED 86414790_107 at Thu Sep  3 11:14:33 AM CDT 2026
PAUSE after 1 conversions: cooldown 30s + cleanup
Converting 86414795_112 at Thu Sep  3 11:15:06 AM CDT 2026
FAILED 86414795_112 at Thu Sep  3 11:15:06 AM CDT 2026
PAUSE after 1 conversions: cooldown 30s + cleanup
Finished at Thu Sep  3 11:15:42 AM CDT 2026
total=514 skipped=512 empty_skipped=0 converted=0 failed=2 workers=1
Starting batch (offbeamlight, tpc=1) at Thu Sep  3 11:19:36 AM CDT 2026 parallel=0 workers=1 pause_every=1
Input:  /pnfs/sbnd/scratch/users/munjung/v10_06_00/raw-SBND_DATA_InTimeCosmics_offbeamlight/waveforms
Output: /pnfs/sbnd/scratch/users/munjung/v10_06_00/raw-SBND_DATA_InTimeCosmics_offbeamlight/h5 (g4-raw-1_*.h5)
User memory budget: 37 GiB, currently used: 7 GiB
Converting 86414790_107 at Thu Sep  3 11:19:36 AM CDT 2026
FAILED 86414790_107 at Thu Sep  3 11:19:38 AM CDT 2026
PAUSE after 1 conversions: cooldown 30s + cleanup
Converting 86414795_112 at Thu Sep  3 11:20:10 AM CDT 2026
FAILED 86414795_112 at Thu Sep  3 11:20:11 AM CDT 2026
PAUSE after 1 conversions: cooldown 30s + cleanup
Finished at Thu Sep  3 11:20:46 AM CDT 2026
total=514 skipped=512 empty_skipped=0 converted=0 failed=2 workers=1
Starting batch (offbeamlight, tpc=1) at Thu Sep  3 11:24:38 AM CDT 2026 parallel=0 workers=1 pause_every=1
Input:  /pnfs/sbnd/scratch/users/munjung/v10_06_00/raw-SBND_DATA_InTimeCosmics_offbeamlight/waveforms
Output: /pnfs/sbnd/scratch/users/munjung/v10_06_00/raw-SBND_DATA_InTimeCosmics_offbeamlight/h5 (g4-raw-1_*.h5)
User memory budget: 37 GiB, currently used: 7 GiB
Converting 86414790_107 at Thu Sep  3 11:24:38 AM CDT 2026
FAILED 86414790_107 at Thu Sep  3 11:24:39 AM CDT 2026
PAUSE after 1 conversions: cooldown 30s + cleanup
Converting 86414795_112 at Thu Sep  3 11:25:11 AM CDT 2026
FAILED 86414795_112 at Thu Sep  3 11:25:12 AM CDT 2026
PAUSE after 1 conversions: cooldown 30s + cleanup
Finished at Thu Sep  3 11:25:47 AM CDT 2026
total=514 skipped=512 empty_skipped=0 converted=0 failed=2 workers=1
Starting batch (offbeamlight, tpc=1) at Thu Sep  3 11:29:41 AM CDT 2026 parallel=0 workers=1 pause_every=1
Input:  /pnfs/sbnd/scratch/users/munjung/v10_06_00/raw-SBND_DATA_InTimeCosmics_offbeamlight/waveforms
Output: /pnfs/sbnd/scratch/users/munjung/v10_06_00/raw-SBND_DATA_InTimeCosmics_offbeamlight/h5 (g4-raw-1_*.h5)
User memory budget: 37 GiB, currently used: 7 GiB
Converting 86414790_107 at Thu Sep  3 11:29:41 AM CDT 2026
FAILED 86414790_107 at Thu Sep  3 11:29:42 AM CDT 2026
PAUSE after 1 conversions: cooldown 30s + cleanup
Converting 86414795_112 at Thu Sep  3 11:30:14 AM CDT 2026
FAILED 86414795_112 at Thu Sep  3 11:30:15 AM CDT 2026
PAUSE after 1 conversions: cooldown 30s + cleanup
Finished at Thu Sep  3 11:30:50 AM CDT 2026
total=514 skipped=512 empty_skipped=0 converted=0 failed=2 workers=1
Starting batch (offbeamlight, tpc=1) at Thu Sep  3 11:34:43 AM CDT 2026 parallel=0 workers=1 pause_every=1
Input:  /pnfs/sbnd/scratch/users/munjung/v10_06_00/raw-SBND_DATA_InTimeCosmics_offbeamlight/waveforms
Output: /pnfs/sbnd/scratch/users/munjung/v10_06_00/raw-SBND_DATA_InTimeCosmics_offbeamlight/h5 (g4-raw-1_*.h5)
User memory budget: 37 GiB, currently used: 7 GiB
Converting 86414790_107 at Thu Sep  3 11:34:44 AM CDT 2026
FAILED 86414790_107 at Thu Sep  3 11:34:44 AM CDT 2026
PAUSE after 1 conversions: cooldown 30s + cleanup
Converting 86414795_112 at Thu Sep  3 11:35:16 AM CDT 2026
FAILED 86414795_112 at Thu Sep  3 11:35:17 AM CDT 2026
PAUSE after 1 conversions: cooldown 30s + cleanup
Finished at Thu Sep  3 11:35:52 AM CDT 2026
total=514 skipped=512 empty_skipped=0 converted=0 failed=2 workers=1
Starting batch (offbeamlight, tpc=1) at Thu Sep  3 11:46:02 AM CDT 2026 parallel=0 workers=1 pause_every=1
Input:  /pnfs/sbnd/scratch/users/munjung/v10_06_00/raw-SBND_DATA_InTimeCosmics_offbeamlight/waveforms
Output: /pnfs/sbnd/scratch/users/munjung/v10_06_00/raw-SBND_DATA_InTimeCosmics_offbeamlight/h5 (g4-raw-1_*.h5)
User memory budget: 37 GiB, currently used: 7 GiB
Converting 86414790_107 at Thu Sep  3 11:46:02 AM CDT 2026
FAILED 86414790_107 at Thu Sep  3 11:46:03 AM CDT 2026
PAUSE after 1 conversions: cooldown 30s + cleanup
Converting 86414795_112 at Thu Sep  3 11:46:35 AM CDT 2026
FAILED 86414795_112 at Thu Sep  3 11:46:36 AM CDT 2026
PAUSE after 1 conversions: cooldown 30s + cleanup
Finished at Thu Sep  3 11:47:11 AM CDT 2026
total=514 skipped=512 empty_skipped=0 converted=0 failed=2 workers=1
Starting batch (offbeamlight, tpc=1) at Thu Sep  3 12:17:32 PM CDT 2026 parallel=0 workers=1 pause_every=1
Input:  /pnfs/sbnd/scratch/users/munjung/v10_06_00/raw-SBND_DATA_InTimeCosmics_offbeamlight/waveforms
Output: /pnfs/sbnd/scratch/users/munjung/v10_06_00/raw-SBND_DATA_InTimeCosmics_offbeamlight/h5 (g4-raw-1_*.h5)
User memory budget: 37 GiB, currently used: 7 GiB
Converting 86414790_107 at Thu Sep  3 12:17:33 PM CDT 2026
FAILED 86414790_107 at Thu Sep  3 12:17:35 PM CDT 2026
PAUSE after 1 conversions: cooldown 30s + cleanup
Converting 86414795_112 at Thu Sep  3 12:18:07 PM CDT 2026
FAILED 86414795_112 at Thu Sep  3 12:18:08 PM CDT 2026
PAUSE after 1 conversions: cooldown 30s + cleanup
Finished at Thu Sep  3 12:18:44 PM CDT 2026
total=514 skipped=512 empty_skipped=0 converted=0 failed=2 workers=1
Starting batch (offbeamlight, tpc=1) at Thu Sep  3 01:07:56 PM CDT 2026 parallel=0 workers=1 pause_every=1
Input:  /pnfs/sbnd/scratch/users/munjung/v10_06_00/raw-SBND_DATA_InTimeCosmics_offbeamlight/waveforms
Output: /pnfs/sbnd/scratch/users/munjung/v10_06_00/raw-SBND_DATA_InTimeCosmics_offbeamlight/h5 (g4-raw-1_*.h5)
User memory budget: 37 GiB, currently used: 8 GiB
Converting 86414790_107 at Thu Sep  3 01:07:56 PM CDT 2026
FAILED 86414790_107 at Thu Sep  3 01:07:58 PM CDT 2026
PAUSE after 1 conversions: cooldown 30s + cleanup
Converting 86414795_112 at Thu Sep  3 01:08:30 PM CDT 2026
FAILED 86414795_112 at Thu Sep  3 01:08:31 PM CDT 2026
PAUSE after 1 conversions: cooldown 30s + cleanup
Finished at Thu Sep  3 01:09:06 PM CDT 2026
total=514 skipped=512 empty_skipped=0 converted=0 failed=2 workers=1
Starting batch (offbeamlight, tpc=1) at Thu Sep  3 01:39:31 PM CDT 2026 parallel=0 workers=1 pause_every=1
Input:  /pnfs/sbnd/scratch/users/munjung/v10_06_00/raw-SBND_DATA_InTimeCosmics_offbeamlight/waveforms
Output: /pnfs/sbnd/scratch/users/munjung/v10_06_00/raw-SBND_DATA_InTimeCosmics_offbeamlight/h5 (g4-raw-1_*.h5)
User memory budget: 37 GiB, currently used: 8 GiB
Converting 86414790_107 at Thu Sep  3 01:39:31 PM CDT 2026
FAILED 86414790_107 at Thu Sep  3 01:39:35 PM CDT 2026
PAUSE after 1 conversions: cooldown 30s + cleanup
Converting 86414795_112 at Thu Sep  3 01:40:08 PM CDT 2026
FAILED 86414795_112 at Thu Sep  3 01:40:08 PM CDT 2026
PAUSE after 1 conversions: cooldown 30s + cleanup
Finished at Thu Sep  3 01:40:44 PM CDT 2026
total=514 skipped=512 empty_skipped=0 converted=0 failed=2 workers=1
Starting batch (offbeamlight, tpc=1) at Thu Sep  3 01:57:08 PM CDT 2026 parallel=0 workers=1 pause_every=1
Input:  /pnfs/sbnd/scratch/users/munjung/v10_06_00/raw-SBND_DATA_InTimeCosmics_offbeamlight/waveforms
Output: /pnfs/sbnd/scratch/users/munjung/v10_06_00/raw-SBND_DATA_InTimeCosmics_offbeamlight/h5 (g4-raw-1_*.h5)
User memory budget: 37 GiB, currently used: 9 GiB
Converting 86414790_107 at Thu Sep  3 01:57:08 PM CDT 2026
FAILED 86414790_107 at Thu Sep  3 01:57:10 PM CDT 2026
PAUSE after 1 conversions: cooldown 30s + cleanup
Converting 86414795_112 at Thu Sep  3 01:57:43 PM CDT 2026
FAILED 86414795_112 at Thu Sep  3 01:57:43 PM CDT 2026
PAUSE after 1 conversions: cooldown 30s + cleanup
Finished at Thu Sep  3 01:58:19 PM CDT 2026
total=514 skipped=512 empty_skipped=0 converted=0 failed=2 workers=1
Starting batch (offbeamlight, tpc=1) at Thu Sep  3 02:28:35 PM CDT 2026 parallel=0 workers=1 pause_every=1
Input:  /pnfs/sbnd/scratch/users/munjung/v10_06_00/raw-SBND_DATA_InTimeCosmics_offbeamlight/waveforms
Output: /pnfs/sbnd/scratch/users/munjung/v10_06_00/raw-SBND_DATA_InTimeCosmics_offbeamlight/h5 (g4-raw-1_*.h5)
User memory budget: 37 GiB, currently used: 10 GiB
Converting 86414790_107 at Thu Sep  3 02:28:35 PM CDT 2026
FAILED 86414790_107 at Thu Sep  3 02:28:37 PM CDT 2026
PAUSE after 1 conversions: cooldown 30s + cleanup
Converting 86414795_112 at Thu Sep  3 02:29:09 PM CDT 2026
FAILED 86414795_112 at Thu Sep  3 02:29:10 PM CDT 2026
PAUSE after 1 conversions: cooldown 30s + cleanup
Finished at Thu Sep  3 02:29:45 PM CDT 2026
total=514 skipped=512 empty_skipped=0 converted=0 failed=2 workers=1
Starting batch (offbeamlight, tpc=1) at Thu Sep  3 02:39:54 PM CDT 2026 parallel=0 workers=1 pause_every=1
Input:  /pnfs/sbnd/scratch/users/munjung/v10_06_00/raw-SBND_DATA_InTimeCosmics_offbeamlight/waveforms
Output: /pnfs/sbnd/scratch/users/munjung/v10_06_00/raw-SBND_DATA_InTimeCosmics_offbeamlight/h5 (g4-raw-1_*.h5)
User memory budget: 37 GiB, currently used: 9 GiB
Converting 86414790_107 at Thu Sep  3 02:39:54 PM CDT 2026
FAILED 86414790_107 at Thu Sep  3 02:39:58 PM CDT 2026
PAUSE after 1 conversions: cooldown 30s + cleanup
Converting 86414795_112 at Thu Sep  3 02:40:31 PM CDT 2026
FAILED 86414795_112 at Thu Sep  3 02:40:31 PM CDT 2026
PAUSE after 1 conversions: cooldown 30s + cleanup
Finished at Thu Sep  3 02:41:07 PM CDT 2026
total=514 skipped=512 empty_skipped=0 converted=0 failed=2 workers=1
Starting batch (offbeamlight, tpc=1) at Thu Sep  3 03:12:38 PM CDT 2026 parallel=0 workers=1 pause_every=1
Input:  /pnfs/sbnd/scratch/users/munjung/v10_06_00/raw-SBND_DATA_InTimeCosmics_offbeamlight/waveforms
Output: /pnfs/sbnd/scratch/users/munjung/v10_06_00/raw-SBND_DATA_InTimeCosmics_offbeamlight/h5 (g4-raw-1_*.h5)
User memory budget: 37 GiB, currently used: 10 GiB
Converting 86414790_107 at Thu Sep  3 03:12:38 PM CDT 2026
FAILED 86414790_107 at Thu Sep  3 03:12:39 PM CDT 2026
PAUSE after 1 conversions: cooldown 30s + cleanup
Converting 86414795_112 at Thu Sep  3 03:13:11 PM CDT 2026
FAILED 86414795_112 at Thu Sep  3 03:13:12 PM CDT 2026
PAUSE after 1 conversions: cooldown 30s + cleanup
Finished at Thu Sep  3 03:13:48 PM CDT 2026
total=514 skipped=512 empty_skipped=0 converted=0 failed=2 workers=1
Starting batch (offbeamlight, tpc=1) at Thu Sep  3 03:23:58 PM CDT 2026 parallel=0 workers=1 pause_every=1
Input:  /pnfs/sbnd/scratch/users/munjung/v10_06_00/raw-SBND_DATA_InTimeCosmics_offbeamlight/waveforms
Output: /pnfs/sbnd/scratch/users/munjung/v10_06_00/raw-SBND_DATA_InTimeCosmics_offbeamlight/h5 (g4-raw-1_*.h5)
User memory budget: 37 GiB, currently used: 9 GiB
Converting 86414790_107 at Thu Sep  3 03:23:58 PM CDT 2026
FAILED 86414790_107 at Thu Sep  3 03:24:00 PM CDT 2026
PAUSE after 1 conversions: cooldown 30s + cleanup
Converting 86414795_112 at Thu Sep  3 03:24:33 PM CDT 2026
FAILED 86414795_112 at Thu Sep  3 03:24:34 PM CDT 2026
PAUSE after 1 conversions: cooldown 30s + cleanup
Finished at Thu Sep  3 03:25:11 PM CDT 2026
total=514 skipped=512 empty_skipped=0 converted=0 failed=2 workers=1
Starting batch (offbeamlight, tpc=1) at Thu Sep  3 03:50:32 PM CDT 2026 parallel=0 workers=1 pause_every=1
Input:  /pnfs/sbnd/scratch/users/munjung/v10_06_00/raw-SBND_DATA_InTimeCosmics_offbeamlight/waveforms
Output: /pnfs/sbnd/scratch/users/munjung/v10_06_00/raw-SBND_DATA_InTimeCosmics_offbeamlight/h5 (g4-raw-1_*.h5)
User memory budget: 37 GiB, currently used: 10 GiB
Converting 86414790_107 at Thu Sep  3 03:50:32 PM CDT 2026
FAILED 86414790_107 at Thu Sep  3 03:50:34 PM CDT 2026
PAUSE after 1 conversions: cooldown 30s + cleanup
Converting 86414795_112 at Thu Sep  3 03:51:06 PM CDT 2026
FAILED 86414795_112 at Thu Sep  3 03:51:07 PM CDT 2026
PAUSE after 1 conversions: cooldown 30s + cleanup
Finished at Thu Sep  3 03:51:44 PM CDT 2026
total=514 skipped=512 empty_skipped=0 converted=0 failed=2 workers=1
Starting batch (offbeamlight, tpc=1) at Thu Sep  3 04:23:28 PM CDT 2026 parallel=0 workers=1 pause_every=1
Input:  /pnfs/sbnd/scratch/users/munjung/v10_06_00/raw-SBND_DATA_InTimeCosmics_offbeamlight/waveforms
Output: /pnfs/sbnd/scratch/users/munjung/v10_06_00/raw-SBND_DATA_InTimeCosmics_offbeamlight/h5 (g4-raw-1_*.h5)
User memory budget: 37 GiB, currently used: 16 GiB
Converting 86414790_107 at Thu Sep  3 04:23:28 PM CDT 2026
FAILED 86414790_107 at Thu Sep  3 04:23:30 PM CDT 2026
PAUSE after 1 conversions: cooldown 30s + cleanup
Converting 86414795_112 at Thu Sep  3 04:24:02 PM CDT 2026
FAILED 86414795_112 at Thu Sep  3 04:24:03 PM CDT 2026
PAUSE after 1 conversions: cooldown 30s + cleanup
Finished at Thu Sep  3 04:24:40 PM CDT 2026
total=514 skipped=512 empty_skipped=0 converted=0 failed=2 workers=1
Starting batch (offbeamlight, tpc=1) at Thu Sep  3 04:29:48 PM CDT 2026 parallel=0 workers=1 pause_every=1
Input:  /pnfs/sbnd/scratch/users/munjung/v10_06_00/raw-SBND_DATA_InTimeCosmics_offbeamlight/waveforms
Output: /pnfs/sbnd/scratch/users/munjung/v10_06_00/raw-SBND_DATA_InTimeCosmics_offbeamlight/h5 (g4-raw-1_*.h5)
User memory budget: 37 GiB, currently used: 22 GiB
Converting 86414790_107 at Thu Sep  3 04:29:48 PM CDT 2026
FAILED 86414790_107 at Thu Sep  3 04:29:49 PM CDT 2026
PAUSE after 1 conversions: cooldown 30s + cleanup
Converting 86414795_112 at Thu Sep  3 04:30:22 PM CDT 2026
FAILED 86414795_112 at Thu Sep  3 04:30:23 PM CDT 2026
PAUSE after 1 conversions: cooldown 30s + cleanup
Finished at Thu Sep  3 04:30:59 PM CDT 2026
total=514 skipped=512 empty_skipped=0 converted=0 failed=2 workers=1
Starting batch (offbeamlight, tpc=1) at Thu Sep  3 04:36:07 PM CDT 2026 parallel=0 workers=1 pause_every=1
Input:  /pnfs/sbnd/scratch/users/munjung/v10_06_00/raw-SBND_DATA_InTimeCosmics_offbeamlight/waveforms
Output: /pnfs/sbnd/scratch/users/munjung/v10_06_00/raw-SBND_DATA_InTimeCosmics_offbeamlight/h5 (g4-raw-1_*.h5)
User memory budget: 37 GiB, currently used: 22 GiB
Converting 86414790_107 at Thu Sep  3 04:36:08 PM CDT 2026
FAILED 86414790_107 at Thu Sep  3 04:36:09 PM CDT 2026
PAUSE after 1 conversions: cooldown 30s + cleanup
Converting 86414795_112 at Thu Sep  3 04:36:41 PM CDT 2026
FAILED 86414795_112 at Thu Sep  3 04:36:42 PM CDT 2026
PAUSE after 1 conversions: cooldown 30s + cleanup
Finished at Thu Sep  3 04:37:19 PM CDT 2026
total=514 skipped=512 empty_skipped=0 converted=0 failed=2 workers=1
Starting batch (offbeamlight, tpc=1) at Thu Sep  3 04:47:30 PM CDT 2026 parallel=0 workers=1 pause_every=1
Input:  /pnfs/sbnd/scratch/users/munjung/v10_06_00/raw-SBND_DATA_InTimeCosmics_offbeamlight/waveforms
Output: /pnfs/sbnd/scratch/users/munjung/v10_06_00/raw-SBND_DATA_InTimeCosmics_offbeamlight/h5 (g4-raw-1_*.h5)
User memory budget: 37 GiB, currently used: 21 GiB
Converting 86414790_107 at Thu Sep  3 04:47:30 PM CDT 2026
FAILED 86414790_107 at Thu Sep  3 04:47:31 PM CDT 2026
PAUSE after 1 conversions: cooldown 30s + cleanup
Converting 86414795_112 at Thu Sep  3 04:48:03 PM CDT 2026
FAILED 86414795_112 at Thu Sep  3 04:48:05 PM CDT 2026
PAUSE after 1 conversions: cooldown 30s + cleanup
Finished at Thu Sep  3 04:48:41 PM CDT 2026
total=514 skipped=512 empty_skipped=0 converted=0 failed=2 workers=1
Starting batch (offbeamlight, tpc=1) at Thu Sep  3 05:05:11 PM CDT 2026 parallel=0 workers=1 pause_every=1
Input:  /pnfs/sbnd/scratch/users/munjung/v10_06_00/raw-SBND_DATA_InTimeCosmics_offbeamlight/waveforms
Output: /pnfs/sbnd/scratch/users/munjung/v10_06_00/raw-SBND_DATA_InTimeCosmics_offbeamlight/h5 (g4-raw-1_*.h5)
User memory budget: 37 GiB, currently used: 24 GiB
Converting 86414790_107 at Thu Sep  3 05:05:11 PM CDT 2026
FAILED 86414790_107 at Thu Sep  3 05:05:13 PM CDT 2026
PAUSE after 1 conversions: cooldown 30s + cleanup
Converting 86414795_112 at Thu Sep  3 05:05:46 PM CDT 2026
FAILED 86414795_112 at Thu Sep  3 05:05:48 PM CDT 2026
PAUSE after 1 conversions: cooldown 30s + cleanup
Finished at Thu Sep  3 05:06:24 PM CDT 2026
total=514 skipped=512 empty_skipped=0 converted=0 failed=2 workers=1
Starting batch (offbeamlight, tpc=1) at Thu Sep  3 05:21:37 PM CDT 2026 parallel=0 workers=1 pause_every=1
Input:  /pnfs/sbnd/scratch/users/munjung/v10_06_00/raw-SBND_DATA_InTimeCosmics_offbeamlight/waveforms
Output: /pnfs/sbnd/scratch/users/munjung/v10_06_00/raw-SBND_DATA_InTimeCosmics_offbeamlight/h5 (g4-raw-1_*.h5)
User memory budget: 37 GiB, currently used: 24 GiB
Converting 86414790_107 at Thu Sep  3 05:21:37 PM CDT 2026
FAILED 86414790_107 at Thu Sep  3 05:21:38 PM CDT 2026
PAUSE after 1 conversions: cooldown 30s + cleanup
Converting 86414795_112 at Thu Sep  3 05:22:10 PM CDT 2026
FAILED 86414795_112 at Thu Sep  3 05:22:11 PM CDT 2026
PAUSE after 1 conversions: cooldown 30s + cleanup
Finished at Thu Sep  3 05:22:48 PM CDT 2026
total=514 skipped=512 empty_skipped=0 converted=0 failed=2 workers=1
Starting batch (offbeamlight, tpc=1) at Thu Sep  3 05:48:06 PM CDT 2026 parallel=0 workers=1 pause_every=1
Input:  /pnfs/sbnd/scratch/users/munjung/v10_06_00/raw-SBND_DATA_InTimeCosmics_offbeamlight/waveforms
Output: /pnfs/sbnd/scratch/users/munjung/v10_06_00/raw-SBND_DATA_InTimeCosmics_offbeamlight/h5 (g4-raw-1_*.h5)
User memory budget: 37 GiB, currently used: 24 GiB
Converting 86414790_107 at Thu Sep  3 05:48:06 PM CDT 2026
FAILED 86414790_107 at Thu Sep  3 05:48:07 PM CDT 2026
PAUSE after 1 conversions: cooldown 30s + cleanup
Converting 86414795_112 at Thu Sep  3 05:48:39 PM CDT 2026
FAILED 86414795_112 at Thu Sep  3 05:48:40 PM CDT 2026
PAUSE after 1 conversions: cooldown 30s + cleanup
Finished at Thu Sep  3 05:49:16 PM CDT 2026
total=514 skipped=512 empty_skipped=0 converted=0 failed=2 workers=1
Starting batch (offbeamlight, tpc=1) at Thu Sep  3 06:00:40 PM CDT 2026 parallel=0 workers=1 pause_every=1
Input:  /pnfs/sbnd/scratch/users/munjung/v10_06_00/raw-SBND_DATA_InTimeCosmics_offbeamlight/waveforms
Output: /pnfs/sbnd/scratch/users/munjung/v10_06_00/raw-SBND_DATA_InTimeCosmics_offbeamlight/h5 (g4-raw-1_*.h5)
User memory budget: 37 GiB, currently used: 34 GiB
Converting 86414790_107 at Thu Sep  3 06:00:40 PM CDT 2026
FAILED 86414790_107 at Thu Sep  3 06:00:41 PM CDT 2026
PAUSE after 1 conversions: cooldown 30s + cleanup
Converting 86414795_112 at Thu Sep  3 06:01:13 PM CDT 2026
FAILED 86414795_112 at Thu Sep  3 06:01:14 PM CDT 2026
PAUSE after 1 conversions: cooldown 30s + cleanup
Finished at Thu Sep  3 06:01:49 PM CDT 2026
total=514 skipped=512 empty_skipped=0 converted=0 failed=2 workers=1
Starting batch (offbeamlight, tpc=1) at Thu Sep  3 06:11:58 PM CDT 2026 parallel=0 workers=1 pause_every=1
Input:  /pnfs/sbnd/scratch/users/munjung/v10_06_00/raw-SBND_DATA_InTimeCosmics_offbeamlight/waveforms
Output: /pnfs/sbnd/scratch/users/munjung/v10_06_00/raw-SBND_DATA_InTimeCosmics_offbeamlight/h5 (g4-raw-1_*.h5)
User memory budget: 37 GiB, currently used: 35 GiB
Converting 86414790_107 at Thu Sep  3 06:11:59 PM CDT 2026
FAILED 86414790_107 at Thu Sep  3 06:12:00 PM CDT 2026
PAUSE after 1 conversions: cooldown 30s + cleanup
Converting 86414795_112 at Thu Sep  3 06:12:32 PM CDT 2026
FAILED 86414795_112 at Thu Sep  3 06:12:32 PM CDT 2026
PAUSE after 1 conversions: cooldown 30s + cleanup
Finished at Thu Sep  3 06:13:08 PM CDT 2026
total=514 skipped=512 empty_skipped=0 converted=0 failed=2 workers=1
Starting batch (offbeamlight, tpc=1) at Thu Sep  3 06:23:19 PM CDT 2026 parallel=0 workers=1 pause_every=1
Input:  /pnfs/sbnd/scratch/users/munjung/v10_06_00/raw-SBND_DATA_InTimeCosmics_offbeamlight/waveforms
Output: /pnfs/sbnd/scratch/users/munjung/v10_06_00/raw-SBND_DATA_InTimeCosmics_offbeamlight/h5 (g4-raw-1_*.h5)
User memory budget: 37 GiB, currently used: 28 GiB
Converting 86414790_107 at Thu Sep  3 06:23:19 PM CDT 2026
FAILED 86414790_107 at Thu Sep  3 06:23:20 PM CDT 2026
PAUSE after 1 conversions: cooldown 30s + cleanup
Converting 86414795_112 at Thu Sep  3 06:23:52 PM CDT 2026
FAILED 86414795_112 at Thu Sep  3 06:23:52 PM CDT 2026
PAUSE after 1 conversions: cooldown 30s + cleanup
Finished at Thu Sep  3 06:24:28 PM CDT 2026
total=514 skipped=512 empty_skipped=0 converted=0 failed=2 workers=1
Starting batch (offbeamlight, tpc=1) at Thu Sep  3 06:35:51 PM CDT 2026 parallel=0 workers=1 pause_every=1
Input:  /pnfs/sbnd/scratch/users/munjung/v10_06_00/raw-SBND_DATA_InTimeCosmics_offbeamlight/waveforms
Output: /pnfs/sbnd/scratch/users/munjung/v10_06_00/raw-SBND_DATA_InTimeCosmics_offbeamlight/h5 (g4-raw-1_*.h5)
User memory budget: 37 GiB, currently used: 28 GiB
Converting 86414790_107 at Thu Sep  3 06:35:51 PM CDT 2026
FAILED 86414790_107 at Thu Sep  3 06:35:53 PM CDT 2026
PAUSE after 1 conversions: cooldown 30s + cleanup
Converting 86414795_112 at Thu Sep  3 06:36:26 PM CDT 2026
FAILED 86414795_112 at Thu Sep  3 06:36:26 PM CDT 2026
PAUSE after 1 conversions: cooldown 30s + cleanup
Finished at Thu Sep  3 06:37:02 PM CDT 2026
total=514 skipped=512 empty_skipped=0 converted=0 failed=2 workers=1
Starting batch (offbeamlight, tpc=1) at Thu Sep  3 07:02:17 PM CDT 2026 parallel=0 workers=1 pause_every=1
Input:  /pnfs/sbnd/scratch/users/munjung/v10_06_00/raw-SBND_DATA_InTimeCosmics_offbeamlight/waveforms
Output: /pnfs/sbnd/scratch/users/munjung/v10_06_00/raw-SBND_DATA_InTimeCosmics_offbeamlight/h5 (g4-raw-1_*.h5)
User memory budget: 37 GiB, currently used: 29 GiB
Converting 86414790_107 at Thu Sep  3 07:02:17 PM CDT 2026
FAILED 86414790_107 at Thu Sep  3 07:02:18 PM CDT 2026
PAUSE after 1 conversions: cooldown 30s + cleanup
Converting 86414795_112 at Thu Sep  3 07:02:50 PM CDT 2026
FAILED 86414795_112 at Thu Sep  3 07:02:51 PM CDT 2026
PAUSE after 1 conversions: cooldown 30s + cleanup
Finished at Thu Sep  3 07:03:26 PM CDT 2026
total=514 skipped=512 empty_skipped=0 converted=0 failed=2 workers=1
Starting batch (offbeamlight, tpc=1) at Thu Sep  3 07:23:40 PM CDT 2026 parallel=0 workers=1 pause_every=1
Input:  /pnfs/sbnd/scratch/users/munjung/v10_06_00/raw-SBND_DATA_InTimeCosmics_offbeamlight/waveforms
Output: /pnfs/sbnd/scratch/users/munjung/v10_06_00/raw-SBND_DATA_InTimeCosmics_offbeamlight/h5 (g4-raw-1_*.h5)
User memory budget: 37 GiB, currently used: 7 GiB
Converting 86414790_107 at Thu Sep  3 07:23:40 PM CDT 2026
FAILED 86414790_107 at Thu Sep  3 07:23:41 PM CDT 2026
PAUSE after 1 conversions: cooldown 30s + cleanup
Converting 86414795_112 at Thu Sep  3 07:24:13 PM CDT 2026
FAILED 86414795_112 at Thu Sep  3 07:24:15 PM CDT 2026
PAUSE after 1 conversions: cooldown 30s + cleanup
Finished at Thu Sep  3 07:24:50 PM CDT 2026
total=514 skipped=512 empty_skipped=0 converted=0 failed=2 workers=1
Starting batch (offbeamlight, tpc=1) at Thu Sep  3 07:29:57 PM CDT 2026 parallel=0 workers=1 pause_every=1
Input:  /pnfs/sbnd/scratch/users/munjung/v10_06_00/raw-SBND_DATA_InTimeCosmics_offbeamlight/waveforms
Output: /pnfs/sbnd/scratch/users/munjung/v10_06_00/raw-SBND_DATA_InTimeCosmics_offbeamlight/h5 (g4-raw-1_*.h5)
User memory budget: 37 GiB, currently used: 7 GiB
Converting 86414790_107 at Thu Sep  3 07:29:57 PM CDT 2026
FAILED 86414790_107 at Thu Sep  3 07:29:58 PM CDT 2026
PAUSE after 1 conversions: cooldown 30s + cleanup
Converting 86414795_112 at Thu Sep  3 07:30:30 PM CDT 2026
FAILED 86414795_112 at Thu Sep  3 07:30:31 PM CDT 2026
PAUSE after 1 conversions: cooldown 30s + cleanup
Finished at Thu Sep  3 07:31:06 PM CDT 2026
total=514 skipped=512 empty_skipped=0 converted=0 failed=2 workers=1
Starting batch (offbeamlight, tpc=1) at Thu Sep  3 07:56:23 PM CDT 2026 parallel=0 workers=1 pause_every=1
Input:  /pnfs/sbnd/scratch/users/munjung/v10_06_00/raw-SBND_DATA_InTimeCosmics_offbeamlight/waveforms
Output: /pnfs/sbnd/scratch/users/munjung/v10_06_00/raw-SBND_DATA_InTimeCosmics_offbeamlight/h5 (g4-raw-1_*.h5)
User memory budget: 37 GiB, currently used: 7 GiB
Converting 86414790_107 at Thu Sep  3 07:56:24 PM CDT 2026
FAILED 86414790_107 at Thu Sep  3 07:56:24 PM CDT 2026
PAUSE after 1 conversions: cooldown 30s + cleanup
Converting 86414795_112 at Thu Sep  3 07:56:57 PM CDT 2026
FAILED 86414795_112 at Thu Sep  3 07:56:57 PM CDT 2026
PAUSE after 1 conversions: cooldown 30s + cleanup
Finished at Thu Sep  3 07:57:33 PM CDT 2026
total=514 skipped=512 empty_skipped=0 converted=0 failed=2 workers=1
Starting batch (offbeamlight, tpc=1) at Thu Sep  3 08:07:43 PM CDT 2026 parallel=0 workers=1 pause_every=1
Input:  /pnfs/sbnd/scratch/users/munjung/v10_06_00/raw-SBND_DATA_InTimeCosmics_offbeamlight/waveforms
Output: /pnfs/sbnd/scratch/users/munjung/v10_06_00/raw-SBND_DATA_InTimeCosmics_offbeamlight/h5 (g4-raw-1_*.h5)
User memory budget: 37 GiB, currently used: 9 GiB
Converting 86414790_107 at Thu Sep  3 08:07:43 PM CDT 2026
FAILED 86414790_107 at Thu Sep  3 08:07:44 PM CDT 2026
PAUSE after 1 conversions: cooldown 30s + cleanup
Converting 86414795_112 at Thu Sep  3 08:08:16 PM CDT 2026
FAILED 86414795_112 at Thu Sep  3 08:08:17 PM CDT 2026
PAUSE after 1 conversions: cooldown 30s + cleanup
Finished at Thu Sep  3 08:08:52 PM CDT 2026
total=514 skipped=512 empty_skipped=0 converted=0 failed=2 workers=1
Starting batch (offbeamlight, tpc=1) at Thu Sep  3 08:24:03 PM CDT 2026 parallel=0 workers=1 pause_every=1
Input:  /pnfs/sbnd/scratch/users/munjung/v10_06_00/raw-SBND_DATA_InTimeCosmics_offbeamlight/waveforms
Output: /pnfs/sbnd/scratch/users/munjung/v10_06_00/raw-SBND_DATA_InTimeCosmics_offbeamlight/h5 (g4-raw-1_*.h5)
User memory budget: 37 GiB, currently used: 9 GiB
Converting 86414790_107 at Thu Sep  3 08:24:04 PM CDT 2026
FAILED 86414790_107 at Thu Sep  3 08:24:05 PM CDT 2026
PAUSE after 1 conversions: cooldown 30s + cleanup
Converting 86414795_112 at Thu Sep  3 08:24:37 PM CDT 2026
FAILED 86414795_112 at Thu Sep  3 08:24:38 PM CDT 2026
PAUSE after 1 conversions: cooldown 30s + cleanup
Finished at Thu Sep  3 08:25:13 PM CDT 2026
total=514 skipped=512 empty_skipped=0 converted=0 failed=2 workers=1
Starting batch (offbeamlight, tpc=1) at Thu Sep  3 08:40:26 PM CDT 2026 parallel=0 workers=1 pause_every=1
Input:  /pnfs/sbnd/scratch/users/munjung/v10_06_00/raw-SBND_DATA_InTimeCosmics_offbeamlight/waveforms
Output: /pnfs/sbnd/scratch/users/munjung/v10_06_00/raw-SBND_DATA_InTimeCosmics_offbeamlight/h5 (g4-raw-1_*.h5)
User memory budget: 37 GiB, currently used: 9 GiB
Converting 86414790_107 at Thu Sep  3 08:40:26 PM CDT 2026
FAILED 86414790_107 at Thu Sep  3 08:40:26 PM CDT 2026
PAUSE after 1 conversions: cooldown 30s + cleanup
Converting 86414795_112 at Thu Sep  3 08:40:59 PM CDT 2026
FAILED 86414795_112 at Thu Sep  3 08:40:59 PM CDT 2026
PAUSE after 1 conversions: cooldown 30s + cleanup
Finished at Thu Sep  3 08:41:35 PM CDT 2026
total=514 skipped=512 empty_skipped=0 converted=0 failed=2 workers=1
Starting batch (offbeamlight, tpc=1) at Thu Sep  3 08:50:30 PM CDT 2026 parallel=0 workers=1 pause_every=1
Input:  /pnfs/sbnd/scratch/users/munjung/v10_06_00/raw-SBND_DATA_InTimeCosmics_offbeamlight/waveforms
Output: /pnfs/sbnd/scratch/users/munjung/v10_06_00/raw-SBND_DATA_InTimeCosmics_offbeamlight/h5 (g4-raw-1_*.h5)
User memory budget: 37 GiB, currently used: 9 GiB
Converting 86414790_107 at Thu Sep  3 08:50:30 PM CDT 2026
FAILED 86414790_107 at Thu Sep  3 08:50:32 PM CDT 2026
PAUSE after 1 conversions: cooldown 30s + cleanup
Converting 86414795_112 at Thu Sep  3 08:51:04 PM CDT 2026
FAILED 86414795_112 at Thu Sep  3 08:51:05 PM CDT 2026
PAUSE after 1 conversions: cooldown 30s + cleanup
Finished at Thu Sep  3 08:51:40 PM CDT 2026
total=514 skipped=512 empty_skipped=0 converted=0 failed=2 workers=1
Starting batch (offbeamlight, tpc=1) at Thu Sep  3 08:55:34 PM CDT 2026 parallel=0 workers=1 pause_every=1
Input:  /pnfs/sbnd/scratch/users/munjung/v10_06_00/raw-SBND_DATA_InTimeCosmics_offbeamlight/waveforms
Output: /pnfs/sbnd/scratch/users/munjung/v10_06_00/raw-SBND_DATA_InTimeCosmics_offbeamlight/h5 (g4-raw-1_*.h5)
User memory budget: 37 GiB, currently used: 9 GiB
Converting 86414790_107 at Thu Sep  3 08:55:34 PM CDT 2026
FAILED 86414790_107 at Thu Sep  3 08:55:34 PM CDT 2026
PAUSE after 1 conversions: cooldown 30s + cleanup
Converting 86414795_112 at Thu Sep  3 08:56:07 PM CDT 2026
FAILED 86414795_112 at Thu Sep  3 08:56:07 PM CDT 2026
PAUSE after 1 conversions: cooldown 30s + cleanup
Finished at Thu Sep  3 08:56:43 PM CDT 2026
total=514 skipped=512 empty_skipped=0 converted=0 failed=2 workers=1
Starting batch (offbeamlight, tpc=1) at Thu Sep  3 09:00:36 PM CDT 2026 parallel=0 workers=1 pause_every=1
Input:  /pnfs/sbnd/scratch/users/munjung/v10_06_00/raw-SBND_DATA_InTimeCosmics_offbeamlight/waveforms
Output: /pnfs/sbnd/scratch/users/munjung/v10_06_00/raw-SBND_DATA_InTimeCosmics_offbeamlight/h5 (g4-raw-1_*.h5)
User memory budget: 37 GiB, currently used: 9 GiB
Converting 86414790_107 at Thu Sep  3 09:00:36 PM CDT 2026
FAILED 86414790_107 at Thu Sep  3 09:00:46 PM CDT 2026
PAUSE after 1 conversions: cooldown 30s + cleanup
Converting 86414795_112 at Thu Sep  3 09:01:18 PM CDT 2026
FAILED 86414795_112 at Thu Sep  3 09:01:18 PM CDT 2026
PAUSE after 1 conversions: cooldown 30s + cleanup
Finished at Thu Sep  3 09:02:01 PM CDT 2026
total=514 skipped=512 empty_skipped=0 converted=0 failed=2 workers=1
Starting batch (offbeamlight, tpc=1) at Thu Sep  3 09:05:39 PM CDT 2026 parallel=0 workers=1 pause_every=1
Input:  /pnfs/sbnd/scratch/users/munjung/v10_06_00/raw-SBND_DATA_InTimeCosmics_offbeamlight/waveforms
Output: /pnfs/sbnd/scratch/users/munjung/v10_06_00/raw-SBND_DATA_InTimeCosmics_offbeamlight/h5 (g4-raw-1_*.h5)
User memory budget: 37 GiB, currently used: 9 GiB
Converting 86414790_107 at Thu Sep  3 09:05:39 PM CDT 2026
FAILED 86414790_107 at Thu Sep  3 09:05:43 PM CDT 2026
PAUSE after 1 conversions: cooldown 30s + cleanup
Converting 86414795_112 at Thu Sep  3 09:06:15 PM CDT 2026
FAILED 86414795_112 at Thu Sep  3 09:06:16 PM CDT 2026
PAUSE after 1 conversions: cooldown 30s + cleanup
Finished at Thu Sep  3 09:06:53 PM CDT 2026
total=514 skipped=512 empty_skipped=0 converted=0 failed=2 workers=1
Starting batch (offbeamlight, tpc=1) at Thu Sep  3 09:10:43 PM CDT 2026 parallel=0 workers=1 pause_every=1
Input:  /pnfs/sbnd/scratch/users/munjung/v10_06_00/raw-SBND_DATA_InTimeCosmics_offbeamlight/waveforms
Output: /pnfs/sbnd/scratch/users/munjung/v10_06_00/raw-SBND_DATA_InTimeCosmics_offbeamlight/h5 (g4-raw-1_*.h5)
User memory budget: 37 GiB, currently used: 9 GiB
Converting 86414790_107 at Thu Sep  3 09:10:43 PM CDT 2026
FAILED 86414790_107 at Thu Sep  3 09:10:44 PM CDT 2026
PAUSE after 1 conversions: cooldown 30s + cleanup
Converting 86414795_112 at Thu Sep  3 09:11:16 PM CDT 2026
FAILED 86414795_112 at Thu Sep  3 09:11:16 PM CDT 2026
PAUSE after 1 conversions: cooldown 30s + cleanup
Finished at Thu Sep  3 09:11:52 PM CDT 2026
total=514 skipped=512 empty_skipped=0 converted=0 failed=2 workers=1
Starting batch (offbeamlight, tpc=1) at Thu Sep  3 09:15:45 PM CDT 2026 parallel=0 workers=1 pause_every=1
Input:  /pnfs/sbnd/scratch/users/munjung/v10_06_00/raw-SBND_DATA_InTimeCosmics_offbeamlight/waveforms
Output: /pnfs/sbnd/scratch/users/munjung/v10_06_00/raw-SBND_DATA_InTimeCosmics_offbeamlight/h5 (g4-raw-1_*.h5)
User memory budget: 37 GiB, currently used: 9 GiB
Converting 86414790_107 at Thu Sep  3 09:15:46 PM CDT 2026
FAILED 86414790_107 at Thu Sep  3 09:15:47 PM CDT 2026
PAUSE after 1 conversions: cooldown 30s + cleanup
Converting 86414795_112 at Thu Sep  3 09:16:19 PM CDT 2026
FAILED 86414795_112 at Thu Sep  3 09:16:21 PM CDT 2026
PAUSE after 1 conversions: cooldown 30s + cleanup
Finished at Thu Sep  3 09:16:56 PM CDT 2026
total=514 skipped=512 empty_skipped=0 converted=0 failed=2 workers=1
Starting batch (offbeamlight, tpc=1) at Thu Sep  3 09:20:48 PM CDT 2026 parallel=0 workers=1 pause_every=1
Input:  /pnfs/sbnd/scratch/users/munjung/v10_06_00/raw-SBND_DATA_InTimeCosmics_offbeamlight/waveforms
Output: /pnfs/sbnd/scratch/users/munjung/v10_06_00/raw-SBND_DATA_InTimeCosmics_offbeamlight/h5 (g4-raw-1_*.h5)
User memory budget: 37 GiB, currently used: 9 GiB
Converting 86414790_107 at Thu Sep  3 09:20:48 PM CDT 2026
FAILED 86414790_107 at Thu Sep  3 09:21:01 PM CDT 2026
PAUSE after 1 conversions: cooldown 30s + cleanup
Converting 86414795_112 at Thu Sep  3 09:21:33 PM CDT 2026
FAILED 86414795_112 at Thu Sep  3 09:21:34 PM CDT 2026
PAUSE after 1 conversions: cooldown 30s + cleanup
Finished at Thu Sep  3 09:22:09 PM CDT 2026
total=514 skipped=512 empty_skipped=0 converted=0 failed=2 workers=1
Starting batch (offbeamlight, tpc=1) at Thu Sep  3 09:25:51 PM CDT 2026 parallel=0 workers=1 pause_every=1
Input:  /pnfs/sbnd/scratch/users/munjung/v10_06_00/raw-SBND_DATA_InTimeCosmics_offbeamlight/waveforms
Output: /pnfs/sbnd/scratch/users/munjung/v10_06_00/raw-SBND_DATA_InTimeCosmics_offbeamlight/h5 (g4-raw-1_*.h5)
User memory budget: 37 GiB, currently used: 9 GiB
Converting 86414790_107 at Thu Sep  3 09:25:51 PM CDT 2026
FAILED 86414790_107 at Thu Sep  3 09:25:52 PM CDT 2026
PAUSE after 1 conversions: cooldown 30s + cleanup
Converting 86414795_112 at Thu Sep  3 09:26:24 PM CDT 2026
FAILED 86414795_112 at Thu Sep  3 09:26:25 PM CDT 2026
PAUSE after 1 conversions: cooldown 30s + cleanup
Finished at Thu Sep  3 09:27:00 PM CDT 2026
total=514 skipped=512 empty_skipped=0 converted=0 failed=2 workers=1
Starting batch (offbeamlight, tpc=1) at Thu Sep  3 09:30:54 PM CDT 2026 parallel=0 workers=1 pause_every=1
Input:  /pnfs/sbnd/scratch/users/munjung/v10_06_00/raw-SBND_DATA_InTimeCosmics_offbeamlight/waveforms
Output: /pnfs/sbnd/scratch/users/munjung/v10_06_00/raw-SBND_DATA_InTimeCosmics_offbeamlight/h5 (g4-raw-1_*.h5)
User memory budget: 37 GiB, currently used: 9 GiB
Converting 86414790_107 at Thu Sep  3 09:30:54 PM CDT 2026
FAILED 86414790_107 at Thu Sep  3 09:30:55 PM CDT 2026
PAUSE after 1 conversions: cooldown 30s + cleanup
Converting 86414795_112 at Thu Sep  3 09:31:27 PM CDT 2026
FAILED 86414795_112 at Thu Sep  3 09:31:27 PM CDT 2026
PAUSE after 1 conversions: cooldown 30s + cleanup
Finished at Thu Sep  3 09:32:03 PM CDT 2026
total=514 skipped=512 empty_skipped=0 converted=0 failed=2 workers=1
Starting batch (offbeamlight, tpc=1) at Thu Sep  3 09:35:57 PM CDT 2026 parallel=0 workers=1 pause_every=1
Input:  /pnfs/sbnd/scratch/users/munjung/v10_06_00/raw-SBND_DATA_InTimeCosmics_offbeamlight/waveforms
Output: /pnfs/sbnd/scratch/users/munjung/v10_06_00/raw-SBND_DATA_InTimeCosmics_offbeamlight/h5 (g4-raw-1_*.h5)
User memory budget: 37 GiB, currently used: 9 GiB
Converting 86414790_107 at Thu Sep  3 09:35:57 PM CDT 2026
FAILED 86414790_107 at Thu Sep  3 09:35:59 PM CDT 2026
PAUSE after 1 conversions: cooldown 30s + cleanup
Converting 86414795_112 at Thu Sep  3 09:36:31 PM CDT 2026
FAILED 86414795_112 at Thu Sep  3 09:36:31 PM CDT 2026
PAUSE after 1 conversions: cooldown 30s + cleanup
Finished at Thu Sep  3 09:37:07 PM CDT 2026
total=514 skipped=512 empty_skipped=0 converted=0 failed=2 workers=1
Starting batch (offbeamlight, tpc=1) at Thu Sep  3 09:40:59 PM CDT 2026 parallel=0 workers=1 pause_every=1
Input:  /pnfs/sbnd/scratch/users/munjung/v10_06_00/raw-SBND_DATA_InTimeCosmics_offbeamlight/waveforms
Output: /pnfs/sbnd/scratch/users/munjung/v10_06_00/raw-SBND_DATA_InTimeCosmics_offbeamlight/h5 (g4-raw-1_*.h5)
User memory budget: 37 GiB, currently used: 10 GiB
Converting 86414790_107 at Thu Sep  3 09:40:59 PM CDT 2026
FAILED 86414790_107 at Thu Sep  3 09:41:00 PM CDT 2026
PAUSE after 1 conversions: cooldown 30s + cleanup
Converting 86414795_112 at Thu Sep  3 09:41:33 PM CDT 2026
FAILED 86414795_112 at Thu Sep  3 09:41:33 PM CDT 2026
PAUSE after 1 conversions: cooldown 30s + cleanup
Finished at Thu Sep  3 09:42:09 PM CDT 2026
total=514 skipped=512 empty_skipped=0 converted=0 failed=2 workers=1
Starting batch (offbeamlight, tpc=1) at Thu Sep  3 09:46:02 PM CDT 2026 parallel=0 workers=1 pause_every=1
Input:  /pnfs/sbnd/scratch/users/munjung/v10_06_00/raw-SBND_DATA_InTimeCosmics_offbeamlight/waveforms
Output: /pnfs/sbnd/scratch/users/munjung/v10_06_00/raw-SBND_DATA_InTimeCosmics_offbeamlight/h5 (g4-raw-1_*.h5)
User memory budget: 37 GiB, currently used: 10 GiB
Converting 86414790_107 at Thu Sep  3 09:46:03 PM CDT 2026
FAILED 86414790_107 at Thu Sep  3 09:46:04 PM CDT 2026
PAUSE after 1 conversions: cooldown 30s + cleanup
Converting 86414795_112 at Thu Sep  3 09:46:36 PM CDT 2026
FAILED 86414795_112 at Thu Sep  3 09:46:37 PM CDT 2026
PAUSE after 1 conversions: cooldown 30s + cleanup
Finished at Thu Sep  3 09:47:12 PM CDT 2026
total=514 skipped=512 empty_skipped=0 converted=0 failed=2 workers=1
Starting batch (offbeamlight, tpc=1) at Thu Sep  3 09:51:05 PM CDT 2026 parallel=0 workers=1 pause_every=1
Input:  /pnfs/sbnd/scratch/users/munjung/v10_06_00/raw-SBND_DATA_InTimeCosmics_offbeamlight/waveforms
Output: /pnfs/sbnd/scratch/users/munjung/v10_06_00/raw-SBND_DATA_InTimeCosmics_offbeamlight/h5 (g4-raw-1_*.h5)
User memory budget: 37 GiB, currently used: 10 GiB
Converting 86414790_107 at Thu Sep  3 09:51:05 PM CDT 2026
FAILED 86414790_107 at Thu Sep  3 09:51:06 PM CDT 2026
PAUSE after 1 conversions: cooldown 30s + cleanup
Converting 86414795_112 at Thu Sep  3 09:51:38 PM CDT 2026
FAILED 86414795_112 at Thu Sep  3 09:51:39 PM CDT 2026
PAUSE after 1 conversions: cooldown 30s + cleanup
Finished at Thu Sep  3 09:52:14 PM CDT 2026
total=514 skipped=512 empty_skipped=0 converted=0 failed=2 workers=1
Starting batch (offbeamlight, tpc=1) at Thu Sep  3 09:56:08 PM CDT 2026 parallel=0 workers=1 pause_every=1
Input:  /pnfs/sbnd/scratch/users/munjung/v10_06_00/raw-SBND_DATA_InTimeCosmics_offbeamlight/waveforms
Output: /pnfs/sbnd/scratch/users/munjung/v10_06_00/raw-SBND_DATA_InTimeCosmics_offbeamlight/h5 (g4-raw-1_*.h5)
User memory budget: 37 GiB, currently used: 10 GiB
Converting 86414790_107 at Thu Sep  3 09:56:08 PM CDT 2026
FAILED 86414790_107 at Thu Sep  3 09:56:10 PM CDT 2026
PAUSE after 1 conversions: cooldown 30s + cleanup
Converting 86414795_112 at Thu Sep  3 09:56:42 PM CDT 2026
FAILED 86414795_112 at Thu Sep  3 09:56:43 PM CDT 2026
PAUSE after 1 conversions: cooldown 30s + cleanup
Finished at Thu Sep  3 09:57:19 PM CDT 2026
total=514 skipped=512 empty_skipped=0 converted=0 failed=2 workers=1
Starting batch (offbeamlight, tpc=1) at Thu Sep  3 10:01:11 PM CDT 2026 parallel=0 workers=1 pause_every=1
Input:  /pnfs/sbnd/scratch/users/munjung/v10_06_00/raw-SBND_DATA_InTimeCosmics_offbeamlight/waveforms
Output: /pnfs/sbnd/scratch/users/munjung/v10_06_00/raw-SBND_DATA_InTimeCosmics_offbeamlight/h5 (g4-raw-1_*.h5)
User memory budget: 37 GiB, currently used: 10 GiB
Converting 86414790_107 at Thu Sep  3 10:01:11 PM CDT 2026
FAILED 86414790_107 at Thu Sep  3 10:01:14 PM CDT 2026
PAUSE after 1 conversions: cooldown 30s + cleanup
Converting 86414795_112 at Thu Sep  3 10:01:46 PM CDT 2026
FAILED 86414795_112 at Thu Sep  3 10:01:47 PM CDT 2026
PAUSE after 1 conversions: cooldown 30s + cleanup
Finished at Thu Sep  3 10:02:22 PM CDT 2026
total=514 skipped=512 empty_skipped=0 converted=0 failed=2 workers=1
Starting batch (offbeamlight, tpc=1) at Thu Sep  3 10:06:14 PM CDT 2026 parallel=0 workers=1 pause_every=1
Input:  /pnfs/sbnd/scratch/users/munjung/v10_06_00/raw-SBND_DATA_InTimeCosmics_offbeamlight/waveforms
Output: /pnfs/sbnd/scratch/users/munjung/v10_06_00/raw-SBND_DATA_InTimeCosmics_offbeamlight/h5 (g4-raw-1_*.h5)
User memory budget: 37 GiB, currently used: 10 GiB
Converting 86414790_107 at Thu Sep  3 10:06:14 PM CDT 2026
FAILED 86414790_107 at Thu Sep  3 10:06:15 PM CDT 2026
PAUSE after 1 conversions: cooldown 30s + cleanup
Converting 86414795_112 at Thu Sep  3 10:06:47 PM CDT 2026
FAILED 86414795_112 at Thu Sep  3 10:06:48 PM CDT 2026
PAUSE after 1 conversions: cooldown 30s + cleanup
Finished at Thu Sep  3 10:07:24 PM CDT 2026
total=514 skipped=512 empty_skipped=0 converted=0 failed=2 workers=1
Starting batch (offbeamlight, tpc=1) at Thu Sep  3 10:11:16 PM CDT 2026 parallel=0 workers=1 pause_every=1
Input:  /pnfs/sbnd/scratch/users/munjung/v10_06_00/raw-SBND_DATA_InTimeCosmics_offbeamlight/waveforms
Output: /pnfs/sbnd/scratch/users/munjung/v10_06_00/raw-SBND_DATA_InTimeCosmics_offbeamlight/h5 (g4-raw-1_*.h5)
User memory budget: 37 GiB, currently used: 10 GiB
Converting 86414790_107 at Thu Sep  3 10:11:17 PM CDT 2026
FAILED 86414790_107 at Thu Sep  3 10:11:17 PM CDT 2026
PAUSE after 1 conversions: cooldown 30s + cleanup
Converting 86414795_112 at Thu Sep  3 10:11:50 PM CDT 2026
FAILED 86414795_112 at Thu Sep  3 10:11:50 PM CDT 2026
PAUSE after 1 conversions: cooldown 30s + cleanup
Finished at Thu Sep  3 10:12:26 PM CDT 2026
total=514 skipped=512 empty_skipped=0 converted=0 failed=2 workers=1
Starting batch (offbeamlight, tpc=1) at Thu Sep  3 10:16:19 PM CDT 2026 parallel=0 workers=1 pause_every=1
Input:  /pnfs/sbnd/scratch/users/munjung/v10_06_00/raw-SBND_DATA_InTimeCosmics_offbeamlight/waveforms
Output: /pnfs/sbnd/scratch/users/munjung/v10_06_00/raw-SBND_DATA_InTimeCosmics_offbeamlight/h5 (g4-raw-1_*.h5)
User memory budget: 37 GiB, currently used: 10 GiB
Converting 86414790_107 at Thu Sep  3 10:16:19 PM CDT 2026
FAILED 86414790_107 at Thu Sep  3 10:16:21 PM CDT 2026
PAUSE after 1 conversions: cooldown 30s + cleanup
Converting 86414795_112 at Thu Sep  3 10:16:53 PM CDT 2026
FAILED 86414795_112 at Thu Sep  3 10:16:54 PM CDT 2026
PAUSE after 1 conversions: cooldown 30s + cleanup
Finished at Thu Sep  3 10:17:29 PM CDT 2026
total=514 skipped=512 empty_skipped=0 converted=0 failed=2 workers=1
Starting batch (offbeamlight, tpc=1) at Thu Sep  3 10:21:22 PM CDT 2026 parallel=0 workers=1 pause_every=1
Input:  /pnfs/sbnd/scratch/users/munjung/v10_06_00/raw-SBND_DATA_InTimeCosmics_offbeamlight/waveforms
Output: /pnfs/sbnd/scratch/users/munjung/v10_06_00/raw-SBND_DATA_InTimeCosmics_offbeamlight/h5 (g4-raw-1_*.h5)
User memory budget: 37 GiB, currently used: 9 GiB
Converting 86414790_107 at Thu Sep  3 10:21:22 PM CDT 2026
FAILED 86414790_107 at Thu Sep  3 10:21:23 PM CDT 2026
PAUSE after 1 conversions: cooldown 30s + cleanup
Converting 86414795_112 at Thu Sep  3 10:21:55 PM CDT 2026
FAILED 86414795_112 at Thu Sep  3 10:21:56 PM CDT 2026
PAUSE after 1 conversions: cooldown 30s + cleanup
Finished at Thu Sep  3 10:22:31 PM CDT 2026
total=514 skipped=512 empty_skipped=0 converted=0 failed=2 workers=1
Starting batch (offbeamlight, tpc=1) at Thu Sep  3 10:26:25 PM CDT 2026 parallel=0 workers=1 pause_every=1
Input:  /pnfs/sbnd/scratch/users/munjung/v10_06_00/raw-SBND_DATA_InTimeCosmics_offbeamlight/waveforms
Output: /pnfs/sbnd/scratch/users/munjung/v10_06_00/raw-SBND_DATA_InTimeCosmics_offbeamlight/h5 (g4-raw-1_*.h5)
User memory budget: 37 GiB, currently used: 8 GiB
Converting 86414790_107 at Thu Sep  3 10:26:25 PM CDT 2026
FAILED 86414790_107 at Thu Sep  3 10:26:27 PM CDT 2026
PAUSE after 1 conversions: cooldown 30s + cleanup
Converting 86414795_112 at Thu Sep  3 10:26:59 PM CDT 2026
FAILED 86414795_112 at Thu Sep  3 10:27:00 PM CDT 2026
PAUSE after 1 conversions: cooldown 30s + cleanup
Finished at Thu Sep  3 10:27:35 PM CDT 2026
total=514 skipped=512 empty_skipped=0 converted=0 failed=2 workers=1
Starting batch (offbeamlight, tpc=1) at Thu Sep  3 10:31:27 PM CDT 2026 parallel=0 workers=1 pause_every=1
Input:  /pnfs/sbnd/scratch/users/munjung/v10_06_00/raw-SBND_DATA_InTimeCosmics_offbeamlight/waveforms
Output: /pnfs/sbnd/scratch/users/munjung/v10_06_00/raw-SBND_DATA_InTimeCosmics_offbeamlight/h5 (g4-raw-1_*.h5)
User memory budget: 37 GiB, currently used: 8 GiB
Converting 86414790_107 at Thu Sep  3 10:31:27 PM CDT 2026
FAILED 86414790_107 at Thu Sep  3 10:31:28 PM CDT 2026
PAUSE after 1 conversions: cooldown 30s + cleanup
Converting 86414795_112 at Thu Sep  3 10:32:00 PM CDT 2026
FAILED 86414795_112 at Thu Sep  3 10:32:01 PM CDT 2026
PAUSE after 1 conversions: cooldown 30s + cleanup
Finished at Thu Sep  3 10:32:37 PM CDT 2026
total=514 skipped=512 empty_skipped=0 converted=0 failed=2 workers=1
Starting batch (offbeamlight, tpc=1) at Thu Sep  3 10:36:30 PM CDT 2026 parallel=0 workers=1 pause_every=1
Input:  /pnfs/sbnd/scratch/users/munjung/v10_06_00/raw-SBND_DATA_InTimeCosmics_offbeamlight/waveforms
Output: /pnfs/sbnd/scratch/users/munjung/v10_06_00/raw-SBND_DATA_InTimeCosmics_offbeamlight/h5 (g4-raw-1_*.h5)
User memory budget: 37 GiB, currently used: 8 GiB
Converting 86414790_107 at Thu Sep  3 10:36:30 PM CDT 2026
FAILED 86414790_107 at Thu Sep  3 10:36:31 PM CDT 2026
PAUSE after 1 conversions: cooldown 30s + cleanup
Converting 86414795_112 at Thu Sep  3 10:37:03 PM CDT 2026
FAILED 86414795_112 at Thu Sep  3 10:37:04 PM CDT 2026
PAUSE after 1 conversions: cooldown 30s + cleanup
Finished at Thu Sep  3 10:37:39 PM CDT 2026
total=514 skipped=512 empty_skipped=0 converted=0 failed=2 workers=1
Starting batch (offbeamlight, tpc=1) at Thu Sep  3 10:41:33 PM CDT 2026 parallel=0 workers=1 pause_every=1
Input:  /pnfs/sbnd/scratch/users/munjung/v10_06_00/raw-SBND_DATA_InTimeCosmics_offbeamlight/waveforms
Output: /pnfs/sbnd/scratch/users/munjung/v10_06_00/raw-SBND_DATA_InTimeCosmics_offbeamlight/h5 (g4-raw-1_*.h5)
User memory budget: 37 GiB, currently used: 8 GiB
Converting 86414790_107 at Thu Sep  3 10:41:33 PM CDT 2026
FAILED 86414790_107 at Thu Sep  3 10:41:34 PM CDT 2026
PAUSE after 1 conversions: cooldown 30s + cleanup
Converting 86414795_112 at Thu Sep  3 10:42:06 PM CDT 2026
FAILED 86414795_112 at Thu Sep  3 10:42:07 PM CDT 2026
PAUSE after 1 conversions: cooldown 30s + cleanup
Finished at Thu Sep  3 10:42:42 PM CDT 2026
total=514 skipped=512 empty_skipped=0 converted=0 failed=2 workers=1
Starting batch (offbeamlight, tpc=1) at Thu Sep  3 10:46:35 PM CDT 2026 parallel=0 workers=1 pause_every=1
Input:  /pnfs/sbnd/scratch/users/munjung/v10_06_00/raw-SBND_DATA_InTimeCosmics_offbeamlight/waveforms
Output: /pnfs/sbnd/scratch/users/munjung/v10_06_00/raw-SBND_DATA_InTimeCosmics_offbeamlight/h5 (g4-raw-1_*.h5)
User memory budget: 37 GiB, currently used: 8 GiB
Converting 86414790_107 at Thu Sep  3 10:46:35 PM CDT 2026
FAILED 86414790_107 at Thu Sep  3 10:46:36 PM CDT 2026
PAUSE after 1 conversions: cooldown 30s + cleanup
Converting 86414795_112 at Thu Sep  3 10:47:08 PM CDT 2026
FAILED 86414795_112 at Thu Sep  3 10:47:09 PM CDT 2026
PAUSE after 1 conversions: cooldown 30s + cleanup
Finished at Thu Sep  3 10:47:44 PM CDT 2026
total=514 skipped=512 empty_skipped=0 converted=0 failed=2 workers=1
Starting batch (offbeamlight, tpc=1) at Thu Sep  3 11:06:45 PM CDT 2026 parallel=0 workers=1 pause_every=1
Input:  /pnfs/sbnd/scratch/users/munjung/v10_06_00/raw-SBND_DATA_InTimeCosmics_offbeamlight/waveforms
Output: /pnfs/sbnd/scratch/users/munjung/v10_06_00/raw-SBND_DATA_InTimeCosmics_offbeamlight/h5 (g4-raw-1_*.h5)
User memory budget: 37 GiB, currently used: 11 GiB
Converting 86414790_107 at Thu Sep  3 11:06:45 PM CDT 2026
FAILED 86414790_107 at Thu Sep  3 11:06:46 PM CDT 2026
PAUSE after 1 conversions: cooldown 30s + cleanup
Converting 86414795_112 at Thu Sep  3 11:07:18 PM CDT 2026
FAILED 86414795_112 at Thu Sep  3 11:07:21 PM CDT 2026
PAUSE after 1 conversions: cooldown 30s + cleanup
Finished at Thu Sep  3 11:07:56 PM CDT 2026
total=514 skipped=512 empty_skipped=0 converted=0 failed=2 workers=1
Starting batch (offbeamlight, tpc=1) at Thu Sep  3 11:11:47 PM CDT 2026 parallel=0 workers=1 pause_every=1
Input:  /pnfs/sbnd/scratch/users/munjung/v10_06_00/raw-SBND_DATA_InTimeCosmics_offbeamlight/waveforms
Output: /pnfs/sbnd/scratch/users/munjung/v10_06_00/raw-SBND_DATA_InTimeCosmics_offbeamlight/h5 (g4-raw-1_*.h5)
User memory budget: 37 GiB, currently used: 11 GiB
Converting 86414790_107 at Thu Sep  3 11:11:47 PM CDT 2026
FAILED 86414790_107 at Thu Sep  3 11:11:49 PM CDT 2026
PAUSE after 1 conversions: cooldown 30s + cleanup
Converting 86414795_112 at Thu Sep  3 11:12:21 PM CDT 2026
FAILED 86414795_112 at Thu Sep  3 11:12:22 PM CDT 2026
PAUSE after 1 conversions: cooldown 30s + cleanup
Finished at Thu Sep  3 11:12:57 PM CDT 2026
total=514 skipped=512 empty_skipped=0 converted=0 failed=2 workers=1
Starting batch (offbeamlight, tpc=1) at Thu Sep  3 11:16:50 PM CDT 2026 parallel=0 workers=1 pause_every=1
Input:  /pnfs/sbnd/scratch/users/munjung/v10_06_00/raw-SBND_DATA_InTimeCosmics_offbeamlight/waveforms
Output: /pnfs/sbnd/scratch/users/munjung/v10_06_00/raw-SBND_DATA_InTimeCosmics_offbeamlight/h5 (g4-raw-1_*.h5)
User memory budget: 37 GiB, currently used: 11 GiB
Converting 86414790_107 at Thu Sep  3 11:16:50 PM CDT 2026
FAILED 86414790_107 at Thu Sep  3 11:16:51 PM CDT 2026
PAUSE after 1 conversions: cooldown 30s + cleanup
Converting 86414795_112 at Thu Sep  3 11:17:23 PM CDT 2026
FAILED 86414795_112 at Thu Sep  3 11:17:24 PM CDT 2026
PAUSE after 1 conversions: cooldown 30s + cleanup
Finished at Thu Sep  3 11:17:59 PM CDT 2026
total=514 skipped=512 empty_skipped=0 converted=0 failed=2 workers=1
Starting batch (offbeamlight, tpc=1) at Thu Sep  3 11:21:53 PM CDT 2026 parallel=0 workers=1 pause_every=1
Input:  /pnfs/sbnd/scratch/users/munjung/v10_06_00/raw-SBND_DATA_InTimeCosmics_offbeamlight/waveforms
Output: /pnfs/sbnd/scratch/users/munjung/v10_06_00/raw-SBND_DATA_InTimeCosmics_offbeamlight/h5 (g4-raw-1_*.h5)
User memory budget: 37 GiB, currently used: 11 GiB
Converting 86414790_107 at Thu Sep  3 11:21:53 PM CDT 2026
FAILED 86414790_107 at Thu Sep  3 11:21:54 PM CDT 2026
PAUSE after 1 conversions: cooldown 30s + cleanup
Converting 86414795_112 at Thu Sep  3 11:22:26 PM CDT 2026
FAILED 86414795_112 at Thu Sep  3 11:22:26 PM CDT 2026
PAUSE after 1 conversions: cooldown 30s + cleanup
Finished at Thu Sep  3 11:23:02 PM CDT 2026
total=514 skipped=512 empty_skipped=0 converted=0 failed=2 workers=1
Starting batch (offbeamlight, tpc=1) at Thu Sep  3 11:26:55 PM CDT 2026 parallel=0 workers=1 pause_every=1
Input:  /pnfs/sbnd/scratch/users/munjung/v10_06_00/raw-SBND_DATA_InTimeCosmics_offbeamlight/waveforms
Output: /pnfs/sbnd/scratch/users/munjung/v10_06_00/raw-SBND_DATA_InTimeCosmics_offbeamlight/h5 (g4-raw-1_*.h5)
User memory budget: 37 GiB, currently used: 11 GiB
Converting 86414790_107 at Thu Sep  3 11:26:55 PM CDT 2026
FAILED 86414790_107 at Thu Sep  3 11:26:56 PM CDT 2026
PAUSE after 1 conversions: cooldown 30s + cleanup
Converting 86414795_112 at Thu Sep  3 11:27:29 PM CDT 2026
FAILED 86414795_112 at Thu Sep  3 11:27:29 PM CDT 2026
PAUSE after 1 conversions: cooldown 30s + cleanup
Finished at Thu Sep  3 11:28:05 PM CDT 2026
total=514 skipped=512 empty_skipped=0 converted=0 failed=2 workers=1
Starting batch (offbeamlight, tpc=1) at Thu Sep  3 11:31:58 PM CDT 2026 parallel=0 workers=1 pause_every=1
Input:  /pnfs/sbnd/scratch/users/munjung/v10_06_00/raw-SBND_DATA_InTimeCosmics_offbeamlight/waveforms
Output: /pnfs/sbnd/scratch/users/munjung/v10_06_00/raw-SBND_DATA_InTimeCosmics_offbeamlight/h5 (g4-raw-1_*.h5)
User memory budget: 37 GiB, currently used: 11 GiB
Converting 86414790_107 at Thu Sep  3 11:31:58 PM CDT 2026
FAILED 86414790_107 at Thu Sep  3 11:31:59 PM CDT 2026
PAUSE after 1 conversions: cooldown 30s + cleanup
Converting 86414795_112 at Thu Sep  3 11:32:31 PM CDT 2026
FAILED 86414795_112 at Thu Sep  3 11:32:32 PM CDT 2026
PAUSE after 1 conversions: cooldown 30s + cleanup
Finished at Thu Sep  3 11:33:07 PM CDT 2026
total=514 skipped=512 empty_skipped=0 converted=0 failed=2 workers=1
Starting batch (offbeamlight, tpc=1) at Thu Sep  3 11:37:00 PM CDT 2026 parallel=0 workers=1 pause_every=1
Input:  /pnfs/sbnd/scratch/users/munjung/v10_06_00/raw-SBND_DATA_InTimeCosmics_offbeamlight/waveforms
Output: /pnfs/sbnd/scratch/users/munjung/v10_06_00/raw-SBND_DATA_InTimeCosmics_offbeamlight/h5 (g4-raw-1_*.h5)
User memory budget: 37 GiB, currently used: 10 GiB
Converting 86414790_107 at Thu Sep  3 11:37:01 PM CDT 2026
FAILED 86414790_107 at Thu Sep  3 11:37:01 PM CDT 2026
PAUSE after 1 conversions: cooldown 30s + cleanup
Converting 86414795_112 at Thu Sep  3 11:37:33 PM CDT 2026
FAILED 86414795_112 at Thu Sep  3 11:37:34 PM CDT 2026
PAUSE after 1 conversions: cooldown 30s + cleanup
Finished at Thu Sep  3 11:38:10 PM CDT 2026
total=514 skipped=512 empty_skipped=0 converted=0 failed=2 workers=1
Starting batch (offbeamlight, tpc=1) at Thu Sep  3 11:42:03 PM CDT 2026 parallel=0 workers=1 pause_every=1
Input:  /pnfs/sbnd/scratch/users/munjung/v10_06_00/raw-SBND_DATA_InTimeCosmics_offbeamlight/waveforms
Output: /pnfs/sbnd/scratch/users/munjung/v10_06_00/raw-SBND_DATA_InTimeCosmics_offbeamlight/h5 (g4-raw-1_*.h5)
User memory budget: 37 GiB, currently used: 10 GiB
Converting 86414790_107 at Thu Sep  3 11:42:03 PM CDT 2026
FAILED 86414790_107 at Thu Sep  3 11:42:04 PM CDT 2026
PAUSE after 1 conversions: cooldown 30s + cleanup
Converting 86414795_112 at Thu Sep  3 11:42:36 PM CDT 2026
FAILED 86414795_112 at Thu Sep  3 11:42:37 PM CDT 2026
PAUSE after 1 conversions: cooldown 30s + cleanup
Finished at Thu Sep  3 11:43:12 PM CDT 2026
total=514 skipped=512 empty_skipped=0 converted=0 failed=2 workers=1
Starting batch (offbeamlight, tpc=1) at Thu Sep  3 11:47:06 PM CDT 2026 parallel=0 workers=1 pause_every=1
Input:  /pnfs/sbnd/scratch/users/munjung/v10_06_00/raw-SBND_DATA_InTimeCosmics_offbeamlight/waveforms
Output: /pnfs/sbnd/scratch/users/munjung/v10_06_00/raw-SBND_DATA_InTimeCosmics_offbeamlight/h5 (g4-raw-1_*.h5)
User memory budget: 37 GiB, currently used: 10 GiB
Converting 86414790_107 at Thu Sep  3 11:47:06 PM CDT 2026
FAILED 86414790_107 at Thu Sep  3 11:47:07 PM CDT 2026
PAUSE after 1 conversions: cooldown 30s + cleanup
Converting 86414795_112 at Thu Sep  3 11:47:39 PM CDT 2026
FAILED 86414795_112 at Thu Sep  3 11:47:40 PM CDT 2026
PAUSE after 1 conversions: cooldown 30s + cleanup
Finished at Thu Sep  3 11:48:15 PM CDT 2026
total=514 skipped=512 empty_skipped=0 converted=0 failed=2 workers=1
Starting batch (offbeamlight, tpc=1) at Thu Sep  3 11:52:09 PM CDT 2026 parallel=0 workers=1 pause_every=1
Input:  /pnfs/sbnd/scratch/users/munjung/v10_06_00/raw-SBND_DATA_InTimeCosmics_offbeamlight/waveforms
Output: /pnfs/sbnd/scratch/users/munjung/v10_06_00/raw-SBND_DATA_InTimeCosmics_offbeamlight/h5 (g4-raw-1_*.h5)
User memory budget: 37 GiB, currently used: 10 GiB
Converting 86414790_107 at Thu Sep  3 11:52:09 PM CDT 2026
FAILED 86414790_107 at Thu Sep  3 11:52:10 PM CDT 2026
PAUSE after 1 conversions: cooldown 30s + cleanup
Converting 86414795_112 at Thu Sep  3 11:52:42 PM CDT 2026
FAILED 86414795_112 at Thu Sep  3 11:52:42 PM CDT 2026
PAUSE after 1 conversions: cooldown 30s + cleanup
Finished at Thu Sep  3 11:53:18 PM CDT 2026
total=514 skipped=512 empty_skipped=0 converted=0 failed=2 workers=1
Starting batch (offbeamlight, tpc=1) at Thu Sep  3 11:57:11 PM CDT 2026 parallel=0 workers=1 pause_every=1
Input:  /pnfs/sbnd/scratch/users/munjung/v10_06_00/raw-SBND_DATA_InTimeCosmics_offbeamlight/waveforms
Output: /pnfs/sbnd/scratch/users/munjung/v10_06_00/raw-SBND_DATA_InTimeCosmics_offbeamlight/h5 (g4-raw-1_*.h5)
User memory budget: 37 GiB, currently used: 10 GiB
Converting 86414790_107 at Thu Sep  3 11:57:12 PM CDT 2026
FAILED 86414790_107 at Thu Sep  3 11:57:12 PM CDT 2026
PAUSE after 1 conversions: cooldown 30s + cleanup
Converting 86414795_112 at Thu Sep  3 11:57:45 PM CDT 2026
FAILED 86414795_112 at Thu Sep  3 11:57:45 PM CDT 2026
PAUSE after 1 conversions: cooldown 30s + cleanup
Finished at Thu Sep  3 11:58:21 PM CDT 2026
total=514 skipped=512 empty_skipped=0 converted=0 failed=2 workers=1
Starting batch (offbeamlight, tpc=1) at Fri Sep  4 12:02:14 AM CDT 2026 parallel=0 workers=1 pause_every=1
Input:  /pnfs/sbnd/scratch/users/munjung/v10_06_00/raw-SBND_DATA_InTimeCosmics_offbeamlight/waveforms
Output: /pnfs/sbnd/scratch/users/munjung/v10_06_00/raw-SBND_DATA_InTimeCosmics_offbeamlight/h5 (g4-raw-1_*.h5)
User memory budget: 37 GiB, currently used: 10 GiB
Converting 86414790_107 at Fri Sep  4 12:02:14 AM CDT 2026
FAILED 86414790_107 at Fri Sep  4 12:02:15 AM CDT 2026
PAUSE after 1 conversions: cooldown 30s + cleanup
Converting 86414795_112 at Fri Sep  4 12:02:47 AM CDT 2026
FAILED 86414795_112 at Fri Sep  4 12:02:48 AM CDT 2026
PAUSE after 1 conversions: cooldown 30s + cleanup
Finished at Fri Sep  4 12:03:23 AM CDT 2026
total=514 skipped=512 empty_skipped=0 converted=0 failed=2 workers=1
Starting batch (offbeamlight, tpc=1) at Fri Sep  4 01:03:55 AM CDT 2026 parallel=0 workers=1 pause_every=1
Input:  /pnfs/sbnd/scratch/users/munjung/v10_06_00/raw-SBND_DATA_InTimeCosmics_offbeamlight/waveforms
Output: /pnfs/sbnd/scratch/users/munjung/v10_06_00/raw-SBND_DATA_InTimeCosmics_offbeamlight/h5 (g4-raw-1_*.h5)
User memory budget: 37 GiB, currently used: 26 GiB
Converting 86414790_107 at Fri Sep  4 01:03:55 AM CDT 2026
FAILED 86414790_107 at Fri Sep  4 01:03:56 AM CDT 2026
PAUSE after 1 conversions: cooldown 30s + cleanup
Converting 86414795_112 at Fri Sep  4 01:04:28 AM CDT 2026
FAILED 86414795_112 at Fri Sep  4 01:04:29 AM CDT 2026
PAUSE after 1 conversions: cooldown 30s + cleanup
Finished at Fri Sep  4 01:05:04 AM CDT 2026
total=514 skipped=512 empty_skipped=0 converted=0 failed=2 workers=1
Starting batch (offbeamlight, tpc=1) at Fri Sep  4 01:08:58 AM CDT 2026 parallel=0 workers=1 pause_every=1
Input:  /pnfs/sbnd/scratch/users/munjung/v10_06_00/raw-SBND_DATA_InTimeCosmics_offbeamlight/waveforms
Output: /pnfs/sbnd/scratch/users/munjung/v10_06_00/raw-SBND_DATA_InTimeCosmics_offbeamlight/h5 (g4-raw-1_*.h5)
User memory budget: 37 GiB, currently used: 26 GiB
Converting 86414790_107 at Fri Sep  4 01:08:58 AM CDT 2026
FAILED 86414790_107 at Fri Sep  4 01:08:58 AM CDT 2026
PAUSE after 1 conversions: cooldown 30s + cleanup
Converting 86414795_112 at Fri Sep  4 01:09:31 AM CDT 2026
FAILED 86414795_112 at Fri Sep  4 01:09:31 AM CDT 2026
PAUSE after 1 conversions: cooldown 30s + cleanup
Finished at Fri Sep  4 01:10:07 AM CDT 2026
total=514 skipped=512 empty_skipped=0 converted=0 failed=2 workers=1
Starting batch (offbeamlight, tpc=1) at Fri Sep  4 01:14:00 AM CDT 2026 parallel=0 workers=1 pause_every=1
Input:  /pnfs/sbnd/scratch/users/munjung/v10_06_00/raw-SBND_DATA_InTimeCosmics_offbeamlight/waveforms
Output: /pnfs/sbnd/scratch/users/munjung/v10_06_00/raw-SBND_DATA_InTimeCosmics_offbeamlight/h5 (g4-raw-1_*.h5)
User memory budget: 37 GiB, currently used: 26 GiB
Converting 86414790_107 at Fri Sep  4 01:14:00 AM CDT 2026
FAILED 86414790_107 at Fri Sep  4 01:14:01 AM CDT 2026
PAUSE after 1 conversions: cooldown 30s + cleanup
Converting 86414795_112 at Fri Sep  4 01:14:34 AM CDT 2026
FAILED 86414795_112 at Fri Sep  4 01:14:34 AM CDT 2026
PAUSE after 1 conversions: cooldown 30s + cleanup
Finished at Fri Sep  4 01:15:09 AM CDT 2026
total=514 skipped=512 empty_skipped=0 converted=0 failed=2 workers=1
Starting batch (offbeamlight, tpc=1) at Fri Sep  4 01:19:03 AM CDT 2026 parallel=0 workers=1 pause_every=1
Input:  /pnfs/sbnd/scratch/users/munjung/v10_06_00/raw-SBND_DATA_InTimeCosmics_offbeamlight/waveforms
Output: /pnfs/sbnd/scratch/users/munjung/v10_06_00/raw-SBND_DATA_InTimeCosmics_offbeamlight/h5 (g4-raw-1_*.h5)
User memory budget: 37 GiB, currently used: 26 GiB
Converting 86414790_107 at Fri Sep  4 01:19:03 AM CDT 2026
FAILED 86414790_107 at Fri Sep  4 01:19:04 AM CDT 2026
PAUSE after 1 conversions: cooldown 30s + cleanup
Converting 86414795_112 at Fri Sep  4 01:19:36 AM CDT 2026
FAILED 86414795_112 at Fri Sep  4 01:19:37 AM CDT 2026
PAUSE after 1 conversions: cooldown 30s + cleanup
Finished at Fri Sep  4 01:20:12 AM CDT 2026
total=514 skipped=512 empty_skipped=0 converted=0 failed=2 workers=1
Starting batch (offbeamlight, tpc=1) at Fri Sep  4 01:24:06 AM CDT 2026 parallel=0 workers=1 pause_every=1
Input:  /pnfs/sbnd/scratch/users/munjung/v10_06_00/raw-SBND_DATA_InTimeCosmics_offbeamlight/waveforms
Output: /pnfs/sbnd/scratch/users/munjung/v10_06_00/raw-SBND_DATA_InTimeCosmics_offbeamlight/h5 (g4-raw-1_*.h5)
User memory budget: 37 GiB, currently used: 26 GiB
Converting 86414790_107 at Fri Sep  4 01:24:06 AM CDT 2026
FAILED 86414790_107 at Fri Sep  4 01:24:07 AM CDT 2026
PAUSE after 1 conversions: cooldown 30s + cleanup
Converting 86414795_112 at Fri Sep  4 01:24:39 AM CDT 2026
FAILED 86414795_112 at Fri Sep  4 01:24:40 AM CDT 2026
PAUSE after 1 conversions: cooldown 30s + cleanup
Finished at Fri Sep  4 01:25:15 AM CDT 2026
total=514 skipped=512 empty_skipped=0 converted=0 failed=2 workers=1
Starting batch (offbeamlight, tpc=1) at Fri Sep  4 01:29:09 AM CDT 2026 parallel=0 workers=1 pause_every=1
Input:  /pnfs/sbnd/scratch/users/munjung/v10_06_00/raw-SBND_DATA_InTimeCosmics_offbeamlight/waveforms
Output: /pnfs/sbnd/scratch/users/munjung/v10_06_00/raw-SBND_DATA_InTimeCosmics_offbeamlight/h5 (g4-raw-1_*.h5)
User memory budget: 37 GiB, currently used: 26 GiB
Converting 86414790_107 at Fri Sep  4 01:29:09 AM CDT 2026
FAILED 86414790_107 at Fri Sep  4 01:29:10 AM CDT 2026
PAUSE after 1 conversions: cooldown 30s + cleanup
Converting 86414795_112 at Fri Sep  4 01:29:42 AM CDT 2026
FAILED 86414795_112 at Fri Sep  4 01:29:43 AM CDT 2026
PAUSE after 1 conversions: cooldown 30s + cleanup
Finished at Fri Sep  4 01:30:18 AM CDT 2026
total=514 skipped=512 empty_skipped=0 converted=0 failed=2 workers=1
Starting batch (offbeamlight, tpc=1) at Fri Sep  4 01:34:12 AM CDT 2026 parallel=0 workers=1 pause_every=1
Input:  /pnfs/sbnd/scratch/users/munjung/v10_06_00/raw-SBND_DATA_InTimeCosmics_offbeamlight/waveforms
Output: /pnfs/sbnd/scratch/users/munjung/v10_06_00/raw-SBND_DATA_InTimeCosmics_offbeamlight/h5 (g4-raw-1_*.h5)
User memory budget: 37 GiB, currently used: 26 GiB
Converting 86414790_107 at Fri Sep  4 01:34:12 AM CDT 2026
FAILED 86414790_107 at Fri Sep  4 01:34:12 AM CDT 2026
PAUSE after 1 conversions: cooldown 30s + cleanup
Converting 86414795_112 at Fri Sep  4 01:34:45 AM CDT 2026
FAILED 86414795_112 at Fri Sep  4 01:34:45 AM CDT 2026
PAUSE after 1 conversions: cooldown 30s + cleanup
Finished at Fri Sep  4 01:35:21 AM CDT 2026
total=514 skipped=512 empty_skipped=0 converted=0 failed=2 workers=1
Starting batch (offbeamlight, tpc=1) at Fri Sep  4 01:39:15 AM CDT 2026 parallel=0 workers=1 pause_every=1
Input:  /pnfs/sbnd/scratch/users/munjung/v10_06_00/raw-SBND_DATA_InTimeCosmics_offbeamlight/waveforms
Output: /pnfs/sbnd/scratch/users/munjung/v10_06_00/raw-SBND_DATA_InTimeCosmics_offbeamlight/h5 (g4-raw-1_*.h5)
User memory budget: 37 GiB, currently used: 26 GiB
Converting 86414790_107 at Fri Sep  4 01:39:15 AM CDT 2026
FAILED 86414790_107 at Fri Sep  4 01:39:15 AM CDT 2026
PAUSE after 1 conversions: cooldown 30s + cleanup
Converting 86414795_112 at Fri Sep  4 01:39:48 AM CDT 2026
FAILED 86414795_112 at Fri Sep  4 01:39:48 AM CDT 2026
PAUSE after 1 conversions: cooldown 30s + cleanup
Finished at Fri Sep  4 01:40:24 AM CDT 2026
total=514 skipped=512 empty_skipped=0 converted=0 failed=2 workers=1
Starting batch (offbeamlight, tpc=1) at Fri Sep  4 01:44:17 AM CDT 2026 parallel=0 workers=1 pause_every=1
Input:  /pnfs/sbnd/scratch/users/munjung/v10_06_00/raw-SBND_DATA_InTimeCosmics_offbeamlight/waveforms
Output: /pnfs/sbnd/scratch/users/munjung/v10_06_00/raw-SBND_DATA_InTimeCosmics_offbeamlight/h5 (g4-raw-1_*.h5)
User memory budget: 37 GiB, currently used: 26 GiB
Converting 86414790_107 at Fri Sep  4 01:44:18 AM CDT 2026
FAILED 86414790_107 at Fri Sep  4 01:44:18 AM CDT 2026
PAUSE after 1 conversions: cooldown 30s + cleanup
Converting 86414795_112 at Fri Sep  4 01:44:50 AM CDT 2026
FAILED 86414795_112 at Fri Sep  4 01:44:51 AM CDT 2026
PAUSE after 1 conversions: cooldown 30s + cleanup
Finished at Fri Sep  4 01:45:26 AM CDT 2026
total=514 skipped=512 empty_skipped=0 converted=0 failed=2 workers=1
Starting batch (offbeamlight, tpc=1) at Fri Sep  4 01:49:20 AM CDT 2026 parallel=0 workers=1 pause_every=1
Input:  /pnfs/sbnd/scratch/users/munjung/v10_06_00/raw-SBND_DATA_InTimeCosmics_offbeamlight/waveforms
Output: /pnfs/sbnd/scratch/users/munjung/v10_06_00/raw-SBND_DATA_InTimeCosmics_offbeamlight/h5 (g4-raw-1_*.h5)
User memory budget: 37 GiB, currently used: 26 GiB
Converting 86414790_107 at Fri Sep  4 01:49:20 AM CDT 2026
FAILED 86414790_107 at Fri Sep  4 01:49:21 AM CDT 2026
PAUSE after 1 conversions: cooldown 30s + cleanup
Converting 86414795_112 at Fri Sep  4 01:49:53 AM CDT 2026
FAILED 86414795_112 at Fri Sep  4 01:49:54 AM CDT 2026
PAUSE after 1 conversions: cooldown 30s + cleanup
Finished at Fri Sep  4 01:50:29 AM CDT 2026
total=514 skipped=512 empty_skipped=0 converted=0 failed=2 workers=1
Starting batch (offbeamlight, tpc=1) at Fri Sep  4 01:54:23 AM CDT 2026 parallel=0 workers=1 pause_every=1
Input:  /pnfs/sbnd/scratch/users/munjung/v10_06_00/raw-SBND_DATA_InTimeCosmics_offbeamlight/waveforms
Output: /pnfs/sbnd/scratch/users/munjung/v10_06_00/raw-SBND_DATA_InTimeCosmics_offbeamlight/h5 (g4-raw-1_*.h5)
User memory budget: 37 GiB, currently used: 26 GiB
Converting 86414790_107 at Fri Sep  4 01:54:23 AM CDT 2026
FAILED 86414790_107 at Fri Sep  4 01:54:24 AM CDT 2026
PAUSE after 1 conversions: cooldown 30s + cleanup
Converting 86414795_112 at Fri Sep  4 01:54:56 AM CDT 2026
FAILED 86414795_112 at Fri Sep  4 01:54:56 AM CDT 2026
PAUSE after 1 conversions: cooldown 30s + cleanup
Finished at Fri Sep  4 01:55:32 AM CDT 2026
total=514 skipped=512 empty_skipped=0 converted=0 failed=2 workers=1
Starting batch (offbeamlight, tpc=1) at Fri Sep  4 01:59:25 AM CDT 2026 parallel=0 workers=1 pause_every=1
Input:  /pnfs/sbnd/scratch/users/munjung/v10_06_00/raw-SBND_DATA_InTimeCosmics_offbeamlight/waveforms
Output: /pnfs/sbnd/scratch/users/munjung/v10_06_00/raw-SBND_DATA_InTimeCosmics_offbeamlight/h5 (g4-raw-1_*.h5)
User memory budget: 37 GiB, currently used: 26 GiB
Converting 86414790_107 at Fri Sep  4 01:59:25 AM CDT 2026
FAILED 86414790_107 at Fri Sep  4 01:59:26 AM CDT 2026
PAUSE after 1 conversions: cooldown 30s + cleanup
Converting 86414795_112 at Fri Sep  4 01:59:58 AM CDT 2026
FAILED 86414795_112 at Fri Sep  4 01:59:59 AM CDT 2026
PAUSE after 1 conversions: cooldown 30s + cleanup
Finished at Fri Sep  4 02:00:34 AM CDT 2026
total=514 skipped=512 empty_skipped=0 converted=0 failed=2 workers=1
Starting batch (offbeamlight, tpc=1) at Fri Sep  4 02:15:47 AM CDT 2026 parallel=0 workers=1 pause_every=1
Input:  /pnfs/sbnd/scratch/users/munjung/v10_06_00/raw-SBND_DATA_InTimeCosmics_offbeamlight/waveforms
Output: /pnfs/sbnd/scratch/users/munjung/v10_06_00/raw-SBND_DATA_InTimeCosmics_offbeamlight/h5 (g4-raw-1_*.h5)
User memory budget: 37 GiB, currently used: 26 GiB
Converting 86414790_107 at Fri Sep  4 02:15:47 AM CDT 2026
FAILED 86414790_107 at Fri Sep  4 02:15:48 AM CDT 2026
PAUSE after 1 conversions: cooldown 30s + cleanup
Converting 86414795_112 at Fri Sep  4 02:16:20 AM CDT 2026
FAILED 86414795_112 at Fri Sep  4 02:16:21 AM CDT 2026
PAUSE after 1 conversions: cooldown 30s + cleanup
Finished at Fri Sep  4 02:16:56 AM CDT 2026
total=514 skipped=512 empty_skipped=0 converted=0 failed=2 workers=1
Starting batch (offbeamlight, tpc=1) at Fri Sep  4 02:20:49 AM CDT 2026 parallel=0 workers=1 pause_every=1
Input:  /pnfs/sbnd/scratch/users/munjung/v10_06_00/raw-SBND_DATA_InTimeCosmics_offbeamlight/waveforms
Output: /pnfs/sbnd/scratch/users/munjung/v10_06_00/raw-SBND_DATA_InTimeCosmics_offbeamlight/h5 (g4-raw-1_*.h5)
User memory budget: 37 GiB, currently used: 26 GiB
Converting 86414790_107 at Fri Sep  4 02:20:49 AM CDT 2026
FAILED 86414790_107 at Fri Sep  4 02:20:50 AM CDT 2026
PAUSE after 1 conversions: cooldown 30s + cleanup
Converting 86414795_112 at Fri Sep  4 02:21:22 AM CDT 2026
FAILED 86414795_112 at Fri Sep  4 02:21:23 AM CDT 2026
PAUSE after 1 conversions: cooldown 30s + cleanup
Finished at Fri Sep  4 02:21:58 AM CDT 2026
total=514 skipped=512 empty_skipped=0 converted=0 failed=2 workers=1
Starting batch (offbeamlight, tpc=1) at Fri Sep  4 02:25:52 AM CDT 2026 parallel=0 workers=1 pause_every=1
Input:  /pnfs/sbnd/scratch/users/munjung/v10_06_00/raw-SBND_DATA_InTimeCosmics_offbeamlight/waveforms
Output: /pnfs/sbnd/scratch/users/munjung/v10_06_00/raw-SBND_DATA_InTimeCosmics_offbeamlight/h5 (g4-raw-1_*.h5)
User memory budget: 37 GiB, currently used: 26 GiB
Converting 86414790_107 at Fri Sep  4 02:25:52 AM CDT 2026
FAILED 86414790_107 at Fri Sep  4 02:25:54 AM CDT 2026
PAUSE after 1 conversions: cooldown 30s + cleanup
Converting 86414795_112 at Fri Sep  4 02:26:26 AM CDT 2026
FAILED 86414795_112 at Fri Sep  4 02:26:26 AM CDT 2026
PAUSE after 1 conversions: cooldown 30s + cleanup
Finished at Fri Sep  4 02:27:02 AM CDT 2026
total=514 skipped=512 empty_skipped=0 converted=0 failed=2 workers=1
Starting batch (offbeamlight, tpc=1) at Fri Sep  4 02:30:55 AM CDT 2026 parallel=0 workers=1 pause_every=1
Input:  /pnfs/sbnd/scratch/users/munjung/v10_06_00/raw-SBND_DATA_InTimeCosmics_offbeamlight/waveforms
Output: /pnfs/sbnd/scratch/users/munjung/v10_06_00/raw-SBND_DATA_InTimeCosmics_offbeamlight/h5 (g4-raw-1_*.h5)
User memory budget: 37 GiB, currently used: 26 GiB
Converting 86414790_107 at Fri Sep  4 02:30:55 AM CDT 2026
FAILED 86414790_107 at Fri Sep  4 02:30:56 AM CDT 2026
PAUSE after 1 conversions: cooldown 30s + cleanup
Converting 86414795_112 at Fri Sep  4 02:31:28 AM CDT 2026
FAILED 86414795_112 at Fri Sep  4 02:31:28 AM CDT 2026
PAUSE after 1 conversions: cooldown 30s + cleanup
Finished at Fri Sep  4 02:32:04 AM CDT 2026
total=514 skipped=512 empty_skipped=0 converted=0 failed=2 workers=1
Starting batch (offbeamlight, tpc=1) at Fri Sep  4 02:35:58 AM CDT 2026 parallel=0 workers=1 pause_every=1
Input:  /pnfs/sbnd/scratch/users/munjung/v10_06_00/raw-SBND_DATA_InTimeCosmics_offbeamlight/waveforms
Output: /pnfs/sbnd/scratch/users/munjung/v10_06_00/raw-SBND_DATA_InTimeCosmics_offbeamlight/h5 (g4-raw-1_*.h5)
User memory budget: 37 GiB, currently used: 26 GiB
Converting 86414790_107 at Fri Sep  4 02:35:58 AM CDT 2026
FAILED 86414790_107 at Fri Sep  4 02:35:58 AM CDT 2026
PAUSE after 1 conversions: cooldown 30s + cleanup
Converting 86414795_112 at Fri Sep  4 02:36:31 AM CDT 2026
FAILED 86414795_112 at Fri Sep  4 02:36:31 AM CDT 2026
PAUSE after 1 conversions: cooldown 30s + cleanup
Finished at Fri Sep  4 02:37:06 AM CDT 2026
total=514 skipped=512 empty_skipped=0 converted=0 failed=2 workers=1
Starting batch (offbeamlight, tpc=1) at Fri Sep  4 02:41:00 AM CDT 2026 parallel=0 workers=1 pause_every=1
Input:  /pnfs/sbnd/scratch/users/munjung/v10_06_00/raw-SBND_DATA_InTimeCosmics_offbeamlight/waveforms
Output: /pnfs/sbnd/scratch/users/munjung/v10_06_00/raw-SBND_DATA_InTimeCosmics_offbeamlight/h5 (g4-raw-1_*.h5)
User memory budget: 37 GiB, currently used: 26 GiB
Converting 86414790_107 at Fri Sep  4 02:41:00 AM CDT 2026
FAILED 86414790_107 at Fri Sep  4 02:41:01 AM CDT 2026
PAUSE after 1 conversions: cooldown 30s + cleanup
Converting 86414795_112 at Fri Sep  4 02:41:33 AM CDT 2026
FAILED 86414795_112 at Fri Sep  4 02:41:34 AM CDT 2026
PAUSE after 1 conversions: cooldown 30s + cleanup
Finished at Fri Sep  4 02:42:09 AM CDT 2026
total=514 skipped=512 empty_skipped=0 converted=0 failed=2 workers=1
Starting batch (offbeamlight, tpc=1) at Fri Sep  4 02:46:03 AM CDT 2026 parallel=0 workers=1 pause_every=1
Input:  /pnfs/sbnd/scratch/users/munjung/v10_06_00/raw-SBND_DATA_InTimeCosmics_offbeamlight/waveforms
Output: /pnfs/sbnd/scratch/users/munjung/v10_06_00/raw-SBND_DATA_InTimeCosmics_offbeamlight/h5 (g4-raw-1_*.h5)
User memory budget: 37 GiB, currently used: 26 GiB
Converting 86414790_107 at Fri Sep  4 02:46:03 AM CDT 2026
FAILED 86414790_107 at Fri Sep  4 02:46:03 AM CDT 2026
PAUSE after 1 conversions: cooldown 30s + cleanup
Converting 86414795_112 at Fri Sep  4 02:46:36 AM CDT 2026
FAILED 86414795_112 at Fri Sep  4 02:46:36 AM CDT 2026
PAUSE after 1 conversions: cooldown 30s + cleanup
Finished at Fri Sep  4 02:47:12 AM CDT 2026
total=514 skipped=512 empty_skipped=0 converted=0 failed=2 workers=1
Starting batch (offbeamlight, tpc=1) at Fri Sep  4 02:51:05 AM CDT 2026 parallel=0 workers=1 pause_every=1
Input:  /pnfs/sbnd/scratch/users/munjung/v10_06_00/raw-SBND_DATA_InTimeCosmics_offbeamlight/waveforms
Output: /pnfs/sbnd/scratch/users/munjung/v10_06_00/raw-SBND_DATA_InTimeCosmics_offbeamlight/h5 (g4-raw-1_*.h5)
User memory budget: 37 GiB, currently used: 26 GiB
Converting 86414790_107 at Fri Sep  4 02:51:05 AM CDT 2026
FAILED 86414790_107 at Fri Sep  4 02:51:06 AM CDT 2026
PAUSE after 1 conversions: cooldown 30s + cleanup
Converting 86414795_112 at Fri Sep  4 02:51:38 AM CDT 2026
FAILED 86414795_112 at Fri Sep  4 02:51:39 AM CDT 2026
PAUSE after 1 conversions: cooldown 30s + cleanup
Finished at Fri Sep  4 02:52:14 AM CDT 2026
total=514 skipped=512 empty_skipped=0 converted=0 failed=2 workers=1
Starting batch (offbeamlight, tpc=1) at Fri Sep  4 02:56:08 AM CDT 2026 parallel=0 workers=1 pause_every=1
Input:  /pnfs/sbnd/scratch/users/munjung/v10_06_00/raw-SBND_DATA_InTimeCosmics_offbeamlight/waveforms
Output: /pnfs/sbnd/scratch/users/munjung/v10_06_00/raw-SBND_DATA_InTimeCosmics_offbeamlight/h5 (g4-raw-1_*.h5)
User memory budget: 37 GiB, currently used: 26 GiB
Converting 86414790_107 at Fri Sep  4 02:56:08 AM CDT 2026
FAILED 86414790_107 at Fri Sep  4 02:56:09 AM CDT 2026
PAUSE after 1 conversions: cooldown 30s + cleanup
Converting 86414795_112 at Fri Sep  4 02:56:41 AM CDT 2026
FAILED 86414795_112 at Fri Sep  4 02:56:42 AM CDT 2026
PAUSE after 1 conversions: cooldown 30s + cleanup
Finished at Fri Sep  4 02:57:17 AM CDT 2026
total=514 skipped=512 empty_skipped=0 converted=0 failed=2 workers=1
Starting batch (offbeamlight, tpc=1) at Fri Sep  4 03:01:10 AM CDT 2026 parallel=0 workers=1 pause_every=1
Input:  /pnfs/sbnd/scratch/users/munjung/v10_06_00/raw-SBND_DATA_InTimeCosmics_offbeamlight/waveforms
Output: /pnfs/sbnd/scratch/users/munjung/v10_06_00/raw-SBND_DATA_InTimeCosmics_offbeamlight/h5 (g4-raw-1_*.h5)
User memory budget: 37 GiB, currently used: 26 GiB
Converting 86414790_107 at Fri Sep  4 03:01:10 AM CDT 2026
FAILED 86414790_107 at Fri Sep  4 03:01:11 AM CDT 2026
PAUSE after 1 conversions: cooldown 30s + cleanup
Converting 86414795_112 at Fri Sep  4 03:01:43 AM CDT 2026
FAILED 86414795_112 at Fri Sep  4 03:01:44 AM CDT 2026
PAUSE after 1 conversions: cooldown 30s + cleanup
Finished at Fri Sep  4 03:02:19 AM CDT 2026
total=514 skipped=512 empty_skipped=0 converted=0 failed=2 workers=1
Starting batch (offbeamlight, tpc=1) at Fri Sep  4 03:06:13 AM CDT 2026 parallel=0 workers=1 pause_every=1
Input:  /pnfs/sbnd/scratch/users/munjung/v10_06_00/raw-SBND_DATA_InTimeCosmics_offbeamlight/waveforms
Output: /pnfs/sbnd/scratch/users/munjung/v10_06_00/raw-SBND_DATA_InTimeCosmics_offbeamlight/h5 (g4-raw-1_*.h5)
User memory budget: 37 GiB, currently used: 26 GiB
Converting 86414790_107 at Fri Sep  4 03:06:14 AM CDT 2026
FAILED 86414790_107 at Fri Sep  4 03:06:15 AM CDT 2026
PAUSE after 1 conversions: cooldown 30s + cleanup
Converting 86414795_112 at Fri Sep  4 03:06:47 AM CDT 2026
FAILED 86414795_112 at Fri Sep  4 03:06:48 AM CDT 2026
PAUSE after 1 conversions: cooldown 30s + cleanup
Finished at Fri Sep  4 03:07:23 AM CDT 2026
total=514 skipped=512 empty_skipped=0 converted=0 failed=2 workers=1
Starting batch (offbeamlight, tpc=1) at Fri Sep  4 03:11:16 AM CDT 2026 parallel=0 workers=1 pause_every=1
Input:  /pnfs/sbnd/scratch/users/munjung/v10_06_00/raw-SBND_DATA_InTimeCosmics_offbeamlight/waveforms
Output: /pnfs/sbnd/scratch/users/munjung/v10_06_00/raw-SBND_DATA_InTimeCosmics_offbeamlight/h5 (g4-raw-1_*.h5)
User memory budget: 37 GiB, currently used: 26 GiB
Converting 86414790_107 at Fri Sep  4 03:11:17 AM CDT 2026
FAILED 86414790_107 at Fri Sep  4 03:11:17 AM CDT 2026
PAUSE after 1 conversions: cooldown 30s + cleanup
Converting 86414795_112 at Fri Sep  4 03:11:50 AM CDT 2026
FAILED 86414795_112 at Fri Sep  4 03:11:52 AM CDT 2026
PAUSE after 1 conversions: cooldown 30s + cleanup
Finished at Fri Sep  4 03:12:27 AM CDT 2026
total=514 skipped=512 empty_skipped=0 converted=0 failed=2 workers=1
Starting batch (offbeamlight, tpc=1) at Fri Sep  4 03:16:20 AM CDT 2026 parallel=0 workers=1 pause_every=1
Input:  /pnfs/sbnd/scratch/users/munjung/v10_06_00/raw-SBND_DATA_InTimeCosmics_offbeamlight/waveforms
Output: /pnfs/sbnd/scratch/users/munjung/v10_06_00/raw-SBND_DATA_InTimeCosmics_offbeamlight/h5 (g4-raw-1_*.h5)
User memory budget: 37 GiB, currently used: 26 GiB
Converting 86414790_107 at Fri Sep  4 03:16:20 AM CDT 2026
FAILED 86414790_107 at Fri Sep  4 03:16:21 AM CDT 2026
PAUSE after 1 conversions: cooldown 30s + cleanup
Converting 86414795_112 at Fri Sep  4 03:16:54 AM CDT 2026
FAILED 86414795_112 at Fri Sep  4 03:16:54 AM CDT 2026
PAUSE after 1 conversions: cooldown 30s + cleanup
Finished at Fri Sep  4 03:17:30 AM CDT 2026
total=514 skipped=512 empty_skipped=0 converted=0 failed=2 workers=1
Starting batch (offbeamlight, tpc=1) at Fri Sep  4 03:21:22 AM CDT 2026 parallel=0 workers=1 pause_every=1
Input:  /pnfs/sbnd/scratch/users/munjung/v10_06_00/raw-SBND_DATA_InTimeCosmics_offbeamlight/waveforms
Output: /pnfs/sbnd/scratch/users/munjung/v10_06_00/raw-SBND_DATA_InTimeCosmics_offbeamlight/h5 (g4-raw-1_*.h5)
User memory budget: 37 GiB, currently used: 26 GiB
Converting 86414790_107 at Fri Sep  4 03:21:23 AM CDT 2026
FAILED 86414790_107 at Fri Sep  4 03:21:24 AM CDT 2026
PAUSE after 1 conversions: cooldown 30s + cleanup
Converting 86414795_112 at Fri Sep  4 03:21:56 AM CDT 2026
FAILED 86414795_112 at Fri Sep  4 03:21:57 AM CDT 2026
PAUSE after 1 conversions: cooldown 30s + cleanup
Finished at Fri Sep  4 03:22:32 AM CDT 2026
total=514 skipped=512 empty_skipped=0 converted=0 failed=2 workers=1
Starting batch (offbeamlight, tpc=1) at Fri Sep  4 03:26:25 AM CDT 2026 parallel=0 workers=1 pause_every=1
Input:  /pnfs/sbnd/scratch/users/munjung/v10_06_00/raw-SBND_DATA_InTimeCosmics_offbeamlight/waveforms
Output: /pnfs/sbnd/scratch/users/munjung/v10_06_00/raw-SBND_DATA_InTimeCosmics_offbeamlight/h5 (g4-raw-1_*.h5)
User memory budget: 37 GiB, currently used: 26 GiB
Converting 86414790_107 at Fri Sep  4 03:26:25 AM CDT 2026
FAILED 86414790_107 at Fri Sep  4 03:26:26 AM CDT 2026
PAUSE after 1 conversions: cooldown 30s + cleanup
Converting 86414795_112 at Fri Sep  4 03:26:59 AM CDT 2026
FAILED 86414795_112 at Fri Sep  4 03:26:59 AM CDT 2026
PAUSE after 1 conversions: cooldown 30s + cleanup
Finished at Fri Sep  4 03:27:35 AM CDT 2026
total=514 skipped=512 empty_skipped=0 converted=0 failed=2 workers=1
Starting batch (offbeamlight, tpc=1) at Fri Sep  4 03:31:29 AM CDT 2026 parallel=0 workers=1 pause_every=1
Input:  /pnfs/sbnd/scratch/users/munjung/v10_06_00/raw-SBND_DATA_InTimeCosmics_offbeamlight/waveforms
Output: /pnfs/sbnd/scratch/users/munjung/v10_06_00/raw-SBND_DATA_InTimeCosmics_offbeamlight/h5 (g4-raw-1_*.h5)
User memory budget: 37 GiB, currently used: 26 GiB
Converting 86414790_107 at Fri Sep  4 03:31:29 AM CDT 2026
FAILED 86414790_107 at Fri Sep  4 03:31:30 AM CDT 2026
PAUSE after 1 conversions: cooldown 30s + cleanup
Converting 86414795_112 at Fri Sep  4 03:32:02 AM CDT 2026
FAILED 86414795_112 at Fri Sep  4 03:32:04 AM CDT 2026
PAUSE after 1 conversions: cooldown 30s + cleanup
Finished at Fri Sep  4 03:32:40 AM CDT 2026
total=514 skipped=512 empty_skipped=0 converted=0 failed=2 workers=1
Starting batch (offbeamlight, tpc=1) at Fri Sep  4 03:36:33 AM CDT 2026 parallel=0 workers=1 pause_every=1
Input:  /pnfs/sbnd/scratch/users/munjung/v10_06_00/raw-SBND_DATA_InTimeCosmics_offbeamlight/waveforms
Output: /pnfs/sbnd/scratch/users/munjung/v10_06_00/raw-SBND_DATA_InTimeCosmics_offbeamlight/h5 (g4-raw-1_*.h5)
User memory budget: 37 GiB, currently used: 25 GiB
Converting 86414790_107 at Fri Sep  4 03:36:33 AM CDT 2026
FAILED 86414790_107 at Fri Sep  4 03:36:34 AM CDT 2026
PAUSE after 1 conversions: cooldown 30s + cleanup
Converting 86414795_112 at Fri Sep  4 03:37:06 AM CDT 2026
FAILED 86414795_112 at Fri Sep  4 03:37:07 AM CDT 2026
PAUSE after 1 conversions: cooldown 30s + cleanup
Finished at Fri Sep  4 03:37:43 AM CDT 2026
total=514 skipped=512 empty_skipped=0 converted=0 failed=2 workers=1
Starting batch (offbeamlight, tpc=1) at Fri Sep  4 03:41:35 AM CDT 2026 parallel=0 workers=1 pause_every=1
Input:  /pnfs/sbnd/scratch/users/munjung/v10_06_00/raw-SBND_DATA_InTimeCosmics_offbeamlight/waveforms
Output: /pnfs/sbnd/scratch/users/munjung/v10_06_00/raw-SBND_DATA_InTimeCosmics_offbeamlight/h5 (g4-raw-1_*.h5)
User memory budget: 37 GiB, currently used: 25 GiB
Converting 86414790_107 at Fri Sep  4 03:41:36 AM CDT 2026
FAILED 86414790_107 at Fri Sep  4 03:41:36 AM CDT 2026
PAUSE after 1 conversions: cooldown 30s + cleanup
Converting 86414795_112 at Fri Sep  4 03:42:09 AM CDT 2026
FAILED 86414795_112 at Fri Sep  4 03:42:09 AM CDT 2026
PAUSE after 1 conversions: cooldown 30s + cleanup
Finished at Fri Sep  4 03:42:45 AM CDT 2026
total=514 skipped=512 empty_skipped=0 converted=0 failed=2 workers=1
Starting batch (offbeamlight, tpc=1) at Fri Sep  4 03:46:39 AM CDT 2026 parallel=0 workers=1 pause_every=1
Input:  /pnfs/sbnd/scratch/users/munjung/v10_06_00/raw-SBND_DATA_InTimeCosmics_offbeamlight/waveforms
Output: /pnfs/sbnd/scratch/users/munjung/v10_06_00/raw-SBND_DATA_InTimeCosmics_offbeamlight/h5 (g4-raw-1_*.h5)
User memory budget: 37 GiB, currently used: 25 GiB
Converting 86414790_107 at Fri Sep  4 03:46:39 AM CDT 2026
FAILED 86414790_107 at Fri Sep  4 03:46:40 AM CDT 2026
PAUSE after 1 conversions: cooldown 30s + cleanup
Converting 86414795_112 at Fri Sep  4 03:47:12 AM CDT 2026
FAILED 86414795_112 at Fri Sep  4 03:47:13 AM CDT 2026
PAUSE after 1 conversions: cooldown 30s + cleanup
Finished at Fri Sep  4 03:47:48 AM CDT 2026
total=514 skipped=512 empty_skipped=0 converted=0 failed=2 workers=1
Starting batch (offbeamlight, tpc=1) at Fri Sep  4 03:51:42 AM CDT 2026 parallel=0 workers=1 pause_every=1
Input:  /pnfs/sbnd/scratch/users/munjung/v10_06_00/raw-SBND_DATA_InTimeCosmics_offbeamlight/waveforms
Output: /pnfs/sbnd/scratch/users/munjung/v10_06_00/raw-SBND_DATA_InTimeCosmics_offbeamlight/h5 (g4-raw-1_*.h5)
User memory budget: 37 GiB, currently used: 25 GiB
Converting 86414790_107 at Fri Sep  4 03:51:42 AM CDT 2026
FAILED 86414790_107 at Fri Sep  4 03:51:45 AM CDT 2026
PAUSE after 1 conversions: cooldown 30s + cleanup
Converting 86414795_112 at Fri Sep  4 03:52:18 AM CDT 2026
FAILED 86414795_112 at Fri Sep  4 03:52:18 AM CDT 2026
PAUSE after 1 conversions: cooldown 30s + cleanup
Finished at Fri Sep  4 03:52:54 AM CDT 2026
total=514 skipped=512 empty_skipped=0 converted=0 failed=2 workers=1
Starting batch (offbeamlight, tpc=1) at Fri Sep  4 03:56:44 AM CDT 2026 parallel=0 workers=1 pause_every=1
Input:  /pnfs/sbnd/scratch/users/munjung/v10_06_00/raw-SBND_DATA_InTimeCosmics_offbeamlight/waveforms
Output: /pnfs/sbnd/scratch/users/munjung/v10_06_00/raw-SBND_DATA_InTimeCosmics_offbeamlight/h5 (g4-raw-1_*.h5)
User memory budget: 37 GiB, currently used: 25 GiB
Converting 86414790_107 at Fri Sep  4 03:56:44 AM CDT 2026
FAILED 86414790_107 at Fri Sep  4 03:56:46 AM CDT 2026
PAUSE after 1 conversions: cooldown 30s + cleanup
Converting 86414795_112 at Fri Sep  4 03:57:18 AM CDT 2026
FAILED 86414795_112 at Fri Sep  4 03:57:19 AM CDT 2026
PAUSE after 1 conversions: cooldown 30s + cleanup
Finished at Fri Sep  4 03:57:54 AM CDT 2026
total=514 skipped=512 empty_skipped=0 converted=0 failed=2 workers=1
Starting batch (offbeamlight, tpc=1) at Fri Sep  4 04:01:47 AM CDT 2026 parallel=0 workers=1 pause_every=1
Input:  /pnfs/sbnd/scratch/users/munjung/v10_06_00/raw-SBND_DATA_InTimeCosmics_offbeamlight/waveforms
Output: /pnfs/sbnd/scratch/users/munjung/v10_06_00/raw-SBND_DATA_InTimeCosmics_offbeamlight/h5 (g4-raw-1_*.h5)
User memory budget: 37 GiB, currently used: 25 GiB
Converting 86414790_107 at Fri Sep  4 04:01:47 AM CDT 2026
FAILED 86414790_107 at Fri Sep  4 04:01:49 AM CDT 2026
PAUSE after 1 conversions: cooldown 30s + cleanup
Converting 86414795_112 at Fri Sep  4 04:02:21 AM CDT 2026
FAILED 86414795_112 at Fri Sep  4 04:02:22 AM CDT 2026
PAUSE after 1 conversions: cooldown 30s + cleanup
Finished at Fri Sep  4 04:02:57 AM CDT 2026
total=514 skipped=512 empty_skipped=0 converted=0 failed=2 workers=1
Starting batch (offbeamlight, tpc=1) at Fri Sep  4 04:06:50 AM CDT 2026 parallel=0 workers=1 pause_every=1
Input:  /pnfs/sbnd/scratch/users/munjung/v10_06_00/raw-SBND_DATA_InTimeCosmics_offbeamlight/waveforms
Output: /pnfs/sbnd/scratch/users/munjung/v10_06_00/raw-SBND_DATA_InTimeCosmics_offbeamlight/h5 (g4-raw-1_*.h5)
User memory budget: 37 GiB, currently used: 25 GiB
Converting 86414790_107 at Fri Sep  4 04:06:50 AM CDT 2026
FAILED 86414790_107 at Fri Sep  4 04:06:51 AM CDT 2026
PAUSE after 1 conversions: cooldown 30s + cleanup
Converting 86414795_112 at Fri Sep  4 04:07:23 AM CDT 2026
FAILED 86414795_112 at Fri Sep  4 04:07:24 AM CDT 2026
PAUSE after 1 conversions: cooldown 30s + cleanup
Finished at Fri Sep  4 04:07:59 AM CDT 2026
total=514 skipped=512 empty_skipped=0 converted=0 failed=2 workers=1
Starting batch (offbeamlight, tpc=1) at Fri Sep  4 04:11:53 AM CDT 2026 parallel=0 workers=1 pause_every=1
Input:  /pnfs/sbnd/scratch/users/munjung/v10_06_00/raw-SBND_DATA_InTimeCosmics_offbeamlight/waveforms
Output: /pnfs/sbnd/scratch/users/munjung/v10_06_00/raw-SBND_DATA_InTimeCosmics_offbeamlight/h5 (g4-raw-1_*.h5)
User memory budget: 37 GiB, currently used: 26 GiB
Converting 86414790_107 at Fri Sep  4 04:11:53 AM CDT 2026
FAILED 86414790_107 at Fri Sep  4 04:11:54 AM CDT 2026
PAUSE after 1 conversions: cooldown 30s + cleanup
Converting 86414795_112 at Fri Sep  4 04:12:26 AM CDT 2026
FAILED 86414795_112 at Fri Sep  4 04:12:26 AM CDT 2026
PAUSE after 1 conversions: cooldown 30s + cleanup
Finished at Fri Sep  4 04:13:02 AM CDT 2026
total=514 skipped=512 empty_skipped=0 converted=0 failed=2 workers=1
Starting batch (offbeamlight, tpc=1) at Fri Sep  4 04:16:55 AM CDT 2026 parallel=0 workers=1 pause_every=1
Input:  /pnfs/sbnd/scratch/users/munjung/v10_06_00/raw-SBND_DATA_InTimeCosmics_offbeamlight/waveforms
Output: /pnfs/sbnd/scratch/users/munjung/v10_06_00/raw-SBND_DATA_InTimeCosmics_offbeamlight/h5 (g4-raw-1_*.h5)
User memory budget: 37 GiB, currently used: 25 GiB
Converting 86414790_107 at Fri Sep  4 04:16:55 AM CDT 2026
FAILED 86414790_107 at Fri Sep  4 04:16:56 AM CDT 2026
PAUSE after 1 conversions: cooldown 30s + cleanup
Converting 86414795_112 at Fri Sep  4 04:17:29 AM CDT 2026
FAILED 86414795_112 at Fri Sep  4 04:17:29 AM CDT 2026
PAUSE after 1 conversions: cooldown 30s + cleanup
Finished at Fri Sep  4 04:18:05 AM CDT 2026
total=514 skipped=512 empty_skipped=0 converted=0 failed=2 workers=1
Starting batch (offbeamlight, tpc=1) at Fri Sep  4 04:21:58 AM CDT 2026 parallel=0 workers=1 pause_every=1
Input:  /pnfs/sbnd/scratch/users/munjung/v10_06_00/raw-SBND_DATA_InTimeCosmics_offbeamlight/waveforms
Output: /pnfs/sbnd/scratch/users/munjung/v10_06_00/raw-SBND_DATA_InTimeCosmics_offbeamlight/h5 (g4-raw-1_*.h5)
User memory budget: 37 GiB, currently used: 25 GiB
Converting 86414790_107 at Fri Sep  4 04:21:58 AM CDT 2026
FAILED 86414790_107 at Fri Sep  4 04:21:59 AM CDT 2026
PAUSE after 1 conversions: cooldown 30s + cleanup
Converting 86414795_112 at Fri Sep  4 04:22:31 AM CDT 2026
FAILED 86414795_112 at Fri Sep  4 04:22:32 AM CDT 2026
PAUSE after 1 conversions: cooldown 30s + cleanup
Finished at Fri Sep  4 04:23:07 AM CDT 2026
total=514 skipped=512 empty_skipped=0 converted=0 failed=2 workers=1
Starting batch (offbeamlight, tpc=1) at Fri Sep  4 04:27:01 AM CDT 2026 parallel=0 workers=1 pause_every=1
Input:  /pnfs/sbnd/scratch/users/munjung/v10_06_00/raw-SBND_DATA_InTimeCosmics_offbeamlight/waveforms
Output: /pnfs/sbnd/scratch/users/munjung/v10_06_00/raw-SBND_DATA_InTimeCosmics_offbeamlight/h5 (g4-raw-1_*.h5)
User memory budget: 37 GiB, currently used: 25 GiB
Converting 86414790_107 at Fri Sep  4 04:27:01 AM CDT 2026
FAILED 86414790_107 at Fri Sep  4 04:27:02 AM CDT 2026
PAUSE after 1 conversions: cooldown 30s + cleanup
Converting 86414795_112 at Fri Sep  4 04:27:34 AM CDT 2026
FAILED 86414795_112 at Fri Sep  4 04:27:35 AM CDT 2026
PAUSE after 1 conversions: cooldown 30s + cleanup
Finished at Fri Sep  4 04:28:10 AM CDT 2026
total=514 skipped=512 empty_skipped=0 converted=0 failed=2 workers=1
Starting batch (offbeamlight, tpc=1) at Fri Sep  4 04:32:04 AM CDT 2026 parallel=0 workers=1 pause_every=1
Input:  /pnfs/sbnd/scratch/users/munjung/v10_06_00/raw-SBND_DATA_InTimeCosmics_offbeamlight/waveforms
Output: /pnfs/sbnd/scratch/users/munjung/v10_06_00/raw-SBND_DATA_InTimeCosmics_offbeamlight/h5 (g4-raw-1_*.h5)
User memory budget: 37 GiB, currently used: 25 GiB
Converting 86414790_107 at Fri Sep  4 04:32:04 AM CDT 2026
FAILED 86414790_107 at Fri Sep  4 04:32:05 AM CDT 2026
PAUSE after 1 conversions: cooldown 30s + cleanup
Converting 86414795_112 at Fri Sep  4 04:32:37 AM CDT 2026
FAILED 86414795_112 at Fri Sep  4 04:32:38 AM CDT 2026
PAUSE after 1 conversions: cooldown 30s + cleanup
Finished at Fri Sep  4 04:33:13 AM CDT 2026
total=514 skipped=512 empty_skipped=0 converted=0 failed=2 workers=1
Starting batch (offbeamlight, tpc=1) at Fri Sep  4 04:37:07 AM CDT 2026 parallel=0 workers=1 pause_every=1
Input:  /pnfs/sbnd/scratch/users/munjung/v10_06_00/raw-SBND_DATA_InTimeCosmics_offbeamlight/waveforms
Output: /pnfs/sbnd/scratch/users/munjung/v10_06_00/raw-SBND_DATA_InTimeCosmics_offbeamlight/h5 (g4-raw-1_*.h5)
User memory budget: 37 GiB, currently used: 25 GiB
Converting 86414790_107 at Fri Sep  4 04:37:07 AM CDT 2026
FAILED 86414790_107 at Fri Sep  4 04:37:09 AM CDT 2026
PAUSE after 1 conversions: cooldown 30s + cleanup
Converting 86414795_112 at Fri Sep  4 04:37:41 AM CDT 2026
FAILED 86414795_112 at Fri Sep  4 04:37:41 AM CDT 2026
PAUSE after 1 conversions: cooldown 30s + cleanup
Finished at Fri Sep  4 04:38:17 AM CDT 2026
total=514 skipped=512 empty_skipped=0 converted=0 failed=2 workers=1
Starting batch (offbeamlight, tpc=1) at Fri Sep  4 04:42:10 AM CDT 2026 parallel=0 workers=1 pause_every=1
Input:  /pnfs/sbnd/scratch/users/munjung/v10_06_00/raw-SBND_DATA_InTimeCosmics_offbeamlight/waveforms
Output: /pnfs/sbnd/scratch/users/munjung/v10_06_00/raw-SBND_DATA_InTimeCosmics_offbeamlight/h5 (g4-raw-1_*.h5)
User memory budget: 37 GiB, currently used: 25 GiB
Converting 86414790_107 at Fri Sep  4 04:42:10 AM CDT 2026
FAILED 86414790_107 at Fri Sep  4 04:42:11 AM CDT 2026
PAUSE after 1 conversions: cooldown 30s + cleanup
Converting 86414795_112 at Fri Sep  4 04:42:43 AM CDT 2026
FAILED 86414795_112 at Fri Sep  4 04:42:44 AM CDT 2026
PAUSE after 1 conversions: cooldown 30s + cleanup
Finished at Fri Sep  4 04:43:19 AM CDT 2026
total=514 skipped=512 empty_skipped=0 converted=0 failed=2 workers=1
Starting batch (offbeamlight, tpc=1) at Fri Sep  4 04:47:13 AM CDT 2026 parallel=0 workers=1 pause_every=1
Input:  /pnfs/sbnd/scratch/users/munjung/v10_06_00/raw-SBND_DATA_InTimeCosmics_offbeamlight/waveforms
Output: /pnfs/sbnd/scratch/users/munjung/v10_06_00/raw-SBND_DATA_InTimeCosmics_offbeamlight/h5 (g4-raw-1_*.h5)
User memory budget: 37 GiB, currently used: 25 GiB
Converting 86414790_107 at Fri Sep  4 04:47:13 AM CDT 2026
FAILED 86414790_107 at Fri Sep  4 04:47:17 AM CDT 2026
PAUSE after 1 conversions: cooldown 30s + cleanup
Converting 86414795_112 at Fri Sep  4 04:47:49 AM CDT 2026
FAILED 86414795_112 at Fri Sep  4 04:47:50 AM CDT 2026
PAUSE after 1 conversions: cooldown 30s + cleanup
Finished at Fri Sep  4 04:48:25 AM CDT 2026
total=514 skipped=512 empty_skipped=0 converted=0 failed=2 workers=1
Starting batch (offbeamlight, tpc=1) at Fri Sep  4 04:52:16 AM CDT 2026 parallel=0 workers=1 pause_every=1
Input:  /pnfs/sbnd/scratch/users/munjung/v10_06_00/raw-SBND_DATA_InTimeCosmics_offbeamlight/waveforms
Output: /pnfs/sbnd/scratch/users/munjung/v10_06_00/raw-SBND_DATA_InTimeCosmics_offbeamlight/h5 (g4-raw-1_*.h5)
User memory budget: 37 GiB, currently used: 25 GiB
Converting 86414790_107 at Fri Sep  4 04:52:16 AM CDT 2026
FAILED 86414790_107 at Fri Sep  4 04:52:17 AM CDT 2026
PAUSE after 1 conversions: cooldown 30s + cleanup
Converting 86414795_112 at Fri Sep  4 04:52:49 AM CDT 2026
FAILED 86414795_112 at Fri Sep  4 04:52:49 AM CDT 2026
PAUSE after 1 conversions: cooldown 30s + cleanup
Finished at Fri Sep  4 04:53:25 AM CDT 2026
total=514 skipped=512 empty_skipped=0 converted=0 failed=2 workers=1
Starting batch (offbeamlight, tpc=1) at Fri Sep  4 04:57:18 AM CDT 2026 parallel=0 workers=1 pause_every=1
Input:  /pnfs/sbnd/scratch/users/munjung/v10_06_00/raw-SBND_DATA_InTimeCosmics_offbeamlight/waveforms
Output: /pnfs/sbnd/scratch/users/munjung/v10_06_00/raw-SBND_DATA_InTimeCosmics_offbeamlight/h5 (g4-raw-1_*.h5)
User memory budget: 37 GiB, currently used: 25 GiB
Converting 86414790_107 at Fri Sep  4 04:57:19 AM CDT 2026
FAILED 86414790_107 at Fri Sep  4 04:57:20 AM CDT 2026
PAUSE after 1 conversions: cooldown 30s + cleanup
Converting 86414795_112 at Fri Sep  4 04:57:52 AM CDT 2026
FAILED 86414795_112 at Fri Sep  4 04:57:53 AM CDT 2026
PAUSE after 1 conversions: cooldown 30s + cleanup
Finished at Fri Sep  4 04:58:28 AM CDT 2026
total=514 skipped=512 empty_skipped=0 converted=0 failed=2 workers=1
Starting batch (offbeamlight, tpc=1) at Fri Sep  4 05:02:21 AM CDT 2026 parallel=0 workers=1 pause_every=1
Input:  /pnfs/sbnd/scratch/users/munjung/v10_06_00/raw-SBND_DATA_InTimeCosmics_offbeamlight/waveforms
Output: /pnfs/sbnd/scratch/users/munjung/v10_06_00/raw-SBND_DATA_InTimeCosmics_offbeamlight/h5 (g4-raw-1_*.h5)
User memory budget: 37 GiB, currently used: 25 GiB
Converting 86414790_107 at Fri Sep  4 05:02:21 AM CDT 2026
FAILED 86414790_107 at Fri Sep  4 05:02:23 AM CDT 2026
PAUSE after 1 conversions: cooldown 30s + cleanup
Converting 86414795_112 at Fri Sep  4 05:02:55 AM CDT 2026
FAILED 86414795_112 at Fri Sep  4 05:02:55 AM CDT 2026
PAUSE after 1 conversions: cooldown 30s + cleanup
Finished at Fri Sep  4 05:03:31 AM CDT 2026
total=514 skipped=512 empty_skipped=0 converted=0 failed=2 workers=1
Starting batch (offbeamlight, tpc=1) at Fri Sep  4 05:07:24 AM CDT 2026 parallel=0 workers=1 pause_every=1
Input:  /pnfs/sbnd/scratch/users/munjung/v10_06_00/raw-SBND_DATA_InTimeCosmics_offbeamlight/waveforms
Output: /pnfs/sbnd/scratch/users/munjung/v10_06_00/raw-SBND_DATA_InTimeCosmics_offbeamlight/h5 (g4-raw-1_*.h5)
User memory budget: 37 GiB, currently used: 25 GiB
Converting 86414790_107 at Fri Sep  4 05:07:24 AM CDT 2026
FAILED 86414790_107 at Fri Sep  4 05:07:25 AM CDT 2026
PAUSE after 1 conversions: cooldown 30s + cleanup
Converting 86414795_112 at Fri Sep  4 05:07:57 AM CDT 2026
FAILED 86414795_112 at Fri Sep  4 05:07:57 AM CDT 2026
PAUSE after 1 conversions: cooldown 30s + cleanup
Finished at Fri Sep  4 05:08:33 AM CDT 2026
total=514 skipped=512 empty_skipped=0 converted=0 failed=2 workers=1
Starting batch (offbeamlight, tpc=1) at Fri Sep  4 05:12:27 AM CDT 2026 parallel=0 workers=1 pause_every=1
Input:  /pnfs/sbnd/scratch/users/munjung/v10_06_00/raw-SBND_DATA_InTimeCosmics_offbeamlight/waveforms
Output: /pnfs/sbnd/scratch/users/munjung/v10_06_00/raw-SBND_DATA_InTimeCosmics_offbeamlight/h5 (g4-raw-1_*.h5)
User memory budget: 37 GiB, currently used: 25 GiB
Converting 86414790_107 at Fri Sep  4 05:12:27 AM CDT 2026
FAILED 86414790_107 at Fri Sep  4 05:12:28 AM CDT 2026
PAUSE after 1 conversions: cooldown 30s + cleanup
Converting 86414795_112 at Fri Sep  4 05:13:01 AM CDT 2026
FAILED 86414795_112 at Fri Sep  4 05:13:01 AM CDT 2026
PAUSE after 1 conversions: cooldown 30s + cleanup
Finished at Fri Sep  4 05:13:37 AM CDT 2026
total=514 skipped=512 empty_skipped=0 converted=0 failed=2 workers=1
Starting batch (offbeamlight, tpc=1) at Fri Sep  4 05:17:30 AM CDT 2026 parallel=0 workers=1 pause_every=1
Input:  /pnfs/sbnd/scratch/users/munjung/v10_06_00/raw-SBND_DATA_InTimeCosmics_offbeamlight/waveforms
Output: /pnfs/sbnd/scratch/users/munjung/v10_06_00/raw-SBND_DATA_InTimeCosmics_offbeamlight/h5 (g4-raw-1_*.h5)
User memory budget: 37 GiB, currently used: 25 GiB
Converting 86414790_107 at Fri Sep  4 05:17:30 AM CDT 2026
FAILED 86414790_107 at Fri Sep  4 05:17:32 AM CDT 2026
PAUSE after 1 conversions: cooldown 30s + cleanup
Converting 86414795_112 at Fri Sep  4 05:18:04 AM CDT 2026
FAILED 86414795_112 at Fri Sep  4 05:18:05 AM CDT 2026
PAUSE after 1 conversions: cooldown 30s + cleanup
Finished at Fri Sep  4 05:18:40 AM CDT 2026
total=514 skipped=512 empty_skipped=0 converted=0 failed=2 workers=1
Starting batch (offbeamlight, tpc=1) at Fri Sep  4 05:22:32 AM CDT 2026 parallel=0 workers=1 pause_every=1
Input:  /pnfs/sbnd/scratch/users/munjung/v10_06_00/raw-SBND_DATA_InTimeCosmics_offbeamlight/waveforms
Output: /pnfs/sbnd/scratch/users/munjung/v10_06_00/raw-SBND_DATA_InTimeCosmics_offbeamlight/h5 (g4-raw-1_*.h5)
User memory budget: 37 GiB, currently used: 25 GiB
Converting 86414790_107 at Fri Sep  4 05:22:32 AM CDT 2026
FAILED 86414790_107 at Fri Sep  4 05:22:33 AM CDT 2026
PAUSE after 1 conversions: cooldown 30s + cleanup
Converting 86414795_112 at Fri Sep  4 05:23:05 AM CDT 2026
FAILED 86414795_112 at Fri Sep  4 05:23:06 AM CDT 2026
PAUSE after 1 conversions: cooldown 30s + cleanup
Finished at Fri Sep  4 05:23:41 AM CDT 2026
total=514 skipped=512 empty_skipped=0 converted=0 failed=2 workers=1
Starting batch (offbeamlight, tpc=1) at Fri Sep  4 05:27:35 AM CDT 2026 parallel=0 workers=1 pause_every=1
Input:  /pnfs/sbnd/scratch/users/munjung/v10_06_00/raw-SBND_DATA_InTimeCosmics_offbeamlight/waveforms
Output: /pnfs/sbnd/scratch/users/munjung/v10_06_00/raw-SBND_DATA_InTimeCosmics_offbeamlight/h5 (g4-raw-1_*.h5)
User memory budget: 37 GiB, currently used: 25 GiB
Converting 86414790_107 at Fri Sep  4 05:27:35 AM CDT 2026
FAILED 86414790_107 at Fri Sep  4 05:27:36 AM CDT 2026
PAUSE after 1 conversions: cooldown 30s + cleanup
Converting 86414795_112 at Fri Sep  4 05:28:08 AM CDT 2026
FAILED 86414795_112 at Fri Sep  4 05:28:09 AM CDT 2026
PAUSE after 1 conversions: cooldown 30s + cleanup
Finished at Fri Sep  4 05:28:44 AM CDT 2026
total=514 skipped=512 empty_skipped=0 converted=0 failed=2 workers=1
Starting batch (offbeamlight, tpc=1) at Fri Sep  4 05:32:38 AM CDT 2026 parallel=0 workers=1 pause_every=1
Input:  /pnfs/sbnd/scratch/users/munjung/v10_06_00/raw-SBND_DATA_InTimeCosmics_offbeamlight/waveforms
Output: /pnfs/sbnd/scratch/users/munjung/v10_06_00/raw-SBND_DATA_InTimeCosmics_offbeamlight/h5 (g4-raw-1_*.h5)
User memory budget: 37 GiB, currently used: 25 GiB
Converting 86414790_107 at Fri Sep  4 05:32:38 AM CDT 2026
FAILED 86414790_107 at Fri Sep  4 05:32:39 AM CDT 2026
PAUSE after 1 conversions: cooldown 30s + cleanup
Converting 86414795_112 at Fri Sep  4 05:33:11 AM CDT 2026
FAILED 86414795_112 at Fri Sep  4 05:33:12 AM CDT 2026
PAUSE after 1 conversions: cooldown 30s + cleanup
Finished at Fri Sep  4 05:33:47 AM CDT 2026
total=514 skipped=512 empty_skipped=0 converted=0 failed=2 workers=1
Starting batch (offbeamlight, tpc=1) at Fri Sep  4 05:37:40 AM CDT 2026 parallel=0 workers=1 pause_every=1
Input:  /pnfs/sbnd/scratch/users/munjung/v10_06_00/raw-SBND_DATA_InTimeCosmics_offbeamlight/waveforms
Output: /pnfs/sbnd/scratch/users/munjung/v10_06_00/raw-SBND_DATA_InTimeCosmics_offbeamlight/h5 (g4-raw-1_*.h5)
User memory budget: 37 GiB, currently used: 24 GiB
Converting 86414790_107 at Fri Sep  4 05:37:41 AM CDT 2026
FAILED 86414790_107 at Fri Sep  4 05:37:41 AM CDT 2026
PAUSE after 1 conversions: cooldown 30s + cleanup
Converting 86414795_112 at Fri Sep  4 05:38:14 AM CDT 2026
FAILED 86414795_112 at Fri Sep  4 05:38:14 AM CDT 2026
PAUSE after 1 conversions: cooldown 30s + cleanup
Finished at Fri Sep  4 05:38:50 AM CDT 2026
total=514 skipped=512 empty_skipped=0 converted=0 failed=2 workers=1
Starting batch (offbeamlight, tpc=1) at Fri Sep  4 05:42:43 AM CDT 2026 parallel=0 workers=1 pause_every=1
Input:  /pnfs/sbnd/scratch/users/munjung/v10_06_00/raw-SBND_DATA_InTimeCosmics_offbeamlight/waveforms
Output: /pnfs/sbnd/scratch/users/munjung/v10_06_00/raw-SBND_DATA_InTimeCosmics_offbeamlight/h5 (g4-raw-1_*.h5)
User memory budget: 37 GiB, currently used: 24 GiB
Converting 86414790_107 at Fri Sep  4 05:42:43 AM CDT 2026
FAILED 86414790_107 at Fri Sep  4 05:42:45 AM CDT 2026
PAUSE after 1 conversions: cooldown 30s + cleanup
Converting 86414795_112 at Fri Sep  4 05:43:17 AM CDT 2026
FAILED 86414795_112 at Fri Sep  4 05:43:18 AM CDT 2026
PAUSE after 1 conversions: cooldown 30s + cleanup
Finished at Fri Sep  4 05:43:53 AM CDT 2026
total=514 skipped=512 empty_skipped=0 converted=0 failed=2 workers=1
Starting batch (offbeamlight, tpc=1) at Fri Sep  4 05:47:46 AM CDT 2026 parallel=0 workers=1 pause_every=1
Input:  /pnfs/sbnd/scratch/users/munjung/v10_06_00/raw-SBND_DATA_InTimeCosmics_offbeamlight/waveforms
Output: /pnfs/sbnd/scratch/users/munjung/v10_06_00/raw-SBND_DATA_InTimeCosmics_offbeamlight/h5 (g4-raw-1_*.h5)
User memory budget: 37 GiB, currently used: 24 GiB
Converting 86414790_107 at Fri Sep  4 05:47:46 AM CDT 2026
FAILED 86414790_107 at Fri Sep  4 05:47:47 AM CDT 2026
PAUSE after 1 conversions: cooldown 30s + cleanup
Converting 86414795_112 at Fri Sep  4 05:48:19 AM CDT 2026
FAILED 86414795_112 at Fri Sep  4 05:48:20 AM CDT 2026
PAUSE after 1 conversions: cooldown 30s + cleanup
Finished at Fri Sep  4 05:48:55 AM CDT 2026
total=514 skipped=512 empty_skipped=0 converted=0 failed=2 workers=1
Starting batch (offbeamlight, tpc=1) at Fri Sep  4 05:52:48 AM CDT 2026 parallel=0 workers=1 pause_every=1
Input:  /pnfs/sbnd/scratch/users/munjung/v10_06_00/raw-SBND_DATA_InTimeCosmics_offbeamlight/waveforms
Output: /pnfs/sbnd/scratch/users/munjung/v10_06_00/raw-SBND_DATA_InTimeCosmics_offbeamlight/h5 (g4-raw-1_*.h5)
User memory budget: 37 GiB, currently used: 24 GiB
Converting 86414790_107 at Fri Sep  4 05:52:49 AM CDT 2026
FAILED 86414790_107 at Fri Sep  4 05:52:51 AM CDT 2026
PAUSE after 1 conversions: cooldown 30s + cleanup
Converting 86414795_112 at Fri Sep  4 05:53:23 AM CDT 2026
FAILED 86414795_112 at Fri Sep  4 05:53:24 AM CDT 2026
PAUSE after 1 conversions: cooldown 30s + cleanup
Finished at Fri Sep  4 05:53:59 AM CDT 2026
total=514 skipped=512 empty_skipped=0 converted=0 failed=2 workers=1
Starting batch (offbeamlight, tpc=1) at Fri Sep  4 05:57:51 AM CDT 2026 parallel=0 workers=1 pause_every=1
Input:  /pnfs/sbnd/scratch/users/munjung/v10_06_00/raw-SBND_DATA_InTimeCosmics_offbeamlight/waveforms
Output: /pnfs/sbnd/scratch/users/munjung/v10_06_00/raw-SBND_DATA_InTimeCosmics_offbeamlight/h5 (g4-raw-1_*.h5)
User memory budget: 37 GiB, currently used: 24 GiB
Converting 86414790_107 at Fri Sep  4 05:57:51 AM CDT 2026
FAILED 86414790_107 at Fri Sep  4 05:57:52 AM CDT 2026
PAUSE after 1 conversions: cooldown 30s + cleanup
Converting 86414795_112 at Fri Sep  4 05:58:24 AM CDT 2026
FAILED 86414795_112 at Fri Sep  4 05:58:25 AM CDT 2026
PAUSE after 1 conversions: cooldown 30s + cleanup
Finished at Fri Sep  4 05:59:01 AM CDT 2026
total=514 skipped=512 empty_skipped=0 converted=0 failed=2 workers=1
Starting batch (offbeamlight, tpc=1) at Fri Sep  4 06:02:54 AM CDT 2026 parallel=0 workers=1 pause_every=1
Input:  /pnfs/sbnd/scratch/users/munjung/v10_06_00/raw-SBND_DATA_InTimeCosmics_offbeamlight/waveforms
Output: /pnfs/sbnd/scratch/users/munjung/v10_06_00/raw-SBND_DATA_InTimeCosmics_offbeamlight/h5 (g4-raw-1_*.h5)
User memory budget: 37 GiB, currently used: 24 GiB
Converting 86414790_107 at Fri Sep  4 06:02:54 AM CDT 2026
FAILED 86414790_107 at Fri Sep  4 06:02:55 AM CDT 2026
PAUSE after 1 conversions: cooldown 30s + cleanup
Converting 86414795_112 at Fri Sep  4 06:03:27 AM CDT 2026
FAILED 86414795_112 at Fri Sep  4 06:03:28 AM CDT 2026
PAUSE after 1 conversions: cooldown 30s + cleanup
Finished at Fri Sep  4 06:04:03 AM CDT 2026
total=514 skipped=512 empty_skipped=0 converted=0 failed=2 workers=1
Starting batch (offbeamlight, tpc=1) at Fri Sep  4 06:07:57 AM CDT 2026 parallel=0 workers=1 pause_every=1
Input:  /pnfs/sbnd/scratch/users/munjung/v10_06_00/raw-SBND_DATA_InTimeCosmics_offbeamlight/waveforms
Output: /pnfs/sbnd/scratch/users/munjung/v10_06_00/raw-SBND_DATA_InTimeCosmics_offbeamlight/h5 (g4-raw-1_*.h5)
User memory budget: 37 GiB, currently used: 24 GiB
Converting 86414790_107 at Fri Sep  4 06:07:57 AM CDT 2026
FAILED 86414790_107 at Fri Sep  4 06:07:58 AM CDT 2026
PAUSE after 1 conversions: cooldown 30s + cleanup
Converting 86414795_112 at Fri Sep  4 06:08:30 AM CDT 2026
FAILED 86414795_112 at Fri Sep  4 06:08:30 AM CDT 2026
PAUSE after 1 conversions: cooldown 30s + cleanup
Finished at Fri Sep  4 06:09:06 AM CDT 2026
total=514 skipped=512 empty_skipped=0 converted=0 failed=2 workers=1
Starting batch (offbeamlight, tpc=1) at Fri Sep  4 06:13:00 AM CDT 2026 parallel=0 workers=1 pause_every=1
Input:  /pnfs/sbnd/scratch/users/munjung/v10_06_00/raw-SBND_DATA_InTimeCosmics_offbeamlight/waveforms
Output: /pnfs/sbnd/scratch/users/munjung/v10_06_00/raw-SBND_DATA_InTimeCosmics_offbeamlight/h5 (g4-raw-1_*.h5)
User memory budget: 37 GiB, currently used: 24 GiB
Converting 86414790_107 at Fri Sep  4 06:13:00 AM CDT 2026
FAILED 86414790_107 at Fri Sep  4 06:13:01 AM CDT 2026
PAUSE after 1 conversions: cooldown 30s + cleanup
Converting 86414795_112 at Fri Sep  4 06:13:33 AM CDT 2026
FAILED 86414795_112 at Fri Sep  4 06:13:33 AM CDT 2026
PAUSE after 1 conversions: cooldown 30s + cleanup
Finished at Fri Sep  4 06:14:09 AM CDT 2026
total=514 skipped=512 empty_skipped=0 converted=0 failed=2 workers=1
Starting batch (offbeamlight, tpc=1) at Fri Sep  4 06:18:02 AM CDT 2026 parallel=0 workers=1 pause_every=1
Input:  /pnfs/sbnd/scratch/users/munjung/v10_06_00/raw-SBND_DATA_InTimeCosmics_offbeamlight/waveforms
Output: /pnfs/sbnd/scratch/users/munjung/v10_06_00/raw-SBND_DATA_InTimeCosmics_offbeamlight/h5 (g4-raw-1_*.h5)
User memory budget: 37 GiB, currently used: 24 GiB
Converting 86414790_107 at Fri Sep  4 06:18:02 AM CDT 2026
FAILED 86414790_107 at Fri Sep  4 06:18:03 AM CDT 2026
PAUSE after 1 conversions: cooldown 30s + cleanup
Converting 86414795_112 at Fri Sep  4 06:18:35 AM CDT 2026
FAILED 86414795_112 at Fri Sep  4 06:18:36 AM CDT 2026
PAUSE after 1 conversions: cooldown 30s + cleanup
Finished at Fri Sep  4 06:19:11 AM CDT 2026
total=514 skipped=512 empty_skipped=0 converted=0 failed=2 workers=1
Starting batch (offbeamlight, tpc=1) at Fri Sep  4 06:23:06 AM CDT 2026 parallel=0 workers=1 pause_every=1
Input:  /pnfs/sbnd/scratch/users/munjung/v10_06_00/raw-SBND_DATA_InTimeCosmics_offbeamlight/waveforms
Output: /pnfs/sbnd/scratch/users/munjung/v10_06_00/raw-SBND_DATA_InTimeCosmics_offbeamlight/h5 (g4-raw-1_*.h5)
User memory budget: 37 GiB, currently used: 6 GiB
Converting 86414790_107 at Fri Sep  4 06:23:06 AM CDT 2026
FAILED 86414790_107 at Fri Sep  4 06:23:07 AM CDT 2026
PAUSE after 1 conversions: cooldown 30s + cleanup
Converting 86414795_112 at Fri Sep  4 06:23:39 AM CDT 2026
FAILED 86414795_112 at Fri Sep  4 06:23:40 AM CDT 2026
PAUSE after 1 conversions: cooldown 30s + cleanup
Finished at Fri Sep  4 06:24:15 AM CDT 2026
total=514 skipped=512 empty_skipped=0 converted=0 failed=2 workers=1
Starting batch (offbeamlight, tpc=1) at Fri Sep  4 06:28:09 AM CDT 2026 parallel=0 workers=1 pause_every=1
Input:  /pnfs/sbnd/scratch/users/munjung/v10_06_00/raw-SBND_DATA_InTimeCosmics_offbeamlight/waveforms
Output: /pnfs/sbnd/scratch/users/munjung/v10_06_00/raw-SBND_DATA_InTimeCosmics_offbeamlight/h5 (g4-raw-1_*.h5)
User memory budget: 37 GiB, currently used: 6 GiB
Converting 86414790_107 at Fri Sep  4 06:28:09 AM CDT 2026
FAILED 86414790_107 at Fri Sep  4 06:28:10 AM CDT 2026
PAUSE after 1 conversions: cooldown 30s + cleanup
Converting 86414795_112 at Fri Sep  4 06:28:42 AM CDT 2026
FAILED 86414795_112 at Fri Sep  4 06:28:43 AM CDT 2026
PAUSE after 1 conversions: cooldown 30s + cleanup
Finished at Fri Sep  4 06:29:18 AM CDT 2026
total=514 skipped=512 empty_skipped=0 converted=0 failed=2 workers=1
Starting batch (offbeamlight, tpc=1) at Fri Sep  4 06:33:12 AM CDT 2026 parallel=0 workers=1 pause_every=1
Input:  /pnfs/sbnd/scratch/users/munjung/v10_06_00/raw-SBND_DATA_InTimeCosmics_offbeamlight/waveforms
Output: /pnfs/sbnd/scratch/users/munjung/v10_06_00/raw-SBND_DATA_InTimeCosmics_offbeamlight/h5 (g4-raw-1_*.h5)
User memory budget: 37 GiB, currently used: 6 GiB
Converting 86414790_107 at Fri Sep  4 06:33:12 AM CDT 2026
FAILED 86414790_107 at Fri Sep  4 06:33:13 AM CDT 2026
PAUSE after 1 conversions: cooldown 30s + cleanup
Converting 86414795_112 at Fri Sep  4 06:33:45 AM CDT 2026
FAILED 86414795_112 at Fri Sep  4 06:33:46 AM CDT 2026
PAUSE after 1 conversions: cooldown 30s + cleanup
Finished at Fri Sep  4 06:34:21 AM CDT 2026
total=514 skipped=512 empty_skipped=0 converted=0 failed=2 workers=1
Starting batch (offbeamlight, tpc=1) at Fri Sep  4 06:38:14 AM CDT 2026 parallel=0 workers=1 pause_every=1
Input:  /pnfs/sbnd/scratch/users/munjung/v10_06_00/raw-SBND_DATA_InTimeCosmics_offbeamlight/waveforms
Output: /pnfs/sbnd/scratch/users/munjung/v10_06_00/raw-SBND_DATA_InTimeCosmics_offbeamlight/h5 (g4-raw-1_*.h5)
User memory budget: 37 GiB, currently used: 6 GiB
Converting 86414790_107 at Fri Sep  4 06:38:15 AM CDT 2026
FAILED 86414790_107 at Fri Sep  4 06:38:15 AM CDT 2026
PAUSE after 1 conversions: cooldown 30s + cleanup
Converting 86414795_112 at Fri Sep  4 06:38:47 AM CDT 2026
FAILED 86414795_112 at Fri Sep  4 06:38:48 AM CDT 2026
PAUSE after 1 conversions: cooldown 30s + cleanup
Finished at Fri Sep  4 06:39:23 AM CDT 2026
total=514 skipped=512 empty_skipped=0 converted=0 failed=2 workers=1
Starting batch (offbeamlight, tpc=1) at Fri Sep  4 06:43:17 AM CDT 2026 parallel=0 workers=1 pause_every=1
Input:  /pnfs/sbnd/scratch/users/munjung/v10_06_00/raw-SBND_DATA_InTimeCosmics_offbeamlight/waveforms
Output: /pnfs/sbnd/scratch/users/munjung/v10_06_00/raw-SBND_DATA_InTimeCosmics_offbeamlight/h5 (g4-raw-1_*.h5)
User memory budget: 37 GiB, currently used: 6 GiB
Converting 86414790_107 at Fri Sep  4 06:43:17 AM CDT 2026
FAILED 86414790_107 at Fri Sep  4 06:43:19 AM CDT 2026
PAUSE after 1 conversions: cooldown 30s + cleanup
Converting 86414795_112 at Fri Sep  4 06:43:51 AM CDT 2026
FAILED 86414795_112 at Fri Sep  4 06:43:51 AM CDT 2026
PAUSE after 1 conversions: cooldown 30s + cleanup
Finished at Fri Sep  4 06:44:27 AM CDT 2026
total=514 skipped=512 empty_skipped=0 converted=0 failed=2 workers=1
Starting batch (offbeamlight, tpc=1) at Fri Sep  4 06:48:20 AM CDT 2026 parallel=0 workers=1 pause_every=1
Input:  /pnfs/sbnd/scratch/users/munjung/v10_06_00/raw-SBND_DATA_InTimeCosmics_offbeamlight/waveforms
Output: /pnfs/sbnd/scratch/users/munjung/v10_06_00/raw-SBND_DATA_InTimeCosmics_offbeamlight/h5 (g4-raw-1_*.h5)
User memory budget: 37 GiB, currently used: 6 GiB
Converting 86414790_107 at Fri Sep  4 06:48:20 AM CDT 2026
FAILED 86414790_107 at Fri Sep  4 06:48:21 AM CDT 2026
PAUSE after 1 conversions: cooldown 30s + cleanup
Converting 86414795_112 at Fri Sep  4 06:48:53 AM CDT 2026
FAILED 86414795_112 at Fri Sep  4 06:48:54 AM CDT 2026
PAUSE after 1 conversions: cooldown 30s + cleanup
Finished at Fri Sep  4 06:49:29 AM CDT 2026
total=514 skipped=512 empty_skipped=0 converted=0 failed=2 workers=1
Starting batch (offbeamlight, tpc=1) at Fri Sep  4 06:53:23 AM CDT 2026 parallel=0 workers=1 pause_every=1
Input:  /pnfs/sbnd/scratch/users/munjung/v10_06_00/raw-SBND_DATA_InTimeCosmics_offbeamlight/waveforms
Output: /pnfs/sbnd/scratch/users/munjung/v10_06_00/raw-SBND_DATA_InTimeCosmics_offbeamlight/h5 (g4-raw-1_*.h5)
User memory budget: 37 GiB, currently used: 6 GiB
Converting 86414790_107 at Fri Sep  4 06:53:23 AM CDT 2026
FAILED 86414790_107 at Fri Sep  4 06:53:24 AM CDT 2026
PAUSE after 1 conversions: cooldown 30s + cleanup
Converting 86414795_112 at Fri Sep  4 06:53:56 AM CDT 2026
FAILED 86414795_112 at Fri Sep  4 06:53:56 AM CDT 2026
PAUSE after 1 conversions: cooldown 30s + cleanup
Finished at Fri Sep  4 06:54:32 AM CDT 2026
total=514 skipped=512 empty_skipped=0 converted=0 failed=2 workers=1
Starting batch (offbeamlight, tpc=1) at Fri Sep  4 06:58:25 AM CDT 2026 parallel=0 workers=1 pause_every=1
Input:  /pnfs/sbnd/scratch/users/munjung/v10_06_00/raw-SBND_DATA_InTimeCosmics_offbeamlight/waveforms
Output: /pnfs/sbnd/scratch/users/munjung/v10_06_00/raw-SBND_DATA_InTimeCosmics_offbeamlight/h5 (g4-raw-1_*.h5)
User memory budget: 37 GiB, currently used: 6 GiB
Converting 86414790_107 at Fri Sep  4 06:58:25 AM CDT 2026
FAILED 86414790_107 at Fri Sep  4 06:58:27 AM CDT 2026
PAUSE after 1 conversions: cooldown 30s + cleanup
Converting 86414795_112 at Fri Sep  4 06:58:59 AM CDT 2026
FAILED 86414795_112 at Fri Sep  4 06:59:00 AM CDT 2026
PAUSE after 1 conversions: cooldown 30s + cleanup
Finished at Fri Sep  4 06:59:35 AM CDT 2026
total=514 skipped=512 empty_skipped=0 converted=0 failed=2 workers=1
Starting batch (offbeamlight, tpc=1) at Fri Sep  4 07:03:28 AM CDT 2026 parallel=0 workers=1 pause_every=1
Input:  /pnfs/sbnd/scratch/users/munjung/v10_06_00/raw-SBND_DATA_InTimeCosmics_offbeamlight/waveforms
Output: /pnfs/sbnd/scratch/users/munjung/v10_06_00/raw-SBND_DATA_InTimeCosmics_offbeamlight/h5 (g4-raw-1_*.h5)
User memory budget: 37 GiB, currently used: 6 GiB
Converting 86414790_107 at Fri Sep  4 07:03:28 AM CDT 2026
FAILED 86414790_107 at Fri Sep  4 07:03:29 AM CDT 2026
PAUSE after 1 conversions: cooldown 30s + cleanup
Converting 86414795_112 at Fri Sep  4 07:04:01 AM CDT 2026
FAILED 86414795_112 at Fri Sep  4 07:04:02 AM CDT 2026
PAUSE after 1 conversions: cooldown 30s + cleanup
Finished at Fri Sep  4 07:04:37 AM CDT 2026
total=514 skipped=512 empty_skipped=0 converted=0 failed=2 workers=1
Starting batch (offbeamlight, tpc=1) at Fri Sep  4 07:08:30 AM CDT 2026 parallel=0 workers=1 pause_every=1
Input:  /pnfs/sbnd/scratch/users/munjung/v10_06_00/raw-SBND_DATA_InTimeCosmics_offbeamlight/waveforms
Output: /pnfs/sbnd/scratch/users/munjung/v10_06_00/raw-SBND_DATA_InTimeCosmics_offbeamlight/h5 (g4-raw-1_*.h5)
User memory budget: 37 GiB, currently used: 6 GiB
Converting 86414790_107 at Fri Sep  4 07:08:31 AM CDT 2026
FAILED 86414790_107 at Fri Sep  4 07:08:31 AM CDT 2026
PAUSE after 1 conversions: cooldown 30s + cleanup
Converting 86414795_112 at Fri Sep  4 07:09:04 AM CDT 2026
FAILED 86414795_112 at Fri Sep  4 07:09:04 AM CDT 2026
PAUSE after 1 conversions: cooldown 30s + cleanup
Finished at Fri Sep  4 07:09:40 AM CDT 2026
total=514 skipped=512 empty_skipped=0 converted=0 failed=2 workers=1
Starting batch (offbeamlight, tpc=1) at Fri Sep  4 07:13:33 AM CDT 2026 parallel=0 workers=1 pause_every=1
Input:  /pnfs/sbnd/scratch/users/munjung/v10_06_00/raw-SBND_DATA_InTimeCosmics_offbeamlight/waveforms
Output: /pnfs/sbnd/scratch/users/munjung/v10_06_00/raw-SBND_DATA_InTimeCosmics_offbeamlight/h5 (g4-raw-1_*.h5)
User memory budget: 37 GiB, currently used: 6 GiB
Converting 86414790_107 at Fri Sep  4 07:13:33 AM CDT 2026
FAILED 86414790_107 at Fri Sep  4 07:13:35 AM CDT 2026
PAUSE after 1 conversions: cooldown 30s + cleanup
Converting 86414795_112 at Fri Sep  4 07:14:07 AM CDT 2026
FAILED 86414795_112 at Fri Sep  4 07:14:07 AM CDT 2026
PAUSE after 1 conversions: cooldown 30s + cleanup
Finished at Fri Sep  4 07:14:43 AM CDT 2026
total=514 skipped=512 empty_skipped=0 converted=0 failed=2 workers=1
Starting batch (offbeamlight, tpc=1) at Fri Sep  4 07:18:36 AM CDT 2026 parallel=0 workers=1 pause_every=1
Input:  /pnfs/sbnd/scratch/users/munjung/v10_06_00/raw-SBND_DATA_InTimeCosmics_offbeamlight/waveforms
Output: /pnfs/sbnd/scratch/users/munjung/v10_06_00/raw-SBND_DATA_InTimeCosmics_offbeamlight/h5 (g4-raw-1_*.h5)
User memory budget: 37 GiB, currently used: 6 GiB
Converting 86414790_107 at Fri Sep  4 07:18:36 AM CDT 2026
FAILED 86414790_107 at Fri Sep  4 07:18:37 AM CDT 2026
PAUSE after 1 conversions: cooldown 30s + cleanup
Converting 86414795_112 at Fri Sep  4 07:19:09 AM CDT 2026
FAILED 86414795_112 at Fri Sep  4 07:19:09 AM CDT 2026
PAUSE after 1 conversions: cooldown 30s + cleanup
Finished at Fri Sep  4 07:19:45 AM CDT 2026
total=514 skipped=512 empty_skipped=0 converted=0 failed=2 workers=1
Starting batch (offbeamlight, tpc=1) at Fri Sep  4 07:23:38 AM CDT 2026 parallel=0 workers=1 pause_every=1
Input:  /pnfs/sbnd/scratch/users/munjung/v10_06_00/raw-SBND_DATA_InTimeCosmics_offbeamlight/waveforms
Output: /pnfs/sbnd/scratch/users/munjung/v10_06_00/raw-SBND_DATA_InTimeCosmics_offbeamlight/h5 (g4-raw-1_*.h5)
User memory budget: 37 GiB, currently used: 6 GiB
Converting 86414790_107 at Fri Sep  4 07:23:38 AM CDT 2026
FAILED 86414790_107 at Fri Sep  4 07:23:39 AM CDT 2026
PAUSE after 1 conversions: cooldown 30s + cleanup
Converting 86414795_112 at Fri Sep  4 07:24:11 AM CDT 2026
FAILED 86414795_112 at Fri Sep  4 07:24:12 AM CDT 2026
PAUSE after 1 conversions: cooldown 30s + cleanup
Finished at Fri Sep  4 07:24:47 AM CDT 2026
total=514 skipped=512 empty_skipped=0 converted=0 failed=2 workers=1
Starting batch (offbeamlight, tpc=1) at Fri Sep  4 07:28:41 AM CDT 2026 parallel=0 workers=1 pause_every=1
Input:  /pnfs/sbnd/scratch/users/munjung/v10_06_00/raw-SBND_DATA_InTimeCosmics_offbeamlight/waveforms
Output: /pnfs/sbnd/scratch/users/munjung/v10_06_00/raw-SBND_DATA_InTimeCosmics_offbeamlight/h5 (g4-raw-1_*.h5)
User memory budget: 37 GiB, currently used: 6 GiB
Converting 86414790_107 at Fri Sep  4 07:28:41 AM CDT 2026
FAILED 86414790_107 at Fri Sep  4 07:28:42 AM CDT 2026
PAUSE after 1 conversions: cooldown 30s + cleanup
Converting 86414795_112 at Fri Sep  4 07:29:14 AM CDT 2026
FAILED 86414795_112 at Fri Sep  4 07:29:15 AM CDT 2026
PAUSE after 1 conversions: cooldown 30s + cleanup
Finished at Fri Sep  4 07:29:50 AM CDT 2026
total=514 skipped=512 empty_skipped=0 converted=0 failed=2 workers=1
Starting batch (offbeamlight, tpc=1) at Fri Sep  4 07:33:44 AM CDT 2026 parallel=0 workers=1 pause_every=1
Input:  /pnfs/sbnd/scratch/users/munjung/v10_06_00/raw-SBND_DATA_InTimeCosmics_offbeamlight/waveforms
Output: /pnfs/sbnd/scratch/users/munjung/v10_06_00/raw-SBND_DATA_InTimeCosmics_offbeamlight/h5 (g4-raw-1_*.h5)
User memory budget: 37 GiB, currently used: 6 GiB
Converting 86414790_107 at Fri Sep  4 07:33:44 AM CDT 2026
FAILED 86414790_107 at Fri Sep  4 07:33:44 AM CDT 2026
PAUSE after 1 conversions: cooldown 30s + cleanup
Converting 86414795_112 at Fri Sep  4 07:34:17 AM CDT 2026
FAILED 86414795_112 at Fri Sep  4 07:34:17 AM CDT 2026
PAUSE after 1 conversions: cooldown 30s + cleanup
Finished at Fri Sep  4 07:34:53 AM CDT 2026
total=514 skipped=512 empty_skipped=0 converted=0 failed=2 workers=1
Starting batch (offbeamlight, tpc=1) at Fri Sep  4 07:38:46 AM CDT 2026 parallel=0 workers=1 pause_every=1
Input:  /pnfs/sbnd/scratch/users/munjung/v10_06_00/raw-SBND_DATA_InTimeCosmics_offbeamlight/waveforms
Output: /pnfs/sbnd/scratch/users/munjung/v10_06_00/raw-SBND_DATA_InTimeCosmics_offbeamlight/h5 (g4-raw-1_*.h5)
User memory budget: 37 GiB, currently used: 6 GiB
Converting 86414790_107 at Fri Sep  4 07:38:46 AM CDT 2026
FAILED 86414790_107 at Fri Sep  4 07:38:47 AM CDT 2026
PAUSE after 1 conversions: cooldown 30s + cleanup
Converting 86414795_112 at Fri Sep  4 07:39:19 AM CDT 2026
FAILED 86414795_112 at Fri Sep  4 07:39:20 AM CDT 2026
PAUSE after 1 conversions: cooldown 30s + cleanup
Finished at Fri Sep  4 07:39:55 AM CDT 2026
total=514 skipped=512 empty_skipped=0 converted=0 failed=2 workers=1
Starting batch (offbeamlight, tpc=1) at Fri Sep  4 07:43:49 AM CDT 2026 parallel=0 workers=1 pause_every=1
Input:  /pnfs/sbnd/scratch/users/munjung/v10_06_00/raw-SBND_DATA_InTimeCosmics_offbeamlight/waveforms
Output: /pnfs/sbnd/scratch/users/munjung/v10_06_00/raw-SBND_DATA_InTimeCosmics_offbeamlight/h5 (g4-raw-1_*.h5)
User memory budget: 37 GiB, currently used: 6 GiB
Converting 86414790_107 at Fri Sep  4 07:43:49 AM CDT 2026
FAILED 86414790_107 at Fri Sep  4 07:43:50 AM CDT 2026
PAUSE after 1 conversions: cooldown 30s + cleanup
Converting 86414795_112 at Fri Sep  4 07:44:22 AM CDT 2026
FAILED 86414795_112 at Fri Sep  4 07:44:23 AM CDT 2026
PAUSE after 1 conversions: cooldown 30s + cleanup
Finished at Fri Sep  4 07:44:58 AM CDT 2026
total=514 skipped=512 empty_skipped=0 converted=0 failed=2 workers=1
Starting batch (offbeamlight, tpc=1) at Fri Sep  4 07:48:52 AM CDT 2026 parallel=0 workers=1 pause_every=1
Input:  /pnfs/sbnd/scratch/users/munjung/v10_06_00/raw-SBND_DATA_InTimeCosmics_offbeamlight/waveforms
Output: /pnfs/sbnd/scratch/users/munjung/v10_06_00/raw-SBND_DATA_InTimeCosmics_offbeamlight/h5 (g4-raw-1_*.h5)
User memory budget: 37 GiB, currently used: 6 GiB
Converting 86414790_107 at Fri Sep  4 07:48:52 AM CDT 2026
FAILED 86414790_107 at Fri Sep  4 07:48:52 AM CDT 2026
PAUSE after 1 conversions: cooldown 30s + cleanup
Converting 86414795_112 at Fri Sep  4 07:49:24 AM CDT 2026
FAILED 86414795_112 at Fri Sep  4 07:49:25 AM CDT 2026
PAUSE after 1 conversions: cooldown 30s + cleanup
Finished at Fri Sep  4 07:50:01 AM CDT 2026
total=514 skipped=512 empty_skipped=0 converted=0 failed=2 workers=1
Starting batch (offbeamlight, tpc=1) at Fri Sep  4 07:53:54 AM CDT 2026 parallel=0 workers=1 pause_every=1
Input:  /pnfs/sbnd/scratch/users/munjung/v10_06_00/raw-SBND_DATA_InTimeCosmics_offbeamlight/waveforms
Output: /pnfs/sbnd/scratch/users/munjung/v10_06_00/raw-SBND_DATA_InTimeCosmics_offbeamlight/h5 (g4-raw-1_*.h5)
User memory budget: 37 GiB, currently used: 6 GiB
Converting 86414790_107 at Fri Sep  4 07:53:54 AM CDT 2026
FAILED 86414790_107 at Fri Sep  4 07:53:55 AM CDT 2026
PAUSE after 1 conversions: cooldown 30s + cleanup
Converting 86414795_112 at Fri Sep  4 07:54:27 AM CDT 2026
FAILED 86414795_112 at Fri Sep  4 07:54:28 AM CDT 2026
PAUSE after 1 conversions: cooldown 30s + cleanup
Finished at Fri Sep  4 07:55:03 AM CDT 2026
total=514 skipped=512 empty_skipped=0 converted=0 failed=2 workers=1
Starting batch (offbeamlight, tpc=1) at Fri Sep  4 07:58:57 AM CDT 2026 parallel=0 workers=1 pause_every=1
Input:  /pnfs/sbnd/scratch/users/munjung/v10_06_00/raw-SBND_DATA_InTimeCosmics_offbeamlight/waveforms
Output: /pnfs/sbnd/scratch/users/munjung/v10_06_00/raw-SBND_DATA_InTimeCosmics_offbeamlight/h5 (g4-raw-1_*.h5)
User memory budget: 37 GiB, currently used: 6 GiB
Converting 86414790_107 at Fri Sep  4 07:58:57 AM CDT 2026
FAILED 86414790_107 at Fri Sep  4 07:58:58 AM CDT 2026
PAUSE after 1 conversions: cooldown 30s + cleanup
Converting 86414795_112 at Fri Sep  4 07:59:30 AM CDT 2026
FAILED 86414795_112 at Fri Sep  4 07:59:30 AM CDT 2026
PAUSE after 1 conversions: cooldown 30s + cleanup
Finished at Fri Sep  4 08:00:06 AM CDT 2026
total=514 skipped=512 empty_skipped=0 converted=0 failed=2 workers=1
Starting batch (offbeamlight, tpc=1) at Fri Sep  4 08:03:59 AM CDT 2026 parallel=0 workers=1 pause_every=1
Input:  /pnfs/sbnd/scratch/users/munjung/v10_06_00/raw-SBND_DATA_InTimeCosmics_offbeamlight/waveforms
Output: /pnfs/sbnd/scratch/users/munjung/v10_06_00/raw-SBND_DATA_InTimeCosmics_offbeamlight/h5 (g4-raw-1_*.h5)
User memory budget: 37 GiB, currently used: 6 GiB
Converting 86414790_107 at Fri Sep  4 08:04:00 AM CDT 2026
FAILED 86414790_107 at Fri Sep  4 08:04:00 AM CDT 2026
PAUSE after 1 conversions: cooldown 30s + cleanup
Converting 86414795_112 at Fri Sep  4 08:04:32 AM CDT 2026
FAILED 86414795_112 at Fri Sep  4 08:04:33 AM CDT 2026
PAUSE after 1 conversions: cooldown 30s + cleanup
Finished at Fri Sep  4 08:05:08 AM CDT 2026
total=514 skipped=512 empty_skipped=0 converted=0 failed=2 workers=1
Starting batch (offbeamlight, tpc=1) at Fri Sep  4 08:35:29 AM CDT 2026 parallel=0 workers=1 pause_every=1
Input:  /pnfs/sbnd/scratch/users/munjung/v10_06_00/raw-SBND_DATA_InTimeCosmics_offbeamlight/waveforms
Output: /pnfs/sbnd/scratch/users/munjung/v10_06_00/raw-SBND_DATA_InTimeCosmics_offbeamlight/h5 (g4-raw-1_*.h5)
User memory budget: 37 GiB, currently used: 6 GiB
Converting 86414790_107 at Fri Sep  4 08:35:29 AM CDT 2026
FAILED 86414790_107 at Fri Sep  4 08:35:35 AM CDT 2026
PAUSE after 1 conversions: cooldown 30s + cleanup
Converting 86414795_112 at Fri Sep  4 08:36:07 AM CDT 2026
FAILED 86414795_112 at Fri Sep  4 08:36:08 AM CDT 2026
PAUSE after 1 conversions: cooldown 30s + cleanup
Finished at Fri Sep  4 08:36:43 AM CDT 2026
total=514 skipped=512 empty_skipped=0 converted=0 failed=2 workers=1
Starting batch (offbeamlight, tpc=1) at Fri Sep  4 08:40:31 AM CDT 2026 parallel=0 workers=1 pause_every=1
Input:  /pnfs/sbnd/scratch/users/munjung/v10_06_00/raw-SBND_DATA_InTimeCosmics_offbeamlight/waveforms
Output: /pnfs/sbnd/scratch/users/munjung/v10_06_00/raw-SBND_DATA_InTimeCosmics_offbeamlight/h5 (g4-raw-1_*.h5)
User memory budget: 37 GiB, currently used: 6 GiB
Converting 86414790_107 at Fri Sep  4 08:40:31 AM CDT 2026
FAILED 86414790_107 at Fri Sep  4 08:40:32 AM CDT 2026
PAUSE after 1 conversions: cooldown 30s + cleanup
Converting 86414795_112 at Fri Sep  4 08:41:04 AM CDT 2026
FAILED 86414795_112 at Fri Sep  4 08:41:05 AM CDT 2026
PAUSE after 1 conversions: cooldown 30s + cleanup
Finished at Fri Sep  4 08:41:40 AM CDT 2026
total=514 skipped=512 empty_skipped=0 converted=0 failed=2 workers=1
Starting batch (offbeamlight, tpc=1) at Fri Sep  4 08:45:34 AM CDT 2026 parallel=0 workers=1 pause_every=1
Input:  /pnfs/sbnd/scratch/users/munjung/v10_06_00/raw-SBND_DATA_InTimeCosmics_offbeamlight/waveforms
Output: /pnfs/sbnd/scratch/users/munjung/v10_06_00/raw-SBND_DATA_InTimeCosmics_offbeamlight/h5 (g4-raw-1_*.h5)
User memory budget: 37 GiB, currently used: 6 GiB
Converting 86414790_107 at Fri Sep  4 08:45:34 AM CDT 2026
FAILED 86414790_107 at Fri Sep  4 08:45:35 AM CDT 2026
PAUSE after 1 conversions: cooldown 30s + cleanup
Converting 86414795_112 at Fri Sep  4 08:46:07 AM CDT 2026
FAILED 86414795_112 at Fri Sep  4 08:46:07 AM CDT 2026
PAUSE after 1 conversions: cooldown 30s + cleanup
Finished at Fri Sep  4 08:46:43 AM CDT 2026
total=514 skipped=512 empty_skipped=0 converted=0 failed=2 workers=1
Starting batch (offbeamlight, tpc=1) at Fri Sep  4 08:50:36 AM CDT 2026 parallel=0 workers=1 pause_every=1
Input:  /pnfs/sbnd/scratch/users/munjung/v10_06_00/raw-SBND_DATA_InTimeCosmics_offbeamlight/waveforms
Output: /pnfs/sbnd/scratch/users/munjung/v10_06_00/raw-SBND_DATA_InTimeCosmics_offbeamlight/h5 (g4-raw-1_*.h5)
User memory budget: 37 GiB, currently used: 6 GiB
Converting 86414790_107 at Fri Sep  4 08:50:37 AM CDT 2026
FAILED 86414790_107 at Fri Sep  4 08:50:37 AM CDT 2026
PAUSE after 1 conversions: cooldown 30s + cleanup
Converting 86414795_112 at Fri Sep  4 08:51:09 AM CDT 2026
FAILED 86414795_112 at Fri Sep  4 08:51:10 AM CDT 2026
PAUSE after 1 conversions: cooldown 30s + cleanup
Finished at Fri Sep  4 08:51:45 AM CDT 2026
total=514 skipped=512 empty_skipped=0 converted=0 failed=2 workers=1
Starting batch (offbeamlight, tpc=1) at Fri Sep  4 08:55:39 AM CDT 2026 parallel=0 workers=1 pause_every=1
Input:  /pnfs/sbnd/scratch/users/munjung/v10_06_00/raw-SBND_DATA_InTimeCosmics_offbeamlight/waveforms
Output: /pnfs/sbnd/scratch/users/munjung/v10_06_00/raw-SBND_DATA_InTimeCosmics_offbeamlight/h5 (g4-raw-1_*.h5)
User memory budget: 37 GiB, currently used: 6 GiB
Converting 86414790_107 at Fri Sep  4 08:55:39 AM CDT 2026
FAILED 86414790_107 at Fri Sep  4 08:55:40 AM CDT 2026
PAUSE after 1 conversions: cooldown 30s + cleanup
Converting 86414795_112 at Fri Sep  4 08:56:12 AM CDT 2026
FAILED 86414795_112 at Fri Sep  4 08:56:13 AM CDT 2026
PAUSE after 1 conversions: cooldown 30s + cleanup
Finished at Fri Sep  4 08:56:48 AM CDT 2026
total=514 skipped=512 empty_skipped=0 converted=0 failed=2 workers=1
Starting batch (offbeamlight, tpc=1) at Fri Sep  4 09:00:42 AM CDT 2026 parallel=0 workers=1 pause_every=1
Input:  /pnfs/sbnd/scratch/users/munjung/v10_06_00/raw-SBND_DATA_InTimeCosmics_offbeamlight/waveforms
Output: /pnfs/sbnd/scratch/users/munjung/v10_06_00/raw-SBND_DATA_InTimeCosmics_offbeamlight/h5 (g4-raw-1_*.h5)
User memory budget: 37 GiB, currently used: 6 GiB
Converting 86414790_107 at Fri Sep  4 09:00:42 AM CDT 2026
FAILED 86414790_107 at Fri Sep  4 09:00:43 AM CDT 2026
PAUSE after 1 conversions: cooldown 30s + cleanup
Converting 86414795_112 at Fri Sep  4 09:01:15 AM CDT 2026
FAILED 86414795_112 at Fri Sep  4 09:01:15 AM CDT 2026
PAUSE after 1 conversions: cooldown 30s + cleanup
Finished at Fri Sep  4 09:01:51 AM CDT 2026
total=514 skipped=512 empty_skipped=0 converted=0 failed=2 workers=1
Starting batch (offbeamlight, tpc=1) at Fri Sep  4 09:05:44 AM CDT 2026 parallel=0 workers=1 pause_every=1
Input:  /pnfs/sbnd/scratch/users/munjung/v10_06_00/raw-SBND_DATA_InTimeCosmics_offbeamlight/waveforms
Output: /pnfs/sbnd/scratch/users/munjung/v10_06_00/raw-SBND_DATA_InTimeCosmics_offbeamlight/h5 (g4-raw-1_*.h5)
User memory budget: 37 GiB, currently used: 6 GiB
Converting 86414790_107 at Fri Sep  4 09:05:44 AM CDT 2026
FAILED 86414790_107 at Fri Sep  4 09:05:45 AM CDT 2026
PAUSE after 1 conversions: cooldown 30s + cleanup
Converting 86414795_112 at Fri Sep  4 09:06:17 AM CDT 2026
FAILED 86414795_112 at Fri Sep  4 09:06:18 AM CDT 2026
PAUSE after 1 conversions: cooldown 30s + cleanup
Finished at Fri Sep  4 09:06:53 AM CDT 2026
total=514 skipped=512 empty_skipped=0 converted=0 failed=2 workers=1
Starting batch (offbeamlight, tpc=1) at Fri Sep  4 09:10:47 AM CDT 2026 parallel=0 workers=1 pause_every=1
Input:  /pnfs/sbnd/scratch/users/munjung/v10_06_00/raw-SBND_DATA_InTimeCosmics_offbeamlight/waveforms
Output: /pnfs/sbnd/scratch/users/munjung/v10_06_00/raw-SBND_DATA_InTimeCosmics_offbeamlight/h5 (g4-raw-1_*.h5)
User memory budget: 37 GiB, currently used: 6 GiB
Converting 86414790_107 at Fri Sep  4 09:10:47 AM CDT 2026
FAILED 86414790_107 at Fri Sep  4 09:10:48 AM CDT 2026
PAUSE after 1 conversions: cooldown 30s + cleanup
Converting 86414795_112 at Fri Sep  4 09:11:20 AM CDT 2026
FAILED 86414795_112 at Fri Sep  4 09:11:21 AM CDT 2026
PAUSE after 1 conversions: cooldown 30s + cleanup
Finished at Fri Sep  4 09:11:56 AM CDT 2026
total=514 skipped=512 empty_skipped=0 converted=0 failed=2 workers=1
Starting batch (offbeamlight, tpc=1) at Fri Sep  4 09:15:49 AM CDT 2026 parallel=0 workers=1 pause_every=1
Input:  /pnfs/sbnd/scratch/users/munjung/v10_06_00/raw-SBND_DATA_InTimeCosmics_offbeamlight/waveforms
Output: /pnfs/sbnd/scratch/users/munjung/v10_06_00/raw-SBND_DATA_InTimeCosmics_offbeamlight/h5 (g4-raw-1_*.h5)
User memory budget: 37 GiB, currently used: 6 GiB
Converting 86414790_107 at Fri Sep  4 09:15:50 AM CDT 2026
FAILED 86414790_107 at Fri Sep  4 09:15:50 AM CDT 2026
PAUSE after 1 conversions: cooldown 30s + cleanup
Converting 86414795_112 at Fri Sep  4 09:16:22 AM CDT 2026
FAILED 86414795_112 at Fri Sep  4 09:16:23 AM CDT 2026
PAUSE after 1 conversions: cooldown 30s + cleanup
Finished at Fri Sep  4 09:16:58 AM CDT 2026
total=514 skipped=512 empty_skipped=0 converted=0 failed=2 workers=1
Starting batch (offbeamlight, tpc=1) at Fri Sep  4 09:20:52 AM CDT 2026 parallel=0 workers=1 pause_every=1
Input:  /pnfs/sbnd/scratch/users/munjung/v10_06_00/raw-SBND_DATA_InTimeCosmics_offbeamlight/waveforms
Output: /pnfs/sbnd/scratch/users/munjung/v10_06_00/raw-SBND_DATA_InTimeCosmics_offbeamlight/h5 (g4-raw-1_*.h5)
User memory budget: 37 GiB, currently used: 6 GiB
Converting 86414790_107 at Fri Sep  4 09:20:52 AM CDT 2026
FAILED 86414790_107 at Fri Sep  4 09:20:53 AM CDT 2026
PAUSE after 1 conversions: cooldown 30s + cleanup
Converting 86414795_112 at Fri Sep  4 09:21:25 AM CDT 2026
FAILED 86414795_112 at Fri Sep  4 09:21:26 AM CDT 2026
PAUSE after 1 conversions: cooldown 30s + cleanup
Finished at Fri Sep  4 09:22:01 AM CDT 2026
total=514 skipped=512 empty_skipped=0 converted=0 failed=2 workers=1
Starting batch (offbeamlight, tpc=1) at Fri Sep  4 09:25:55 AM CDT 2026 parallel=0 workers=1 pause_every=1
Input:  /pnfs/sbnd/scratch/users/munjung/v10_06_00/raw-SBND_DATA_InTimeCosmics_offbeamlight/waveforms
Output: /pnfs/sbnd/scratch/users/munjung/v10_06_00/raw-SBND_DATA_InTimeCosmics_offbeamlight/h5 (g4-raw-1_*.h5)
User memory budget: 37 GiB, currently used: 6 GiB
Converting 86414790_107 at Fri Sep  4 09:25:55 AM CDT 2026
FAILED 86414790_107 at Fri Sep  4 09:25:55 AM CDT 2026
PAUSE after 1 conversions: cooldown 30s + cleanup
Converting 86414795_112 at Fri Sep  4 09:26:28 AM CDT 2026
FAILED 86414795_112 at Fri Sep  4 09:26:28 AM CDT 2026
PAUSE after 1 conversions: cooldown 30s + cleanup
Finished at Fri Sep  4 09:27:03 AM CDT 2026
total=514 skipped=512 empty_skipped=0 converted=0 failed=2 workers=1
Starting batch (offbeamlight, tpc=1) at Fri Sep  4 09:30:57 AM CDT 2026 parallel=0 workers=1 pause_every=1
Input:  /pnfs/sbnd/scratch/users/munjung/v10_06_00/raw-SBND_DATA_InTimeCosmics_offbeamlight/waveforms
Output: /pnfs/sbnd/scratch/users/munjung/v10_06_00/raw-SBND_DATA_InTimeCosmics_offbeamlight/h5 (g4-raw-1_*.h5)
User memory budget: 37 GiB, currently used: 6 GiB
Converting 86414790_107 at Fri Sep  4 09:30:57 AM CDT 2026
FAILED 86414790_107 at Fri Sep  4 09:30:58 AM CDT 2026
PAUSE after 1 conversions: cooldown 30s + cleanup
Converting 86414795_112 at Fri Sep  4 09:31:30 AM CDT 2026
FAILED 86414795_112 at Fri Sep  4 09:31:31 AM CDT 2026
PAUSE after 1 conversions: cooldown 30s + cleanup
Finished at Fri Sep  4 09:32:06 AM CDT 2026
total=514 skipped=512 empty_skipped=0 converted=0 failed=2 workers=1
Starting batch (offbeamlight, tpc=1) at Fri Sep  4 09:36:00 AM CDT 2026 parallel=0 workers=1 pause_every=1
Input:  /pnfs/sbnd/scratch/users/munjung/v10_06_00/raw-SBND_DATA_InTimeCosmics_offbeamlight/waveforms
Output: /pnfs/sbnd/scratch/users/munjung/v10_06_00/raw-SBND_DATA_InTimeCosmics_offbeamlight/h5 (g4-raw-1_*.h5)
User memory budget: 37 GiB, currently used: 6 GiB
Converting 86414790_107 at Fri Sep  4 09:36:00 AM CDT 2026
FAILED 86414790_107 at Fri Sep  4 09:36:01 AM CDT 2026
PAUSE after 1 conversions: cooldown 30s + cleanup
Converting 86414795_112 at Fri Sep  4 09:36:33 AM CDT 2026
FAILED 86414795_112 at Fri Sep  4 09:36:33 AM CDT 2026
PAUSE after 1 conversions: cooldown 30s + cleanup
Finished at Fri Sep  4 09:37:09 AM CDT 2026
total=514 skipped=512 empty_skipped=0 converted=0 failed=2 workers=1
Starting batch (offbeamlight, tpc=1) at Fri Sep  4 09:41:03 AM CDT 2026 parallel=0 workers=1 pause_every=1
Input:  /pnfs/sbnd/scratch/users/munjung/v10_06_00/raw-SBND_DATA_InTimeCosmics_offbeamlight/waveforms
Output: /pnfs/sbnd/scratch/users/munjung/v10_06_00/raw-SBND_DATA_InTimeCosmics_offbeamlight/h5 (g4-raw-1_*.h5)
User memory budget: 37 GiB, currently used: 6 GiB
Converting 86414790_107 at Fri Sep  4 09:41:03 AM CDT 2026
FAILED 86414790_107 at Fri Sep  4 09:41:04 AM CDT 2026
PAUSE after 1 conversions: cooldown 30s + cleanup
Converting 86414795_112 at Fri Sep  4 09:41:36 AM CDT 2026
FAILED 86414795_112 at Fri Sep  4 09:41:37 AM CDT 2026
PAUSE after 1 conversions: cooldown 30s + cleanup
Finished at Fri Sep  4 09:42:12 AM CDT 2026
total=514 skipped=512 empty_skipped=0 converted=0 failed=2 workers=1
Starting batch (offbeamlight, tpc=1) at Fri Sep  4 09:46:06 AM CDT 2026 parallel=0 workers=1 pause_every=1
Input:  /pnfs/sbnd/scratch/users/munjung/v10_06_00/raw-SBND_DATA_InTimeCosmics_offbeamlight/waveforms
Output: /pnfs/sbnd/scratch/users/munjung/v10_06_00/raw-SBND_DATA_InTimeCosmics_offbeamlight/h5 (g4-raw-1_*.h5)
User memory budget: 37 GiB, currently used: 6 GiB
Converting 86414790_107 at Fri Sep  4 09:46:06 AM CDT 2026
FAILED 86414790_107 at Fri Sep  4 09:46:06 AM CDT 2026
PAUSE after 1 conversions: cooldown 30s + cleanup
Converting 86414795_112 at Fri Sep  4 09:46:39 AM CDT 2026
FAILED 86414795_112 at Fri Sep  4 09:46:39 AM CDT 2026
PAUSE after 1 conversions: cooldown 30s + cleanup
Finished at Fri Sep  4 09:47:14 AM CDT 2026
total=514 skipped=512 empty_skipped=0 converted=0 failed=2 workers=1
Starting batch (offbeamlight, tpc=1) at Fri Sep  4 09:51:08 AM CDT 2026 parallel=0 workers=1 pause_every=1
Input:  /pnfs/sbnd/scratch/users/munjung/v10_06_00/raw-SBND_DATA_InTimeCosmics_offbeamlight/waveforms
Output: /pnfs/sbnd/scratch/users/munjung/v10_06_00/raw-SBND_DATA_InTimeCosmics_offbeamlight/h5 (g4-raw-1_*.h5)
User memory budget: 37 GiB, currently used: 6 GiB
Converting 86414790_107 at Fri Sep  4 09:51:08 AM CDT 2026
FAILED 86414790_107 at Fri Sep  4 09:51:09 AM CDT 2026
PAUSE after 1 conversions: cooldown 30s + cleanup
Converting 86414795_112 at Fri Sep  4 09:51:41 AM CDT 2026
FAILED 86414795_112 at Fri Sep  4 09:51:42 AM CDT 2026
PAUSE after 1 conversions: cooldown 30s + cleanup
Finished at Fri Sep  4 09:52:18 AM CDT 2026
total=514 skipped=512 empty_skipped=0 converted=0 failed=2 workers=1
Starting batch (offbeamlight, tpc=1) at Fri Sep  4 09:56:12 AM CDT 2026 parallel=0 workers=1 pause_every=1
Input:  /pnfs/sbnd/scratch/users/munjung/v10_06_00/raw-SBND_DATA_InTimeCosmics_offbeamlight/waveforms
Output: /pnfs/sbnd/scratch/users/munjung/v10_06_00/raw-SBND_DATA_InTimeCosmics_offbeamlight/h5 (g4-raw-1_*.h5)
User memory budget: 37 GiB, currently used: 6 GiB
Converting 86414790_107 at Fri Sep  4 09:56:12 AM CDT 2026
FAILED 86414790_107 at Fri Sep  4 09:56:14 AM CDT 2026
PAUSE after 1 conversions: cooldown 30s + cleanup
Converting 86414795_112 at Fri Sep  4 09:56:46 AM CDT 2026
FAILED 86414795_112 at Fri Sep  4 09:56:47 AM CDT 2026
PAUSE after 1 conversions: cooldown 30s + cleanup
Finished at Fri Sep  4 09:57:23 AM CDT 2026
total=514 skipped=512 empty_skipped=0 converted=0 failed=2 workers=1
Starting batch (offbeamlight, tpc=1) at Fri Sep  4 10:06:24 AM CDT 2026 parallel=0 workers=1 pause_every=1
Input:  /pnfs/sbnd/scratch/users/munjung/v10_06_00/raw-SBND_DATA_InTimeCosmics_offbeamlight/waveforms
Output: /pnfs/sbnd/scratch/users/munjung/v10_06_00/raw-SBND_DATA_InTimeCosmics_offbeamlight/h5 (g4-raw-1_*.h5)
User memory budget: 37 GiB, currently used: 6 GiB
Converting 86414790_107 at Fri Sep  4 10:06:24 AM CDT 2026
FAILED 86414790_107 at Fri Sep  4 10:06:31 AM CDT 2026
PAUSE after 1 conversions: cooldown 30s + cleanup
Converting 86414795_112 at Fri Sep  4 10:07:03 AM CDT 2026
FAILED 86414795_112 at Fri Sep  4 10:07:04 AM CDT 2026
PAUSE after 1 conversions: cooldown 30s + cleanup
Finished at Fri Sep  4 10:07:40 AM CDT 2026
total=514 skipped=512 empty_skipped=0 converted=0 failed=2 workers=1
Starting batch (offbeamlight, tpc=1) at Fri Sep  4 10:12:43 AM CDT 2026 parallel=0 workers=1 pause_every=1
Input:  /pnfs/sbnd/scratch/users/munjung/v10_06_00/raw-SBND_DATA_InTimeCosmics_offbeamlight/waveforms
Output: /pnfs/sbnd/scratch/users/munjung/v10_06_00/raw-SBND_DATA_InTimeCosmics_offbeamlight/h5 (g4-raw-1_*.h5)
User memory budget: 37 GiB, currently used: 6 GiB
Converting 86414790_107 at Fri Sep  4 10:12:43 AM CDT 2026
FAILED 86414790_107 at Fri Sep  4 10:12:44 AM CDT 2026
PAUSE after 1 conversions: cooldown 30s + cleanup
Converting 86414795_112 at Fri Sep  4 10:13:17 AM CDT 2026
FAILED 86414795_112 at Fri Sep  4 10:13:18 AM CDT 2026
PAUSE after 1 conversions: cooldown 30s + cleanup
Finished at Fri Sep  4 10:13:54 AM CDT 2026
total=514 skipped=512 empty_skipped=0 converted=0 failed=2 workers=1
Starting batch (offbeamlight, tpc=1) at Fri Sep  4 10:22:50 AM CDT 2026 parallel=0 workers=1 pause_every=1
Input:  /pnfs/sbnd/scratch/users/munjung/v10_06_00/raw-SBND_DATA_InTimeCosmics_offbeamlight/waveforms
Output: /pnfs/sbnd/scratch/users/munjung/v10_06_00/raw-SBND_DATA_InTimeCosmics_offbeamlight/h5 (g4-raw-1_*.h5)
User memory budget: 37 GiB, currently used: 6 GiB
Converting 86414790_107 at Fri Sep  4 10:22:50 AM CDT 2026
FAILED 86414790_107 at Fri Sep  4 10:22:53 AM CDT 2026
PAUSE after 1 conversions: cooldown 30s + cleanup
Converting 86414795_112 at Fri Sep  4 10:23:25 AM CDT 2026
FAILED 86414795_112 at Fri Sep  4 10:23:26 AM CDT 2026
PAUSE after 1 conversions: cooldown 30s + cleanup
Finished at Fri Sep  4 10:24:02 AM CDT 2026
total=514 skipped=512 empty_skipped=0 converted=0 failed=2 workers=1
Starting batch (offbeamlight, tpc=1) at Fri Sep  4 10:27:54 AM CDT 2026 parallel=0 workers=1 pause_every=1
Input:  /pnfs/sbnd/scratch/users/munjung/v10_06_00/raw-SBND_DATA_InTimeCosmics_offbeamlight/waveforms
Output: /pnfs/sbnd/scratch/users/munjung/v10_06_00/raw-SBND_DATA_InTimeCosmics_offbeamlight/h5 (g4-raw-1_*.h5)
User memory budget: 37 GiB, currently used: 6 GiB
Converting 86414790_107 at Fri Sep  4 10:27:54 AM CDT 2026
FAILED 86414790_107 at Fri Sep  4 10:27:55 AM CDT 2026
PAUSE after 1 conversions: cooldown 30s + cleanup
Converting 86414795_112 at Fri Sep  4 10:28:27 AM CDT 2026
FAILED 86414795_112 at Fri Sep  4 10:28:28 AM CDT 2026
PAUSE after 1 conversions: cooldown 30s + cleanup
Finished at Fri Sep  4 10:29:04 AM CDT 2026
total=514 skipped=512 empty_skipped=0 converted=0 failed=2 workers=1
Starting batch (offbeamlight, tpc=1) at Fri Sep  4 10:32:57 AM CDT 2026 parallel=0 workers=1 pause_every=1
Input:  /pnfs/sbnd/scratch/users/munjung/v10_06_00/raw-SBND_DATA_InTimeCosmics_offbeamlight/waveforms
Output: /pnfs/sbnd/scratch/users/munjung/v10_06_00/raw-SBND_DATA_InTimeCosmics_offbeamlight/h5 (g4-raw-1_*.h5)
User memory budget: 37 GiB, currently used: 6 GiB
Converting 86414790_107 at Fri Sep  4 10:32:58 AM CDT 2026
FAILED 86414790_107 at Fri Sep  4 10:32:59 AM CDT 2026
PAUSE after 1 conversions: cooldown 30s + cleanup
Converting 86414795_112 at Fri Sep  4 10:33:31 AM CDT 2026
FAILED 86414795_112 at Fri Sep  4 10:33:32 AM CDT 2026
PAUSE after 1 conversions: cooldown 30s + cleanup
Finished at Fri Sep  4 10:34:09 AM CDT 2026
total=514 skipped=512 empty_skipped=0 converted=0 failed=2 workers=1
Starting batch (offbeamlight, tpc=1) at Fri Sep  4 10:38:02 AM CDT 2026 parallel=0 workers=1 pause_every=1
Input:  /pnfs/sbnd/scratch/users/munjung/v10_06_00/raw-SBND_DATA_InTimeCosmics_offbeamlight/waveforms
Output: /pnfs/sbnd/scratch/users/munjung/v10_06_00/raw-SBND_DATA_InTimeCosmics_offbeamlight/h5 (g4-raw-1_*.h5)
User memory budget: 37 GiB, currently used: 6 GiB
Converting 86414790_107 at Fri Sep  4 10:38:02 AM CDT 2026
FAILED 86414790_107 at Fri Sep  4 10:38:03 AM CDT 2026
PAUSE after 1 conversions: cooldown 30s + cleanup
Converting 86414795_112 at Fri Sep  4 10:38:36 AM CDT 2026
FAILED 86414795_112 at Fri Sep  4 10:38:37 AM CDT 2026
PAUSE after 1 conversions: cooldown 30s + cleanup
Finished at Fri Sep  4 10:39:14 AM CDT 2026
total=514 skipped=512 empty_skipped=0 converted=0 failed=2 workers=1
Starting batch (offbeamlight, tpc=1) at Fri Sep  4 10:43:05 AM CDT 2026 parallel=0 workers=1 pause_every=1
Input:  /pnfs/sbnd/scratch/users/munjung/v10_06_00/raw-SBND_DATA_InTimeCosmics_offbeamlight/waveforms
Output: /pnfs/sbnd/scratch/users/munjung/v10_06_00/raw-SBND_DATA_InTimeCosmics_offbeamlight/h5 (g4-raw-1_*.h5)
User memory budget: 37 GiB, currently used: 6 GiB
Converting 86414790_107 at Fri Sep  4 10:43:06 AM CDT 2026
FAILED 86414790_107 at Fri Sep  4 10:43:07 AM CDT 2026
PAUSE after 1 conversions: cooldown 30s + cleanup
Converting 86414795_112 at Fri Sep  4 10:43:39 AM CDT 2026
FAILED 86414795_112 at Fri Sep  4 10:43:40 AM CDT 2026
PAUSE after 1 conversions: cooldown 30s + cleanup
Finished at Fri Sep  4 10:44:17 AM CDT 2026
total=514 skipped=512 empty_skipped=0 converted=0 failed=2 workers=1
Starting batch (offbeamlight, tpc=1) at Fri Sep  4 10:48:09 AM CDT 2026 parallel=0 workers=1 pause_every=1
Input:  /pnfs/sbnd/scratch/users/munjung/v10_06_00/raw-SBND_DATA_InTimeCosmics_offbeamlight/waveforms
Output: /pnfs/sbnd/scratch/users/munjung/v10_06_00/raw-SBND_DATA_InTimeCosmics_offbeamlight/h5 (g4-raw-1_*.h5)
User memory budget: 37 GiB, currently used: 6 GiB
Converting 86414790_107 at Fri Sep  4 10:48:09 AM CDT 2026
FAILED 86414790_107 at Fri Sep  4 10:48:11 AM CDT 2026
PAUSE after 1 conversions: cooldown 30s + cleanup
Converting 86414795_112 at Fri Sep  4 10:48:43 AM CDT 2026
FAILED 86414795_112 at Fri Sep  4 10:48:44 AM CDT 2026
PAUSE after 1 conversions: cooldown 30s + cleanup
Finished at Fri Sep  4 10:49:21 AM CDT 2026
total=514 skipped=512 empty_skipped=0 converted=0 failed=2 workers=1
Starting batch (offbeamlight, tpc=1) at Fri Sep  4 10:53:13 AM CDT 2026 parallel=0 workers=1 pause_every=1
Input:  /pnfs/sbnd/scratch/users/munjung/v10_06_00/raw-SBND_DATA_InTimeCosmics_offbeamlight/waveforms
Output: /pnfs/sbnd/scratch/users/munjung/v10_06_00/raw-SBND_DATA_InTimeCosmics_offbeamlight/h5 (g4-raw-1_*.h5)
User memory budget: 37 GiB, currently used: 6 GiB
Converting 86414790_107 at Fri Sep  4 10:53:14 AM CDT 2026
FAILED 86414790_107 at Fri Sep  4 10:53:15 AM CDT 2026
PAUSE after 1 conversions: cooldown 30s + cleanup
Converting 86414795_112 at Fri Sep  4 10:53:47 AM CDT 2026
FAILED 86414795_112 at Fri Sep  4 10:53:48 AM CDT 2026
PAUSE after 1 conversions: cooldown 30s + cleanup
Finished at Fri Sep  4 10:54:24 AM CDT 2026
total=514 skipped=512 empty_skipped=0 converted=0 failed=2 workers=1
Starting batch (offbeamlight, tpc=1) at Fri Sep  4 10:58:17 AM CDT 2026 parallel=0 workers=1 pause_every=1
Input:  /pnfs/sbnd/scratch/users/munjung/v10_06_00/raw-SBND_DATA_InTimeCosmics_offbeamlight/waveforms
Output: /pnfs/sbnd/scratch/users/munjung/v10_06_00/raw-SBND_DATA_InTimeCosmics_offbeamlight/h5 (g4-raw-1_*.h5)
User memory budget: 37 GiB, currently used: 6 GiB
Converting 86414790_107 at Fri Sep  4 10:58:18 AM CDT 2026
FAILED 86414790_107 at Fri Sep  4 10:58:19 AM CDT 2026
PAUSE after 1 conversions: cooldown 30s + cleanup
Converting 86414795_112 at Fri Sep  4 10:58:51 AM CDT 2026
FAILED 86414795_112 at Fri Sep  4 10:58:53 AM CDT 2026
PAUSE after 1 conversions: cooldown 30s + cleanup
Finished at Fri Sep  4 10:59:29 AM CDT 2026
total=514 skipped=512 empty_skipped=0 converted=0 failed=2 workers=1
Starting batch (offbeamlight, tpc=1) at Fri Sep  4 11:08:25 AM CDT 2026 parallel=0 workers=1 pause_every=1
Input:  /pnfs/sbnd/scratch/users/munjung/v10_06_00/raw-SBND_DATA_InTimeCosmics_offbeamlight/waveforms
Output: /pnfs/sbnd/scratch/users/munjung/v10_06_00/raw-SBND_DATA_InTimeCosmics_offbeamlight/h5 (g4-raw-1_*.h5)
User memory budget: 37 GiB, currently used: 6 GiB
Converting 86414790_107 at Fri Sep  4 11:08:25 AM CDT 2026
FAILED 86414790_107 at Fri Sep  4 11:08:32 AM CDT 2026
PAUSE after 1 conversions: cooldown 30s + cleanup
Converting 86414795_112 at Fri Sep  4 11:09:04 AM CDT 2026
FAILED 86414795_112 at Fri Sep  4 11:09:05 AM CDT 2026
PAUSE after 1 conversions: cooldown 30s + cleanup
Finished at Fri Sep  4 11:09:42 AM CDT 2026
total=514 skipped=512 empty_skipped=0 converted=0 failed=2 workers=1
Starting batch (offbeamlight, tpc=1) at Fri Sep  4 11:28:19 AM CDT 2026 parallel=0 workers=1 pause_every=1
Input:  /pnfs/sbnd/scratch/users/munjung/v10_06_00/raw-SBND_DATA_InTimeCosmics_offbeamlight/waveforms
Output: /pnfs/sbnd/scratch/users/munjung/v10_06_00/raw-SBND_DATA_InTimeCosmics_offbeamlight/h5 (g4-raw-1_*.h5)
User memory budget: 37 GiB, currently used: 5 GiB
Converting 86414790_107 at Fri Sep  4 11:28:19 AM CDT 2026
FAILED 86414790_107 at Fri Sep  4 11:28:22 AM CDT 2026
PAUSE after 1 conversions: cooldown 30s + cleanup
Converting 86414795_112 at Fri Sep  4 11:28:55 AM CDT 2026
FAILED 86414795_112 at Fri Sep  4 11:28:55 AM CDT 2026
PAUSE after 1 conversions: cooldown 30s + cleanup
Finished at Fri Sep  4 11:29:31 AM CDT 2026
total=514 skipped=512 empty_skipped=0 converted=0 failed=2 workers=1
Starting batch (offbeamlight, tpc=1) at Fri Sep  4 11:34:36 AM CDT 2026 parallel=0 workers=1 pause_every=1
Input:  /pnfs/sbnd/scratch/users/munjung/v10_06_00/raw-SBND_DATA_InTimeCosmics_offbeamlight/waveforms
Output: /pnfs/sbnd/scratch/users/munjung/v10_06_00/raw-SBND_DATA_InTimeCosmics_offbeamlight/h5 (g4-raw-1_*.h5)
User memory budget: 37 GiB, currently used: 6 GiB
Converting 86414790_107 at Fri Sep  4 11:34:36 AM CDT 2026
FAILED 86414790_107 at Fri Sep  4 11:34:37 AM CDT 2026
PAUSE after 1 conversions: cooldown 30s + cleanup
Converting 86414795_112 at Fri Sep  4 11:35:09 AM CDT 2026
FAILED 86414795_112 at Fri Sep  4 11:35:10 AM CDT 2026
PAUSE after 1 conversions: cooldown 30s + cleanup
Finished at Fri Sep  4 11:35:45 AM CDT 2026
total=514 skipped=512 empty_skipped=0 converted=0 failed=2 workers=1
Starting batch (offbeamlight, tpc=1) at Fri Sep  4 12:21:09 PM CDT 2026 parallel=0 workers=1 pause_every=1
Input:  /pnfs/sbnd/scratch/users/munjung/v10_06_00/raw-SBND_DATA_InTimeCosmics_offbeamlight/waveforms
Output: /pnfs/sbnd/scratch/users/munjung/v10_06_00/raw-SBND_DATA_InTimeCosmics_offbeamlight/h5 (g4-raw-1_*.h5)
User memory budget: 37 GiB, currently used: 6 GiB
Converting 86414790_107 at Fri Sep  4 12:21:09 PM CDT 2026
FAILED 86414790_107 at Fri Sep  4 12:21:10 PM CDT 2026
PAUSE after 1 conversions: cooldown 30s + cleanup
Converting 86414795_112 at Fri Sep  4 12:21:43 PM CDT 2026
FAILED 86414795_112 at Fri Sep  4 12:21:43 PM CDT 2026
PAUSE after 1 conversions: cooldown 30s + cleanup
Finished at Fri Sep  4 12:22:19 PM CDT 2026
total=514 skipped=512 empty_skipped=0 converted=0 failed=2 workers=1
Starting batch (offbeamlight, tpc=1) at Fri Sep  4 12:26:12 PM CDT 2026 parallel=0 workers=1 pause_every=1
Input:  /pnfs/sbnd/scratch/users/munjung/v10_06_00/raw-SBND_DATA_InTimeCosmics_offbeamlight/waveforms
Output: /pnfs/sbnd/scratch/users/munjung/v10_06_00/raw-SBND_DATA_InTimeCosmics_offbeamlight/h5 (g4-raw-1_*.h5)
User memory budget: 37 GiB, currently used: 6 GiB
Converting 86414790_107 at Fri Sep  4 12:26:12 PM CDT 2026
FAILED 86414790_107 at Fri Sep  4 12:26:12 PM CDT 2026
PAUSE after 1 conversions: cooldown 30s + cleanup
Converting 86414795_112 at Fri Sep  4 12:26:44 PM CDT 2026
FAILED 86414795_112 at Fri Sep  4 12:26:45 PM CDT 2026
PAUSE after 1 conversions: cooldown 30s + cleanup
Finished at Fri Sep  4 12:27:21 PM CDT 2026
total=514 skipped=512 empty_skipped=0 converted=0 failed=2 workers=1
Starting batch (offbeamlight, tpc=1) at Fri Sep  4 12:31:14 PM CDT 2026 parallel=0 workers=1 pause_every=1
Input:  /pnfs/sbnd/scratch/users/munjung/v10_06_00/raw-SBND_DATA_InTimeCosmics_offbeamlight/waveforms
Output: /pnfs/sbnd/scratch/users/munjung/v10_06_00/raw-SBND_DATA_InTimeCosmics_offbeamlight/h5 (g4-raw-1_*.h5)
User memory budget: 37 GiB, currently used: 10 GiB
Converting 86414790_107 at Fri Sep  4 12:31:14 PM CDT 2026
FAILED 86414790_107 at Fri Sep  4 12:31:15 PM CDT 2026
PAUSE after 1 conversions: cooldown 30s + cleanup
Converting 86414795_112 at Fri Sep  4 12:31:47 PM CDT 2026
FAILED 86414795_112 at Fri Sep  4 12:31:48 PM CDT 2026
PAUSE after 1 conversions: cooldown 30s + cleanup
Finished at Fri Sep  4 12:32:23 PM CDT 2026
total=514 skipped=512 empty_skipped=0 converted=0 failed=2 workers=1
Starting batch (offbeamlight, tpc=1) at Fri Sep  4 12:36:17 PM CDT 2026 parallel=0 workers=1 pause_every=1
Input:  /pnfs/sbnd/scratch/users/munjung/v10_06_00/raw-SBND_DATA_InTimeCosmics_offbeamlight/waveforms
Output: /pnfs/sbnd/scratch/users/munjung/v10_06_00/raw-SBND_DATA_InTimeCosmics_offbeamlight/h5 (g4-raw-1_*.h5)
User memory budget: 37 GiB, currently used: 10 GiB
Converting 86414790_107 at Fri Sep  4 12:36:17 PM CDT 2026
FAILED 86414790_107 at Fri Sep  4 12:36:17 PM CDT 2026
PAUSE after 1 conversions: cooldown 30s + cleanup
Converting 86414795_112 at Fri Sep  4 12:36:50 PM CDT 2026
FAILED 86414795_112 at Fri Sep  4 12:36:50 PM CDT 2026
PAUSE after 1 conversions: cooldown 30s + cleanup
Finished at Fri Sep  4 12:37:26 PM CDT 2026
total=514 skipped=512 empty_skipped=0 converted=0 failed=2 workers=1
Starting batch (offbeamlight, tpc=1) at Fri Sep  4 12:41:19 PM CDT 2026 parallel=0 workers=1 pause_every=1
Input:  /pnfs/sbnd/scratch/users/munjung/v10_06_00/raw-SBND_DATA_InTimeCosmics_offbeamlight/waveforms
Output: /pnfs/sbnd/scratch/users/munjung/v10_06_00/raw-SBND_DATA_InTimeCosmics_offbeamlight/h5 (g4-raw-1_*.h5)
User memory budget: 37 GiB, currently used: 10 GiB
Converting 86414790_107 at Fri Sep  4 12:41:19 PM CDT 2026
FAILED 86414790_107 at Fri Sep  4 12:41:20 PM CDT 2026
PAUSE after 1 conversions: cooldown 30s + cleanup
Converting 86414795_112 at Fri Sep  4 12:41:52 PM CDT 2026
FAILED 86414795_112 at Fri Sep  4 12:41:53 PM CDT 2026
PAUSE after 1 conversions: cooldown 30s + cleanup
Finished at Fri Sep  4 12:42:28 PM CDT 2026
total=514 skipped=512 empty_skipped=0 converted=0 failed=2 workers=1
Starting batch (offbeamlight, tpc=1) at Fri Sep  4 12:46:22 PM CDT 2026 parallel=0 workers=1 pause_every=1
Input:  /pnfs/sbnd/scratch/users/munjung/v10_06_00/raw-SBND_DATA_InTimeCosmics_offbeamlight/waveforms
Output: /pnfs/sbnd/scratch/users/munjung/v10_06_00/raw-SBND_DATA_InTimeCosmics_offbeamlight/h5 (g4-raw-1_*.h5)
User memory budget: 37 GiB, currently used: 11 GiB
Converting 86414790_107 at Fri Sep  4 12:46:22 PM CDT 2026
FAILED 86414790_107 at Fri Sep  4 12:46:23 PM CDT 2026
PAUSE after 1 conversions: cooldown 30s + cleanup
Converting 86414795_112 at Fri Sep  4 12:46:55 PM CDT 2026
FAILED 86414795_112 at Fri Sep  4 12:46:55 PM CDT 2026
PAUSE after 1 conversions: cooldown 30s + cleanup
Finished at Fri Sep  4 12:47:31 PM CDT 2026
total=514 skipped=512 empty_skipped=0 converted=0 failed=2 workers=1
Starting batch (offbeamlight, tpc=1) at Fri Sep  4 12:51:24 PM CDT 2026 parallel=0 workers=1 pause_every=1
Input:  /pnfs/sbnd/scratch/users/munjung/v10_06_00/raw-SBND_DATA_InTimeCosmics_offbeamlight/waveforms
Output: /pnfs/sbnd/scratch/users/munjung/v10_06_00/raw-SBND_DATA_InTimeCosmics_offbeamlight/h5 (g4-raw-1_*.h5)
User memory budget: 37 GiB, currently used: 12 GiB
Converting 86414790_107 at Fri Sep  4 12:51:25 PM CDT 2026
FAILED 86414790_107 at Fri Sep  4 12:51:25 PM CDT 2026
PAUSE after 1 conversions: cooldown 30s + cleanup
Converting 86414795_112 at Fri Sep  4 12:51:57 PM CDT 2026
FAILED 86414795_112 at Fri Sep  4 12:51:58 PM CDT 2026
PAUSE after 1 conversions: cooldown 30s + cleanup
Finished at Fri Sep  4 12:52:33 PM CDT 2026
total=514 skipped=512 empty_skipped=0 converted=0 failed=2 workers=1
Starting batch (offbeamlight, tpc=1) at Fri Sep  4 12:56:27 PM CDT 2026 parallel=0 workers=1 pause_every=1
Input:  /pnfs/sbnd/scratch/users/munjung/v10_06_00/raw-SBND_DATA_InTimeCosmics_offbeamlight/waveforms
Output: /pnfs/sbnd/scratch/users/munjung/v10_06_00/raw-SBND_DATA_InTimeCosmics_offbeamlight/h5 (g4-raw-1_*.h5)
User memory budget: 37 GiB, currently used: 12 GiB
Converting 86414790_107 at Fri Sep  4 12:56:27 PM CDT 2026
FAILED 86414790_107 at Fri Sep  4 12:56:28 PM CDT 2026
PAUSE after 1 conversions: cooldown 30s + cleanup
Converting 86414795_112 at Fri Sep  4 12:57:00 PM CDT 2026
FAILED 86414795_112 at Fri Sep  4 12:57:01 PM CDT 2026
PAUSE after 1 conversions: cooldown 30s + cleanup
Finished at Fri Sep  4 12:57:36 PM CDT 2026
total=514 skipped=512 empty_skipped=0 converted=0 failed=2 workers=1
Starting batch (offbeamlight, tpc=1) at Fri Sep  4 01:01:30 PM CDT 2026 parallel=0 workers=1 pause_every=1
Input:  /pnfs/sbnd/scratch/users/munjung/v10_06_00/raw-SBND_DATA_InTimeCosmics_offbeamlight/waveforms
Output: /pnfs/sbnd/scratch/users/munjung/v10_06_00/raw-SBND_DATA_InTimeCosmics_offbeamlight/h5 (g4-raw-1_*.h5)
User memory budget: 37 GiB, currently used: 12 GiB
Converting 86414790_107 at Fri Sep  4 01:01:30 PM CDT 2026
FAILED 86414790_107 at Fri Sep  4 01:01:30 PM CDT 2026
PAUSE after 1 conversions: cooldown 30s + cleanup
Converting 86414795_112 at Fri Sep  4 01:02:03 PM CDT 2026
FAILED 86414795_112 at Fri Sep  4 01:02:03 PM CDT 2026
PAUSE after 1 conversions: cooldown 30s + cleanup
Finished at Fri Sep  4 01:02:39 PM CDT 2026
total=514 skipped=512 empty_skipped=0 converted=0 failed=2 workers=1
Starting batch (offbeamlight, tpc=1) at Fri Sep  4 01:06:32 PM CDT 2026 parallel=0 workers=1 pause_every=1
Input:  /pnfs/sbnd/scratch/users/munjung/v10_06_00/raw-SBND_DATA_InTimeCosmics_offbeamlight/waveforms
Output: /pnfs/sbnd/scratch/users/munjung/v10_06_00/raw-SBND_DATA_InTimeCosmics_offbeamlight/h5 (g4-raw-1_*.h5)
User memory budget: 37 GiB, currently used: 12 GiB
Converting 86414790_107 at Fri Sep  4 01:06:32 PM CDT 2026
FAILED 86414790_107 at Fri Sep  4 01:06:33 PM CDT 2026
PAUSE after 1 conversions: cooldown 30s + cleanup
Converting 86414795_112 at Fri Sep  4 01:07:05 PM CDT 2026
FAILED 86414795_112 at Fri Sep  4 01:07:06 PM CDT 2026
PAUSE after 1 conversions: cooldown 30s + cleanup
Finished at Fri Sep  4 01:07:42 PM CDT 2026
total=514 skipped=512 empty_skipped=0 converted=0 failed=2 workers=1
Starting batch (offbeamlight, tpc=1) at Fri Sep  4 01:11:35 PM CDT 2026 parallel=0 workers=1 pause_every=1
Input:  /pnfs/sbnd/scratch/users/munjung/v10_06_00/raw-SBND_DATA_InTimeCosmics_offbeamlight/waveforms
Output: /pnfs/sbnd/scratch/users/munjung/v10_06_00/raw-SBND_DATA_InTimeCosmics_offbeamlight/h5 (g4-raw-1_*.h5)
User memory budget: 37 GiB, currently used: 14 GiB
Converting 86414790_107 at Fri Sep  4 01:11:35 PM CDT 2026
FAILED 86414790_107 at Fri Sep  4 01:11:36 PM CDT 2026
PAUSE after 1 conversions: cooldown 30s + cleanup
Converting 86414795_112 at Fri Sep  4 01:12:08 PM CDT 2026
FAILED 86414795_112 at Fri Sep  4 01:12:09 PM CDT 2026
PAUSE after 1 conversions: cooldown 30s + cleanup
Finished at Fri Sep  4 01:12:44 PM CDT 2026
total=514 skipped=512 empty_skipped=0 converted=0 failed=2 workers=1
Starting batch (offbeamlight, tpc=1) at Fri Sep  4 01:16:38 PM CDT 2026 parallel=0 workers=1 pause_every=1
Input:  /pnfs/sbnd/scratch/users/munjung/v10_06_00/raw-SBND_DATA_InTimeCosmics_offbeamlight/waveforms
Output: /pnfs/sbnd/scratch/users/munjung/v10_06_00/raw-SBND_DATA_InTimeCosmics_offbeamlight/h5 (g4-raw-1_*.h5)
User memory budget: 37 GiB, currently used: 14 GiB
Converting 86414790_107 at Fri Sep  4 01:16:38 PM CDT 2026
FAILED 86414790_107 at Fri Sep  4 01:16:38 PM CDT 2026
PAUSE after 1 conversions: cooldown 30s + cleanup
Converting 86414795_112 at Fri Sep  4 01:17:11 PM CDT 2026
FAILED 86414795_112 at Fri Sep  4 01:17:11 PM CDT 2026
PAUSE after 1 conversions: cooldown 30s + cleanup
Finished at Fri Sep  4 01:17:46 PM CDT 2026
total=514 skipped=512 empty_skipped=0 converted=0 failed=2 workers=1
Starting batch (offbeamlight, tpc=1) at Fri Sep  4 01:21:40 PM CDT 2026 parallel=0 workers=1 pause_every=1
Input:  /pnfs/sbnd/scratch/users/munjung/v10_06_00/raw-SBND_DATA_InTimeCosmics_offbeamlight/waveforms
Output: /pnfs/sbnd/scratch/users/munjung/v10_06_00/raw-SBND_DATA_InTimeCosmics_offbeamlight/h5 (g4-raw-1_*.h5)
User memory budget: 37 GiB, currently used: 14 GiB
Converting 86414790_107 at Fri Sep  4 01:21:40 PM CDT 2026
FAILED 86414790_107 at Fri Sep  4 01:21:41 PM CDT 2026
PAUSE after 1 conversions: cooldown 30s + cleanup
Converting 86414795_112 at Fri Sep  4 01:22:13 PM CDT 2026
FAILED 86414795_112 at Fri Sep  4 01:22:14 PM CDT 2026
PAUSE after 1 conversions: cooldown 30s + cleanup
Finished at Fri Sep  4 01:22:49 PM CDT 2026
total=514 skipped=512 empty_skipped=0 converted=0 failed=2 workers=1
Starting batch (offbeamlight, tpc=1) at Fri Sep  4 01:26:43 PM CDT 2026 parallel=0 workers=1 pause_every=1
Input:  /pnfs/sbnd/scratch/users/munjung/v10_06_00/raw-SBND_DATA_InTimeCosmics_offbeamlight/waveforms
Output: /pnfs/sbnd/scratch/users/munjung/v10_06_00/raw-SBND_DATA_InTimeCosmics_offbeamlight/h5 (g4-raw-1_*.h5)
User memory budget: 37 GiB, currently used: 15 GiB
Converting 86414790_107 at Fri Sep  4 01:26:44 PM CDT 2026
FAILED 86414790_107 at Fri Sep  4 01:26:44 PM CDT 2026
PAUSE after 1 conversions: cooldown 30s + cleanup
Converting 86414795_112 at Fri Sep  4 01:27:17 PM CDT 2026
FAILED 86414795_112 at Fri Sep  4 01:27:17 PM CDT 2026
PAUSE after 1 conversions: cooldown 30s + cleanup
Finished at Fri Sep  4 01:27:53 PM CDT 2026
total=514 skipped=512 empty_skipped=0 converted=0 failed=2 workers=1
