[2026-09-02 01:37:48] Monitor started (pid=3831945, interval=300s, user=munjung, user_mem_max=30%)
[2026-09-02 01:37:49] PROGRESS done=3/238 converted=0 workers=1/1 active current='SKIP (no waveform.root): 71789149_2;SKIP (no waveform.root): 71789151_4;Converting 71789160_13 at Wed Sep  2 01:37:48 AM CDT 2026 [worker 3831944];' user_mem=20.64GiB(16.5%) job_mem=0.03GiB sys_used=21.7% mem_avail=97.9GiB zombies=0 batch_running=yes
[2026-09-02 01:42:49] PROGRESS done=3/238 converted=0 workers=1/1 active current='SKIP (no waveform.root): 71789149_2;SKIP (no waveform.root): 71789151_4;Converting 71789160_13 at Wed Sep  2 01:37:48 AM CDT 2026 [worker 3831944];' user_mem=83.23GiB(66.5%) job_mem=64.45GiB sys_used=71.1% mem_avail=36.2GiB zombies=0 batch_running=yes
[2026-09-02 01:42:49] STOPPING batch (user memory > 30% (user_mem=66.6%))
[2026-09-02 01:42:50] Sending TERM to wvfm2h5.py pid=3832047
[2026-09-02 01:42:50] Sending TERM to batch pid=3831944
[2026-09-02 01:42:50] Sending TERM to batch pid=3832038
[2026-09-02 01:43:02] Batch stopped. Checkpoint saved to /exp/sbnd/app/users/munjung/anomaly-detection/logs/wvfm2h5_checkpoint_crossingmuon.txt
[2026-09-02 01:43:02] Cooling down for 120s before resume
[2026-09-02 01:45:02] PROGRESS done=3/238 converted=0 workers=1/0 active current='SKIP (no waveform.root): 71789149_2;SKIP (no waveform.root): 71789151_4;Converting 71789160_13 at Wed Sep  2 01:37:48 AM CDT 2026 [worker 3831944];' user_mem=18.71GiB(15.0%) job_mem=0.01GiB sys_used=20.2% mem_avail=99.8GiB zombies=0 batch_running=no
[2026-09-02 01:45:03] STARTING batch from checkpoint
[2026-09-02 01:45:03] Started batch pid=3844222
[2026-09-02 01:50:03] PROGRESS done=3/238 converted=0 workers=1/1 active current='SKIP (no waveform.root): 71789151_4;Converting 71789160_13 at Wed Sep  2 01:37:48 AM CDT 2026 [worker 3831944];Converting 71789160_13 at Wed Sep  2 01:45:05 AM CDT 2026 [worker 3844222];' user_mem=93.80GiB(75.0%) job_mem=75.11GiB sys_used=79.5% mem_avail=25.7GiB zombies=0 batch_running=yes
[2026-09-02 01:50:03] STOPPING batch (user memory > 30% (user_mem=75.0%))
[2026-09-02 01:50:04] Sending TERM to wvfm2h5.py pid=3844479
[2026-09-02 01:50:04] Sending TERM to batch pid=3844222
[2026-09-02 01:50:04] Sending TERM to batch pid=3844280
[2026-09-02 01:50:16] Batch stopped. Checkpoint saved to /exp/sbnd/app/users/munjung/anomaly-detection/logs/wvfm2h5_checkpoint_crossingmuon.txt
[2026-09-02 01:50:16] Cooling down for 120s before resume
[2026-09-02 01:52:16] PROGRESS done=3/238 converted=0 workers=1/0 active current='SKIP (no waveform.root): 71789151_4;Converting 71789160_13 at Wed Sep  2 01:37:48 AM CDT 2026 [worker 3831944];Converting 71789160_13 at Wed Sep  2 01:45:05 AM CDT 2026 [worker 3844222];' user_mem=18.71GiB(15.0%) job_mem=0.01GiB sys_used=20.2% mem_avail=99.8GiB zombies=0 batch_running=no
[2026-09-02 01:52:16] STARTING batch from checkpoint
[2026-09-02 01:52:16] Started batch pid=3855442
[2026-09-02 01:57:17] PROGRESS done=3/238 converted=0 workers=1/1 active current='Converting 71789160_13 at Wed Sep  2 01:37:48 AM CDT 2026 [worker 3831944];Converting 71789160_13 at Wed Sep  2 01:45:05 AM CDT 2026 [worker 3844222];Converting 71789160_13 at Wed Sep  2 01:52:18 AM CDT 2026 [worker 3855442];' user_mem=76.03GiB(60.8%) job_mem=57.32GiB sys_used=65.2% mem_avail=43.5GiB zombies=0 batch_running=yes
[2026-09-02 01:57:17] STOPPING batch (user memory > 30% (user_mem=60.8%))
[2026-09-02 01:57:17] Sending TERM to wvfm2h5.py pid=3855515
[2026-09-02 01:57:17] Sending TERM to batch pid=3855442
[2026-09-02 01:57:17] Sending TERM to batch pid=3855473
[2026-09-02 01:57:30] Batch stopped. Checkpoint saved to /exp/sbnd/app/users/munjung/anomaly-detection/logs/wvfm2h5_checkpoint_crossingmuon.txt
[2026-09-02 01:57:30] Cooling down for 120s before resume
[2026-09-02 01:59:30] PROGRESS done=3/238 converted=0 workers=1/0 active current='Converting 71789160_13 at Wed Sep  2 01:37:48 AM CDT 2026 [worker 3831944];Converting 71789160_13 at Wed Sep  2 01:45:05 AM CDT 2026 [worker 3844222];Converting 71789160_13 at Wed Sep  2 01:52:18 AM CDT 2026 [worker 3855442];' user_mem=19.42GiB(15.5%) job_mem=0.01GiB sys_used=20.6% mem_avail=99.4GiB zombies=0 batch_running=no
[2026-09-02 01:59:30] STARTING batch from checkpoint
[2026-09-02 01:59:30] Started batch pid=3865647
[2026-09-02 02:04:31] PROGRESS done=3/238 converted=0 workers=1/1 active current='Converting 71789160_13 at Wed Sep  2 01:45:05 AM CDT 2026 [worker 3844222];Converting 71789160_13 at Wed Sep  2 01:52:18 AM CDT 2026 [worker 3855442];Converting 71789160_13 at Wed Sep  2 01:59:32 AM CDT 2026 [worker 3865647];' user_mem=97.96GiB(78.3%) job_mem=78.60GiB sys_used=82.7% mem_avail=21.6GiB zombies=0 batch_running=yes
[2026-09-02 02:04:31] STOPPING batch (user memory > 30% (user_mem=78.3%))
[2026-09-02 02:04:31] Sending TERM to wvfm2h5.py pid=3865701
[2026-09-02 02:04:31] Sending TERM to batch pid=3865647
[2026-09-02 02:04:31] Sending TERM to batch pid=3865678
[2026-09-02 02:04:43] Batch stopped. Checkpoint saved to /exp/sbnd/app/users/munjung/anomaly-detection/logs/wvfm2h5_checkpoint_crossingmuon.txt
[2026-09-02 02:04:43] Cooling down for 120s before resume
[2026-09-02 02:06:44] PROGRESS done=3/238 converted=0 workers=1/0 active current='Converting 71789160_13 at Wed Sep  2 01:45:05 AM CDT 2026 [worker 3844222];Converting 71789160_13 at Wed Sep  2 01:52:18 AM CDT 2026 [worker 3855442];Converting 71789160_13 at Wed Sep  2 01:59:32 AM CDT 2026 [worker 3865647];' user_mem=19.38GiB(15.5%) job_mem=0.01GiB sys_used=20.7% mem_avail=99.2GiB zombies=0 batch_running=no
[2026-09-02 02:06:44] STARTING batch from checkpoint
[2026-09-02 02:06:44] Started batch pid=3877154
[2026-09-02 02:11:45] PROGRESS done=3/238 converted=0 workers=1/1 active current='Converting 71789160_13 at Wed Sep  2 01:52:18 AM CDT 2026 [worker 3855442];Converting 71789160_13 at Wed Sep  2 01:59:32 AM CDT 2026 [worker 3865647];Converting 71789160_13 at Wed Sep  2 02:06:45 AM CDT 2026 [worker 3877154];' user_mem=102.37GiB(81.8%) job_mem=82.93GiB sys_used=86.3% mem_avail=17.1GiB zombies=0 batch_running=yes
[2026-09-02 02:11:45] STOPPING batch (user memory > 30% (user_mem=81.8%))
[2026-09-02 02:11:45] Sending TERM to wvfm2h5.py pid=3877203
[2026-09-02 02:11:45] Sending TERM to batch pid=3877154
[2026-09-02 02:11:45] Sending TERM to batch pid=3877184
[2026-09-02 02:11:57] Batch stopped. Checkpoint saved to /exp/sbnd/app/users/munjung/anomaly-detection/logs/wvfm2h5_checkpoint_crossingmuon.txt
[2026-09-02 02:11:57] Cooling down for 120s before resume
[2026-09-02 02:13:58] PROGRESS done=3/238 converted=0 workers=1/0 active current='Converting 71789160_13 at Wed Sep  2 01:52:18 AM CDT 2026 [worker 3855442];Converting 71789160_13 at Wed Sep  2 01:59:32 AM CDT 2026 [worker 3865647];Converting 71789160_13 at Wed Sep  2 02:06:45 AM CDT 2026 [worker 3877154];' user_mem=19.43GiB(15.5%) job_mem=0.01GiB sys_used=20.6% mem_avail=99.4GiB zombies=0 batch_running=no
[2026-09-02 02:13:58] STARTING batch from checkpoint
[2026-09-02 02:13:58] Started batch pid=3889661
[2026-09-02 02:18:58] PROGRESS done=3/238 converted=0 workers=1/1 active current='Converting 71789160_13 at Wed Sep  2 01:59:32 AM CDT 2026 [worker 3865647];Converting 71789160_13 at Wed Sep  2 02:06:45 AM CDT 2026 [worker 3877154];Converting 71789160_13 at Wed Sep  2 02:14:00 AM CDT 2026 [worker 3889661];' user_mem=85.20GiB(68.1%) job_mem=65.80GiB sys_used=72.5% mem_avail=34.4GiB zombies=0 batch_running=yes
[2026-09-02 02:18:59] STOPPING batch (user memory > 30% (user_mem=68.2%))
[2026-09-02 02:18:59] Sending TERM to wvfm2h5.py pid=3889729
[2026-09-02 02:18:59] Sending TERM to batch pid=3889661
[2026-09-02 02:18:59] Sending TERM to batch pid=3889691
[2026-09-02 02:19:11] Batch stopped. Checkpoint saved to /exp/sbnd/app/users/munjung/anomaly-detection/logs/wvfm2h5_checkpoint_crossingmuon.txt
[2026-09-02 02:19:11] Cooling down for 120s before resume
[2026-09-02 02:21:12] PROGRESS done=3/238 converted=0 workers=1/0 active current='Converting 71789160_13 at Wed Sep  2 01:59:32 AM CDT 2026 [worker 3865647];Converting 71789160_13 at Wed Sep  2 02:06:45 AM CDT 2026 [worker 3877154];Converting 71789160_13 at Wed Sep  2 02:14:00 AM CDT 2026 [worker 3889661];' user_mem=19.43GiB(15.5%) job_mem=0.01GiB sys_used=20.6% mem_avail=99.4GiB zombies=0 batch_running=no
[2026-09-02 02:21:12] STARTING batch from checkpoint
[2026-09-02 02:21:12] Started batch pid=3901283
[2026-09-02 02:26:12] PROGRESS done=3/238 converted=0 workers=1/1 active current='Converting 71789160_13 at Wed Sep  2 02:06:45 AM CDT 2026 [worker 3877154];Converting 71789160_13 at Wed Sep  2 02:14:00 AM CDT 2026 [worker 3889661];Converting 71789160_13 at Wed Sep  2 02:21:14 AM CDT 2026 [worker 3901283];' user_mem=96.33GiB(77.0%) job_mem=76.88GiB sys_used=81.4% mem_avail=23.3GiB zombies=0 batch_running=yes
[2026-09-02 02:26:13] STOPPING batch (user memory > 30% (user_mem=77.0%))
[2026-09-02 02:26:13] Sending TERM to wvfm2h5.py pid=3901735
[2026-09-02 02:26:13] Sending TERM to batch pid=3901283
[2026-09-02 02:26:13] Sending TERM to batch pid=3901313
[2026-09-02 02:26:25] Batch stopped. Checkpoint saved to /exp/sbnd/app/users/munjung/anomaly-detection/logs/wvfm2h5_checkpoint_crossingmuon.txt
[2026-09-02 02:26:25] Cooling down for 120s before resume
[2026-09-02 02:28:26] PROGRESS done=3/238 converted=0 workers=1/0 active current='Converting 71789160_13 at Wed Sep  2 02:06:45 AM CDT 2026 [worker 3877154];Converting 71789160_13 at Wed Sep  2 02:14:00 AM CDT 2026 [worker 3889661];Converting 71789160_13 at Wed Sep  2 02:21:14 AM CDT 2026 [worker 3901283];' user_mem=19.47GiB(15.6%) job_mem=0.01GiB sys_used=20.6% mem_avail=99.3GiB zombies=0 batch_running=no
[2026-09-02 02:28:26] STARTING batch from checkpoint
[2026-09-02 02:28:26] Started batch pid=3913904
[2026-09-02 02:33:26] PROGRESS done=3/238 converted=0 workers=1/1 active current='Converting 71789160_13 at Wed Sep  2 02:14:00 AM CDT 2026 [worker 3889661];Converting 71789160_13 at Wed Sep  2 02:21:14 AM CDT 2026 [worker 3901283];Converting 71789160_13 at Wed Sep  2 02:28:27 AM CDT 2026 [worker 3913904];' user_mem=96.16GiB(76.8%) job_mem=76.70GiB sys_used=81.3% mem_avail=23.4GiB zombies=0 batch_running=yes
[2026-09-02 02:33:26] STOPPING batch (user memory > 30% (user_mem=76.8%))
[2026-09-02 02:33:27] Sending TERM to wvfm2h5.py pid=3913947
[2026-09-02 02:33:27] Sending TERM to batch pid=3913904
[2026-09-02 02:33:27] Sending TERM to batch pid=3913934
[2026-09-02 02:33:39] Batch stopped. Checkpoint saved to /exp/sbnd/app/users/munjung/anomaly-detection/logs/wvfm2h5_checkpoint_crossingmuon.txt
[2026-09-02 02:33:39] Cooling down for 120s before resume
[2026-09-02 02:35:39] PROGRESS done=3/238 converted=0 workers=1/0 active current='Converting 71789160_13 at Wed Sep  2 02:14:00 AM CDT 2026 [worker 3889661];Converting 71789160_13 at Wed Sep  2 02:21:14 AM CDT 2026 [worker 3901283];Converting 71789160_13 at Wed Sep  2 02:28:27 AM CDT 2026 [worker 3913904];' user_mem=19.47GiB(15.6%) job_mem=0.01GiB sys_used=20.6% mem_avail=99.3GiB zombies=0 batch_running=no
[2026-09-02 02:35:40] STARTING batch from checkpoint
[2026-09-02 02:35:40] Started batch pid=3925346
[2026-09-02 02:40:40] PROGRESS done=3/238 converted=0 workers=1/1 active current='Converting 71789160_13 at Wed Sep  2 02:21:14 AM CDT 2026 [worker 3901283];Converting 71789160_13 at Wed Sep  2 02:28:27 AM CDT 2026 [worker 3913904];Converting 71789160_13 at Wed Sep  2 02:35:41 AM CDT 2026 [worker 3925346];' user_mem=63.33GiB(50.6%) job_mem=43.84GiB sys_used=56.2% mem_avail=54.8GiB zombies=0 batch_running=yes
[2026-09-02 02:40:40] STOPPING batch (user memory > 30% (user_mem=50.7%))
[2026-09-02 02:40:40] Sending TERM to wvfm2h5.py pid=3925396
[2026-09-02 02:40:40] Sending TERM to batch pid=3925346
[2026-09-02 02:40:40] Sending TERM to batch pid=3925376
[2026-09-02 02:40:53] Batch stopped. Checkpoint saved to /exp/sbnd/app/users/munjung/anomaly-detection/logs/wvfm2h5_checkpoint_crossingmuon.txt
[2026-09-02 02:40:53] Cooling down for 120s before resume
[2026-09-02 02:42:53] PROGRESS done=3/238 converted=0 workers=1/0 active current='Converting 71789160_13 at Wed Sep  2 02:21:14 AM CDT 2026 [worker 3901283];Converting 71789160_13 at Wed Sep  2 02:28:27 AM CDT 2026 [worker 3913904];Converting 71789160_13 at Wed Sep  2 02:35:41 AM CDT 2026 [worker 3925346];' user_mem=19.50GiB(15.6%) job_mem=0.01GiB sys_used=20.9% mem_avail=98.9GiB zombies=0 batch_running=no
[2026-09-02 02:42:53] STARTING batch from checkpoint
[2026-09-02 02:42:53] Started batch pid=3936819
[2026-09-02 02:47:54] PROGRESS done=3/238 converted=0 workers=1/1 active current='Converting 71789160_13 at Wed Sep  2 02:28:27 AM CDT 2026 [worker 3913904];Converting 71789160_13 at Wed Sep  2 02:35:41 AM CDT 2026 [worker 3925346];Converting 71789160_13 at Wed Sep  2 02:42:55 AM CDT 2026 [worker 3936819];' user_mem=90.03GiB(71.9%) job_mem=70.53GiB sys_used=76.4% mem_avail=29.5GiB zombies=0 batch_running=yes
[2026-09-02 02:47:54] STOPPING batch (user memory > 30% (user_mem=71.9%))
[2026-09-02 02:47:54] Sending TERM to wvfm2h5.py pid=3936870
[2026-09-02 02:47:54] Sending TERM to batch pid=3936819
[2026-09-02 02:47:54] Sending TERM to batch pid=3936849
[2026-09-02 02:48:06] Batch stopped. Checkpoint saved to /exp/sbnd/app/users/munjung/anomaly-detection/logs/wvfm2h5_checkpoint_crossingmuon.txt
[2026-09-02 02:48:06] Cooling down for 120s before resume
[2026-09-02 02:50:07] PROGRESS done=3/238 converted=0 workers=1/0 active current='Converting 71789160_13 at Wed Sep  2 02:28:27 AM CDT 2026 [worker 3913904];Converting 71789160_13 at Wed Sep  2 02:35:41 AM CDT 2026 [worker 3925346];Converting 71789160_13 at Wed Sep  2 02:42:55 AM CDT 2026 [worker 3936819];' user_mem=19.52GiB(15.6%) job_mem=0.01GiB sys_used=20.5% mem_avail=99.5GiB zombies=0 batch_running=no
[2026-09-02 02:50:07] STARTING batch from checkpoint
[2026-09-02 02:50:07] Started batch pid=3948591
[2026-09-02 02:55:08] PROGRESS done=3/238 converted=0 workers=1/1 active current='Converting 71789160_13 at Wed Sep  2 02:35:41 AM CDT 2026 [worker 3925346];Converting 71789160_13 at Wed Sep  2 02:42:55 AM CDT 2026 [worker 3936819];Converting 71789160_13 at Wed Sep  2 02:50:08 AM CDT 2026 [worker 3948591];' user_mem=83.11GiB(66.4%) job_mem=63.64GiB sys_used=70.9% mem_avail=36.5GiB zombies=0 batch_running=yes
[2026-09-02 02:55:08] STOPPING batch (user memory > 30% (user_mem=66.5%))
[2026-09-02 02:55:08] Sending TERM to wvfm2h5.py pid=3948654
[2026-09-02 02:55:08] Sending TERM to batch pid=3948591
[2026-09-02 02:55:08] Sending TERM to batch pid=3948621
[2026-09-02 02:55:20] Batch stopped. Checkpoint saved to /exp/sbnd/app/users/munjung/anomaly-detection/logs/wvfm2h5_checkpoint_crossingmuon.txt
[2026-09-02 02:55:20] Cooling down for 120s before resume
[2026-09-02 02:57:21] PROGRESS done=3/238 converted=0 workers=1/0 active current='Converting 71789160_13 at Wed Sep  2 02:35:41 AM CDT 2026 [worker 3925346];Converting 71789160_13 at Wed Sep  2 02:42:55 AM CDT 2026 [worker 3936819];Converting 71789160_13 at Wed Sep  2 02:50:08 AM CDT 2026 [worker 3948591];' user_mem=26.22GiB(21.0%) job_mem=0.01GiB sys_used=26.0% mem_avail=92.6GiB zombies=0 batch_running=no
[2026-09-02 02:57:21] STARTING batch from checkpoint
[2026-09-02 02:57:21] Started batch pid=3958916
[2026-09-02 03:02:22] PROGRESS done=3/238 converted=0 workers=1/1 active current='Converting 71789160_13 at Wed Sep  2 02:42:55 AM CDT 2026 [worker 3936819];Converting 71789160_13 at Wed Sep  2 02:50:08 AM CDT 2026 [worker 3948591];Converting 71789160_13 at Wed Sep  2 02:57:23 AM CDT 2026 [worker 3958916];' user_mem=94.41GiB(75.4%) job_mem=74.88GiB sys_used=79.9% mem_avail=25.2GiB zombies=0 batch_running=yes
[2026-09-02 03:02:22] STOPPING batch (user memory > 30% (user_mem=75.4%))
[2026-09-02 03:02:22] Sending TERM to wvfm2h5.py pid=3959305
[2026-09-02 03:02:22] Sending TERM to batch pid=3958916
[2026-09-02 03:02:22] Sending TERM to batch pid=3958946
[2026-09-02 03:02:34] Batch stopped. Checkpoint saved to /exp/sbnd/app/users/munjung/anomaly-detection/logs/wvfm2h5_checkpoint_crossingmuon.txt
[2026-09-02 03:02:34] Cooling down for 120s before resume
[2026-09-02 03:04:35] PROGRESS done=3/238 converted=0 workers=1/0 active current='Converting 71789160_13 at Wed Sep  2 02:42:55 AM CDT 2026 [worker 3936819];Converting 71789160_13 at Wed Sep  2 02:50:08 AM CDT 2026 [worker 3948591];Converting 71789160_13 at Wed Sep  2 02:57:23 AM CDT 2026 [worker 3958916];' user_mem=20.15GiB(16.1%) job_mem=0.01GiB sys_used=21.2% mem_avail=98.6GiB zombies=0 batch_running=no
[2026-09-02 03:04:35] STARTING batch from checkpoint
[2026-09-02 03:04:35] Started batch pid=3971746
[2026-09-02 03:09:35] PROGRESS done=3/238 converted=0 workers=1/1 active current='Converting 71789160_13 at Wed Sep  2 02:50:08 AM CDT 2026 [worker 3948591];Converting 71789160_13 at Wed Sep  2 02:57:23 AM CDT 2026 [worker 3958916];Converting 71789160_13 at Wed Sep  2 03:04:36 AM CDT 2026 [worker 3971746];' user_mem=101.52GiB(81.1%) job_mem=82.04GiB sys_used=85.7% mem_avail=17.9GiB zombies=0 batch_running=yes
[2026-09-02 03:09:35] STOPPING batch (user memory > 30% (user_mem=81.1%))
[2026-09-02 03:09:36] Sending TERM to wvfm2h5.py pid=3971828
[2026-09-02 03:09:36] Sending TERM to batch pid=3971746
[2026-09-02 03:09:36] Sending TERM to batch pid=3971777
[2026-09-02 03:09:48] Batch stopped. Checkpoint saved to /exp/sbnd/app/users/munjung/anomaly-detection/logs/wvfm2h5_checkpoint_crossingmuon.txt
[2026-09-02 03:09:48] Cooling down for 120s before resume
[2026-09-02 03:11:49] PROGRESS done=3/238 converted=0 workers=1/0 active current='Converting 71789160_13 at Wed Sep  2 02:50:08 AM CDT 2026 [worker 3948591];Converting 71789160_13 at Wed Sep  2 02:57:23 AM CDT 2026 [worker 3958916];Converting 71789160_13 at Wed Sep  2 03:04:36 AM CDT 2026 [worker 3971746];' user_mem=19.45GiB(15.5%) job_mem=0.01GiB sys_used=20.9% mem_avail=99.0GiB zombies=0 batch_running=no
[2026-09-02 03:11:49] STARTING batch from checkpoint
[2026-09-02 03:11:49] Started batch pid=3983990
[2026-09-02 03:16:49] PROGRESS done=3/238 converted=0 workers=1/1 active current='Converting 71789160_13 at Wed Sep  2 02:57:23 AM CDT 2026 [worker 3958916];Converting 71789160_13 at Wed Sep  2 03:04:36 AM CDT 2026 [worker 3971746];Converting 71789160_13 at Wed Sep  2 03:11:50 AM CDT 2026 [worker 3983990];' user_mem=81.93GiB(65.5%) job_mem=62.50GiB sys_used=70.9% mem_avail=36.4GiB zombies=0 batch_running=yes
[2026-09-02 03:16:49] STOPPING batch (user memory > 30% (user_mem=65.5%))
[2026-09-02 03:16:50] Sending TERM to wvfm2h5.py pid=3984060
[2026-09-02 03:16:50] Sending TERM to batch pid=3983990
[2026-09-02 03:16:50] Sending TERM to batch pid=3984039
[2026-09-02 03:17:02] Batch stopped. Checkpoint saved to /exp/sbnd/app/users/munjung/anomaly-detection/logs/wvfm2h5_checkpoint_crossingmuon.txt
[2026-09-02 03:17:02] Cooling down for 120s before resume
[2026-09-02 03:19:03] PROGRESS done=3/238 converted=0 workers=1/0 active current='Converting 71789160_13 at Wed Sep  2 02:57:23 AM CDT 2026 [worker 3958916];Converting 71789160_13 at Wed Sep  2 03:04:36 AM CDT 2026 [worker 3971746];Converting 71789160_13 at Wed Sep  2 03:11:50 AM CDT 2026 [worker 3983990];' user_mem=19.44GiB(15.5%) job_mem=0.01GiB sys_used=21.8% mem_avail=97.9GiB zombies=0 batch_running=no
[2026-09-02 03:19:03] STARTING batch from checkpoint
[2026-09-02 03:19:03] Started batch pid=3997155
[2026-09-02 03:24:03] PROGRESS done=3/238 converted=0 workers=1/1 active current='Converting 71789160_13 at Wed Sep  2 03:04:36 AM CDT 2026 [worker 3971746];Converting 71789160_13 at Wed Sep  2 03:11:50 AM CDT 2026 [worker 3983990];Converting 71789160_13 at Wed Sep  2 03:19:05 AM CDT 2026 [worker 3997155];' user_mem=86.49GiB(69.1%) job_mem=67.06GiB sys_used=75.3% mem_avail=30.9GiB zombies=0 batch_running=yes
[2026-09-02 03:24:04] STOPPING batch (user memory > 30% (user_mem=69.1%))
[2026-09-02 03:24:04] Sending TERM to wvfm2h5.py pid=3997202
[2026-09-02 03:24:04] Sending TERM to batch pid=3997155
[2026-09-02 03:24:04] Sending TERM to batch pid=3997185
[2026-09-02 03:24:16] Batch stopped. Checkpoint saved to /exp/sbnd/app/users/munjung/anomaly-detection/logs/wvfm2h5_checkpoint_crossingmuon.txt
[2026-09-02 03:24:16] Cooling down for 120s before resume
[2026-09-02 03:26:17] PROGRESS done=3/238 converted=0 workers=1/0 active current='Converting 71789160_13 at Wed Sep  2 03:04:36 AM CDT 2026 [worker 3971746];Converting 71789160_13 at Wed Sep  2 03:11:50 AM CDT 2026 [worker 3983990];Converting 71789160_13 at Wed Sep  2 03:19:05 AM CDT 2026 [worker 3997155];' user_mem=19.45GiB(15.5%) job_mem=0.01GiB sys_used=22.7% mem_avail=96.7GiB zombies=0 batch_running=no
[2026-09-02 03:26:17] STARTING batch from checkpoint
[2026-09-02 03:26:17] Started batch pid=4009774
[2026-09-02 03:31:17] PROGRESS done=3/238 converted=0 workers=1/1 active current='Converting 71789160_13 at Wed Sep  2 03:11:50 AM CDT 2026 [worker 3983990];Converting 71789160_13 at Wed Sep  2 03:19:05 AM CDT 2026 [worker 3997155];Converting 71789160_13 at Wed Sep  2 03:26:18 AM CDT 2026 [worker 4009774];' user_mem=88.66GiB(70.8%) job_mem=69.21GiB sys_used=77.5% mem_avail=28.2GiB zombies=0 batch_running=yes
[2026-09-02 03:31:18] STOPPING batch (user memory > 30% (user_mem=70.9%))
[2026-09-02 03:31:18] Sending TERM to wvfm2h5.py pid=4009829
[2026-09-02 03:31:18] Sending TERM to batch pid=4009774
[2026-09-02 03:31:18] Sending TERM to batch pid=4009804
[2026-09-02 03:31:30] Batch stopped. Checkpoint saved to /exp/sbnd/app/users/munjung/anomaly-detection/logs/wvfm2h5_checkpoint_crossingmuon.txt
[2026-09-02 03:31:30] Cooling down for 120s before resume
[2026-09-02 03:33:31] PROGRESS done=3/238 converted=0 workers=1/0 active current='Converting 71789160_13 at Wed Sep  2 03:11:50 AM CDT 2026 [worker 3983990];Converting 71789160_13 at Wed Sep  2 03:19:05 AM CDT 2026 [worker 3997155];Converting 71789160_13 at Wed Sep  2 03:26:18 AM CDT 2026 [worker 4009774];' user_mem=19.44GiB(15.5%) job_mem=0.01GiB sys_used=22.8% mem_avail=96.6GiB zombies=0 batch_running=no
[2026-09-02 03:33:31] STARTING batch from checkpoint
[2026-09-02 03:33:31] Started batch pid=4021736
[2026-09-02 03:38:32] PROGRESS done=3/238 converted=0 workers=1/1 active current='Converting 71789160_13 at Wed Sep  2 03:19:05 AM CDT 2026 [worker 3997155];Converting 71789160_13 at Wed Sep  2 03:26:18 AM CDT 2026 [worker 4009774];Converting 71789160_13 at Wed Sep  2 03:33:32 AM CDT 2026 [worker 4021736];' user_mem=99.15GiB(79.2%) job_mem=79.47GiB sys_used=86.3% mem_avail=17.2GiB zombies=0 batch_running=yes
[2026-09-02 03:38:32] STOPPING batch (user memory > 30% (user_mem=79.3%))
[2026-09-02 03:38:32] Sending TERM to wvfm2h5.py pid=4021778
[2026-09-02 03:38:32] Sending TERM to batch pid=4021736
[2026-09-02 03:38:32] Sending TERM to batch pid=4021766
[2026-09-02 03:38:44] Batch stopped. Checkpoint saved to /exp/sbnd/app/users/munjung/anomaly-detection/logs/wvfm2h5_checkpoint_crossingmuon.txt
[2026-09-02 03:38:44] Cooling down for 120s before resume
[2026-09-02 03:40:45] PROGRESS done=3/238 converted=0 workers=1/0 active current='Converting 71789160_13 at Wed Sep  2 03:19:05 AM CDT 2026 [worker 3997155];Converting 71789160_13 at Wed Sep  2 03:26:18 AM CDT 2026 [worker 4009774];Converting 71789160_13 at Wed Sep  2 03:33:32 AM CDT 2026 [worker 4021736];' user_mem=19.66GiB(15.7%) job_mem=0.01GiB sys_used=23.6% mem_avail=95.7GiB zombies=0 batch_running=no
[2026-09-02 03:40:45] STARTING batch from checkpoint
[2026-09-02 03:40:45] Started batch pid=4037425
[2026-09-02 03:45:46] PROGRESS done=3/238 converted=0 workers=1/1 active current='Converting 71789160_13 at Wed Sep  2 03:26:18 AM CDT 2026 [worker 4009774];Converting 71789160_13 at Wed Sep  2 03:33:32 AM CDT 2026 [worker 4021736];Converting 71789160_13 at Wed Sep  2 03:40:46 AM CDT 2026 [worker 4037425];' user_mem=90.34GiB(72.2%) job_mem=70.73GiB sys_used=79.6% mem_avail=25.5GiB zombies=0 batch_running=yes
[2026-09-02 03:45:46] STOPPING batch (user memory > 30% (user_mem=72.2%))
[2026-09-02 03:45:46] Sending TERM to wvfm2h5.py pid=4037471
[2026-09-02 03:45:46] Sending TERM to batch pid=4037425
[2026-09-02 03:45:46] Sending TERM to batch pid=4037458
[2026-09-02 03:45:58] Batch stopped. Checkpoint saved to /exp/sbnd/app/users/munjung/anomaly-detection/logs/wvfm2h5_checkpoint_crossingmuon.txt
[2026-09-02 03:45:58] Cooling down for 120s before resume
[2026-09-02 03:47:59] PROGRESS done=3/238 converted=0 workers=1/0 active current='Converting 71789160_13 at Wed Sep  2 03:26:18 AM CDT 2026 [worker 4009774];Converting 71789160_13 at Wed Sep  2 03:33:32 AM CDT 2026 [worker 4021736];Converting 71789160_13 at Wed Sep  2 03:40:46 AM CDT 2026 [worker 4037425];' user_mem=19.92GiB(15.9%) job_mem=0.01GiB sys_used=24.0% mem_avail=95.1GiB zombies=0 batch_running=no
[2026-09-02 03:47:59] STARTING batch from checkpoint
[2026-09-02 03:47:59] Started batch pid=4052438
[2026-09-02 03:53:00] PROGRESS done=3/238 converted=0 workers=1/1 active current='Converting 71789160_13 at Wed Sep  2 03:33:32 AM CDT 2026 [worker 4021736];Converting 71789160_13 at Wed Sep  2 03:40:46 AM CDT 2026 [worker 4037425];Converting 71789160_13 at Wed Sep  2 03:48:00 AM CDT 2026 [worker 4052438];' user_mem=82.49GiB(65.9%) job_mem=62.53GiB sys_used=74.2% mem_avail=32.3GiB zombies=0 batch_running=yes
[2026-09-02 03:53:00] STOPPING batch (user memory > 30% (user_mem=66.0%))
[2026-09-02 03:53:01] Sending TERM to wvfm2h5.py pid=4052502
[2026-09-02 03:53:01] Sending TERM to batch pid=4052438
[2026-09-02 03:53:01] Sending TERM to batch pid=4052471
[2026-09-02 03:53:13] Batch stopped. Checkpoint saved to /exp/sbnd/app/users/munjung/anomaly-detection/logs/wvfm2h5_checkpoint_crossingmuon.txt
[2026-09-02 03:53:13] Cooling down for 120s before resume
[2026-09-02 03:55:13] PROGRESS done=3/238 converted=0 workers=1/0 active current='Converting 71789160_13 at Wed Sep  2 03:33:32 AM CDT 2026 [worker 4021736];Converting 71789160_13 at Wed Sep  2 03:40:46 AM CDT 2026 [worker 4037425];Converting 71789160_13 at Wed Sep  2 03:48:00 AM CDT 2026 [worker 4052438];' user_mem=20.20GiB(16.1%) job_mem=0.01GiB sys_used=24.8% mem_avail=94.1GiB zombies=0 batch_running=no
[2026-09-02 03:55:14] STARTING batch from checkpoint
[2026-09-02 03:55:14] Started batch pid=4068106
[2026-09-02 04:00:14] PROGRESS done=3/238 converted=0 workers=1/1 active current='Converting 71789160_13 at Wed Sep  2 03:40:46 AM CDT 2026 [worker 4037425];Converting 71789160_13 at Wed Sep  2 03:48:00 AM CDT 2026 [worker 4052438];Converting 71789160_13 at Wed Sep  2 03:55:15 AM CDT 2026 [worker 4068106];' user_mem=76.47GiB(61.1%) job_mem=55.21GiB sys_used=69.8% mem_avail=37.8GiB zombies=0 batch_running=yes
[2026-09-02 04:00:15] STOPPING batch (user memory > 30% (user_mem=61.1%))
[2026-09-02 04:00:15] Sending TERM to wvfm2h5.py pid=4068162
[2026-09-02 04:00:15] Sending TERM to batch pid=4068106
[2026-09-02 04:00:15] Sending TERM to batch pid=4068136
[2026-09-02 04:00:27] Batch stopped. Checkpoint saved to /exp/sbnd/app/users/munjung/anomaly-detection/logs/wvfm2h5_checkpoint_crossingmuon.txt
[2026-09-02 04:00:27] Cooling down for 120s before resume
[2026-09-02 04:02:28] PROGRESS done=3/238 converted=0 workers=1/0 active current='Converting 71789160_13 at Wed Sep  2 03:40:46 AM CDT 2026 [worker 4037425];Converting 71789160_13 at Wed Sep  2 03:48:00 AM CDT 2026 [worker 4052438];Converting 71789160_13 at Wed Sep  2 03:55:15 AM CDT 2026 [worker 4068106];' user_mem=20.11GiB(16.1%) job_mem=0.01GiB sys_used=24.3% mem_avail=94.8GiB zombies=0 batch_running=no
[2026-09-02 04:02:28] STARTING batch from checkpoint
[2026-09-02 04:02:28] Started batch pid=4090056
[2026-09-02 04:07:29] PROGRESS done=3/238 converted=0 workers=1/1 active current='Converting 71789160_13 at Wed Sep  2 03:48:00 AM CDT 2026 [worker 4052438];Converting 71789160_13 at Wed Sep  2 03:55:15 AM CDT 2026 [worker 4068106];Converting 71789160_13 at Wed Sep  2 04:02:30 AM CDT 2026 [worker 4090056];' user_mem=92.83GiB(74.2%) job_mem=72.22GiB sys_used=82.4% mem_avail=22.0GiB zombies=0 batch_running=yes
[2026-09-02 04:07:29] STOPPING batch (user memory > 30% (user_mem=74.2%))
[2026-09-02 04:07:29] Sending TERM to wvfm2h5.py pid=4090154
[2026-09-02 04:07:29] Sending TERM to batch pid=4090056
[2026-09-02 04:07:29] Sending TERM to batch pid=4090086
[2026-09-02 04:07:41] Batch stopped. Checkpoint saved to /exp/sbnd/app/users/munjung/anomaly-detection/logs/wvfm2h5_checkpoint_crossingmuon.txt
[2026-09-02 04:07:41] Cooling down for 120s before resume
[2026-09-02 04:09:42] PROGRESS done=3/238 converted=0 workers=1/0 active current='Converting 71789160_13 at Wed Sep  2 03:48:00 AM CDT 2026 [worker 4052438];Converting 71789160_13 at Wed Sep  2 03:55:15 AM CDT 2026 [worker 4068106];Converting 71789160_13 at Wed Sep  2 04:02:30 AM CDT 2026 [worker 4090056];' user_mem=21.24GiB(17.0%) job_mem=0.01GiB sys_used=25.5% mem_avail=93.2GiB zombies=0 batch_running=no
[2026-09-02 04:09:42] STARTING batch from checkpoint
[2026-09-02 04:09:42] Started batch pid=4103863
[2026-09-02 04:14:43] PROGRESS done=3/238 converted=0 workers=1/1 active current='Converting 71789160_13 at Wed Sep  2 03:55:15 AM CDT 2026 [worker 4068106];Converting 71789160_13 at Wed Sep  2 04:02:30 AM CDT 2026 [worker 4090056];Converting 71789160_13 at Wed Sep  2 04:09:43 AM CDT 2026 [worker 4103863];' user_mem=84.36GiB(67.4%) job_mem=63.63GiB sys_used=75.2% mem_avail=31.1GiB zombies=0 batch_running=yes
[2026-09-02 04:14:43] STOPPING batch (user memory > 30% (user_mem=67.5%))
[2026-09-02 04:14:43] Sending TERM to wvfm2h5.py pid=4103906
[2026-09-02 04:14:43] Sending TERM to batch pid=4103863
[2026-09-02 04:14:43] Sending TERM to batch pid=4103893
[2026-09-02 04:14:56] Batch stopped. Checkpoint saved to /exp/sbnd/app/users/munjung/anomaly-detection/logs/wvfm2h5_checkpoint_crossingmuon.txt
[2026-09-02 04:14:56] Cooling down for 120s before resume
[2026-09-02 04:16:56] PROGRESS done=3/238 converted=0 workers=1/0 active current='Converting 71789160_13 at Wed Sep  2 03:55:15 AM CDT 2026 [worker 4068106];Converting 71789160_13 at Wed Sep  2 04:02:30 AM CDT 2026 [worker 4090056];Converting 71789160_13 at Wed Sep  2 04:09:43 AM CDT 2026 [worker 4103863];' user_mem=20.55GiB(16.4%) job_mem=0.01GiB sys_used=24.9% mem_avail=94.0GiB zombies=0 batch_running=no
[2026-09-02 04:16:56] STARTING batch from checkpoint
[2026-09-02 04:16:56] Started batch pid=4118690
[2026-09-02 04:21:57] PROGRESS done=3/238 converted=0 workers=1/1 active current='Converting 71789160_13 at Wed Sep  2 04:02:30 AM CDT 2026 [worker 4090056];Converting 71789160_13 at Wed Sep  2 04:09:43 AM CDT 2026 [worker 4103863];Converting 71789160_13 at Wed Sep  2 04:16:58 AM CDT 2026 [worker 4118690];' user_mem=79.52GiB(63.5%) job_mem=59.68GiB sys_used=72.2% mem_avail=34.8GiB zombies=0 batch_running=yes
[2026-09-02 04:21:57] STOPPING batch (user memory > 30% (user_mem=63.7%))
[2026-09-02 04:21:58] Sending TERM to wvfm2h5.py pid=4119166
[2026-09-02 04:21:58] Sending TERM to batch pid=4118690
[2026-09-02 04:21:58] Sending TERM to batch pid=4118970
[2026-09-02 04:22:10] Batch stopped. Checkpoint saved to /exp/sbnd/app/users/munjung/anomaly-detection/logs/wvfm2h5_checkpoint_crossingmuon.txt
[2026-09-02 04:22:10] Cooling down for 120s before resume
[2026-09-02 04:24:11] PROGRESS done=3/238 converted=0 workers=1/0 active current='Converting 71789160_13 at Wed Sep  2 04:02:30 AM CDT 2026 [worker 4090056];Converting 71789160_13 at Wed Sep  2 04:09:43 AM CDT 2026 [worker 4103863];Converting 71789160_13 at Wed Sep  2 04:16:58 AM CDT 2026 [worker 4118690];' user_mem=19.94GiB(15.9%) job_mem=0.01GiB sys_used=25.2% mem_avail=93.6GiB zombies=0 batch_running=no
[2026-09-02 04:24:11] STARTING batch from checkpoint
[2026-09-02 04:24:11] Started batch pid=4133864
[2026-09-02 04:25:55] Monitor started (pid=4137657, interval=300s, user=munjung, user_mem_max=30%)
[2026-09-02 04:25:56] PROGRESS done=3/238 converted=0 workers=1/1 active current='Converting 71789160_13 at Wed Sep  2 04:09:43 AM CDT 2026 [worker 4103863];Converting 71789160_13 at Wed Sep  2 04:16:58 AM CDT 2026 [worker 4118690];Converting 71789160_13 at Wed Sep  2 04:24:12 AM CDT 2026 [worker 4133864];' user_mem=35.63GiB(28.5%) job_mem=15.71GiB sys_used=38.0% mem_avail=77.6GiB zombies=0 batch_running=yes
[2026-09-02 04:30:10] Monitor started (pid=4145997, interval=300s, user=munjung, user_mem_max=30%)
[2026-09-02 04:30:10] PROGRESS done=5/238 converted=0 workers=1/1 active current='SKIP (no waveform.root): 71789172_25;Converting 71789174_27 at Wed Sep  2 04:26:22 AM CDT 2026 [worker 4133864];Converting 71789160_13 at Wed Sep  2 04:29:45 AM CDT 2026;' user_mem=31.24GiB(25.0%) job_mem=11.39GiB sys_used=34.6% mem_avail=81.8GiB zombies=0 batch_running=yes
[2026-09-02 04:35:11] PROGRESS done=5/238 converted=0 workers=1/0 active current='Converting 71789174_27 at Wed Sep  2 04:26:22 AM CDT 2026 [worker 4133864];Converting 71789160_13 at Wed Sep  2 04:29:45 AM CDT 2026;Converting 71789174_27 at Wed Sep  2 04:31:58 AM CDT 2026;' user_mem=19.65GiB(15.7%) job_mem=0.01GiB sys_used=25.5% mem_avail=93.3GiB zombies=0 batch_running=no
[2026-09-02 04:35:12] STARTING batch from checkpoint
[2026-09-02 04:35:12] Started batch pid=4157624
[2026-09-02 04:40:12] PROGRESS done=5/238 converted=0 workers=1/1 active current='Converting 71789160_13 at Wed Sep  2 04:29:45 AM CDT 2026;Converting 71789174_27 at Wed Sep  2 04:31:58 AM CDT 2026;Converting 71789160_13 at Wed Sep  2 04:35:13 AM CDT 2026;' user_mem=30.54GiB(24.4%) job_mem=10.31GiB sys_used=34.7% mem_avail=81.7GiB zombies=0 batch_running=yes
[2026-09-02 04:45:13] PROGRESS done=6/238 converted=1 workers=1/1 active current='Converting 71789160_13 at Wed Sep  2 04:35:13 AM CDT 2026;DONE 71789160_13 at Wed Sep  2 04:41:15 AM CDT 2026;Converting 71789174_27 at Wed Sep  2 04:41:47 AM CDT 2026;' user_mem=30.42GiB(24.4%) job_mem=10.49GiB sys_used=34.0% mem_avail=82.6GiB zombies=0 batch_running=yes
[2026-09-02 04:50:15] PROGRESS done=7/238 converted=2 workers=1/1 active current='Converting 71789174_27 at Wed Sep  2 04:41:47 AM CDT 2026;DONE 71789174_27 at Wed Sep  2 04:47:14 AM CDT 2026;Converting 71789175_28 at Wed Sep  2 04:47:46 AM CDT 2026;' user_mem=31.35GiB(25.0%) job_mem=11.23GiB sys_used=35.1% mem_avail=81.2GiB zombies=0 batch_running=yes
[2026-09-02 04:55:16] PROGRESS done=8/238 converted=3 workers=1/1 active current='Converting 71789175_28 at Wed Sep  2 04:47:46 AM CDT 2026;DONE 71789175_28 at Wed Sep  2 04:54:01 AM CDT 2026;Converting 71789176_29 at Wed Sep  2 04:54:34 AM CDT 2026;' user_mem=35.02GiB(28.0%) job_mem=14.24GiB sys_used=37.7% mem_avail=78.0GiB zombies=0 batch_running=yes
[2026-09-02 04:55:16] STOPPING batch (memory limit (user_mem=28.0%, job_mem=14.37GiB, limits=30%/12GiB))
[2026-09-02 04:55:17] Sending TERM to wvfm2h5.py pid=4188940
[2026-09-02 04:55:17] Sending TERM to batch pid=4157624
[2026-09-02 04:55:29] Batch stopped. Checkpoint saved to /exp/sbnd/app/users/munjung/anomaly-detection/logs/wvfm2h5_checkpoint_crossingmuon.txt
[2026-09-02 04:55:29] Cooling down for 60s before resume
[2026-09-02 04:56:30] PROGRESS done=8/238 converted=3 workers=1/0 active current='Converting 71789175_28 at Wed Sep  2 04:47:46 AM CDT 2026;DONE 71789175_28 at Wed Sep  2 04:54:01 AM CDT 2026;Converting 71789176_29 at Wed Sep  2 04:54:34 AM CDT 2026;' user_mem=20.70GiB(16.6%) job_mem=0.01GiB sys_used=27.1% mem_avail=91.2GiB zombies=0 batch_running=no
[2026-09-02 04:56:30] STARTING batch from checkpoint
[2026-09-02 04:56:31] Started batch pid=4192003
[2026-09-02 05:01:32] PROGRESS done=8/238 converted=3 workers=1/1 active current='Converting 71789176_29 at Wed Sep  2 04:54:34 AM CDT 2026;Converting 71789176_29 at Wed Sep  2 04:56:32 AM CDT 2026;Converting 71789177_30 at Wed Sep  2 04:58:08 AM CDT 2026;' user_mem=34.05GiB(27.2%) job_mem=13.76GiB sys_used=37.2% mem_avail=78.6GiB zombies=0 batch_running=yes
[2026-09-02 05:01:32] STOPPING batch (memory limit (user_mem=27.3%, job_mem=13.89GiB, limits=30%/12GiB))
[2026-09-02 05:01:32] Sending TERM to wvfm2h5.py pid=710
[2026-09-02 05:01:33] Sending TERM to batch pid=4192003
[2026-09-02 05:01:45] Batch stopped. Checkpoint saved to /exp/sbnd/app/users/munjung/anomaly-detection/logs/wvfm2h5_checkpoint_crossingmuon.txt
[2026-09-02 05:01:45] Cooling down for 60s before resume
[2026-09-02 05:02:45] PROGRESS done=8/238 converted=3 workers=1/0 active current='Converting 71789176_29 at Wed Sep  2 04:54:34 AM CDT 2026;Converting 71789176_29 at Wed Sep  2 04:56:32 AM CDT 2026;Converting 71789177_30 at Wed Sep  2 04:58:08 AM CDT 2026;' user_mem=20.34GiB(16.3%) job_mem=0.01GiB sys_used=27.2% mem_avail=91.2GiB zombies=0 batch_running=no
[2026-09-02 05:02:46] STARTING batch from checkpoint
[2026-09-02 05:02:46] Started batch pid=9885
[2026-09-02 05:07:46] PROGRESS done=8/238 converted=3 workers=1/1 active current='Converting 71789177_30 at Wed Sep  2 04:58:08 AM CDT 2026;Converting 71789176_29 at Wed Sep  2 05:02:46 AM CDT 2026;Converting 71789177_30 at Wed Sep  2 05:04:28 AM CDT 2026;' user_mem=27.97GiB(22.4%) job_mem=7.46GiB sys_used=32.9% mem_avail=84.0GiB zombies=0 batch_running=yes
[2026-09-02 05:12:48] PROGRESS done=9/238 converted=4 workers=1/1 active current='Converting 71789177_30 at Wed Sep  2 05:04:28 AM CDT 2026;DONE 71789177_30 at Wed Sep  2 05:09:39 AM CDT 2026;Converting 71789179_32 at Wed Sep  2 05:10:11 AM CDT 2026;' user_mem=29.61GiB(23.7%) job_mem=10.22GiB sys_used=31.5% mem_avail=85.8GiB zombies=0 batch_running=yes
[2026-09-02 05:17:49] PROGRESS done=9/238 converted=4 workers=1/1 active current='Converting 71789177_30 at Wed Sep  2 05:04:28 AM CDT 2026;DONE 71789177_30 at Wed Sep  2 05:09:39 AM CDT 2026;Converting 71789179_32 at Wed Sep  2 05:10:11 AM CDT 2026;' user_mem=33.38GiB(26.7%) job_mem=13.96GiB sys_used=35.1% mem_avail=81.3GiB zombies=0 batch_running=yes
[2026-09-02 05:17:49] STOPPING batch (memory limit (user_mem=26.8%, job_mem=14.12GiB, limits=30%/12GiB))
[2026-09-02 05:17:50] Sending TERM to wvfm2h5.py pid=23173
[2026-09-02 05:17:50] Sending TERM to batch pid=9885
[2026-09-02 05:18:02] Batch stopped. Checkpoint saved to /exp/sbnd/app/users/munjung/anomaly-detection/logs/wvfm2h5_checkpoint_crossingmuon.txt
[2026-09-02 05:18:02] Cooling down for 60s before resume
[2026-09-02 05:19:03] PROGRESS done=9/238 converted=4 workers=1/0 active current='Converting 71789177_30 at Wed Sep  2 05:04:28 AM CDT 2026;DONE 71789177_30 at Wed Sep  2 05:09:39 AM CDT 2026;Converting 71789179_32 at Wed Sep  2 05:10:11 AM CDT 2026;' user_mem=19.40GiB(15.5%) job_mem=0.01GiB sys_used=25.0% mem_avail=93.8GiB zombies=0 batch_running=no
[2026-09-02 05:19:03] STARTING batch from checkpoint
[2026-09-02 05:19:03] Started batch pid=93789
[2026-09-02 05:24:03] PROGRESS done=9/238 converted=4 workers=1/1 active current='Converting 71789179_32 at Wed Sep  2 05:10:11 AM CDT 2026;Converting 71789176_29 at Wed Sep  2 05:19:03 AM CDT 2026;Converting 71789179_32 at Wed Sep  2 05:20:49 AM CDT 2026;' user_mem=30.20GiB(24.1%) job_mem=10.94GiB sys_used=32.1% mem_avail=85.0GiB zombies=0 batch_running=yes
[2026-09-02 05:29:04] PROGRESS done=10/238 converted=5 workers=1/1 active current='Converting 71789179_32 at Wed Sep  2 05:20:49 AM CDT 2026;DONE 71789179_32 at Wed Sep  2 05:25:44 AM CDT 2026;Converting 71789180_33 at Wed Sep  2 05:26:16 AM CDT 2026;' user_mem=31.29GiB(25.0%) job_mem=11.98GiB sys_used=32.6% mem_avail=84.3GiB zombies=0 batch_running=yes
[2026-09-02 05:29:05] STOPPING batch (memory limit (user_mem=25.2%, job_mem=12.21GiB, limits=30%/12GiB))
[2026-09-02 05:29:05] Sending TERM to wvfm2h5.py pid=166200
[2026-09-02 05:29:05] Sending TERM to batch pid=93789
[2026-09-02 05:29:17] Batch stopped. Checkpoint saved to /exp/sbnd/app/users/munjung/anomaly-detection/logs/wvfm2h5_checkpoint_crossingmuon.txt
[2026-09-02 05:29:17] Cooling down for 60s before resume
[2026-09-02 05:30:18] PROGRESS done=10/238 converted=5 workers=1/0 active current='Converting 71789179_32 at Wed Sep  2 05:20:49 AM CDT 2026;DONE 71789179_32 at Wed Sep  2 05:25:44 AM CDT 2026;Converting 71789180_33 at Wed Sep  2 05:26:16 AM CDT 2026;' user_mem=19.71GiB(15.8%) job_mem=0.01GiB sys_used=23.9% mem_avail=95.3GiB zombies=0 batch_running=no
[2026-09-02 05:30:18] STARTING batch from checkpoint
[2026-09-02 05:30:18] Started batch pid=172587
[2026-09-02 05:35:19] PROGRESS done=10/238 converted=5 workers=1/1 active current='Converting 71789180_33 at Wed Sep  2 05:26:16 AM CDT 2026;Converting 71789176_29 at Wed Sep  2 05:30:19 AM CDT 2026;Converting 71789180_33 at Wed Sep  2 05:32:09 AM CDT 2026;' user_mem=31.81GiB(25.4%) job_mem=12.31GiB sys_used=33.3% mem_avail=83.5GiB zombies=0 batch_running=yes
[2026-09-02 05:35:19] STOPPING batch (memory limit (user_mem=25.6%, job_mem=12.56GiB, limits=30%/12GiB))
[2026-09-02 05:35:19] Sending TERM to wvfm2h5.py pid=176178
[2026-09-02 05:35:19] Sending TERM to batch pid=172587
[2026-09-02 05:35:32] Batch stopped. Checkpoint saved to /exp/sbnd/app/users/munjung/anomaly-detection/logs/wvfm2h5_checkpoint_crossingmuon.txt
[2026-09-02 05:35:32] Cooling down for 60s before resume
[2026-09-02 05:36:32] PROGRESS done=10/238 converted=5 workers=1/0 active current='Converting 71789180_33 at Wed Sep  2 05:26:16 AM CDT 2026;Converting 71789176_29 at Wed Sep  2 05:30:19 AM CDT 2026;Converting 71789180_33 at Wed Sep  2 05:32:09 AM CDT 2026;' user_mem=19.65GiB(15.7%) job_mem=0.01GiB sys_used=24.3% mem_avail=94.7GiB zombies=0 batch_running=no
[2026-09-02 05:36:32] STARTING batch from checkpoint
[2026-09-02 05:36:33] Started batch pid=182582
[2026-09-02 05:41:33] PROGRESS done=10/238 converted=5 workers=1/1 active current='Converting 71789180_33 at Wed Sep  2 05:32:09 AM CDT 2026;Converting 71789176_29 at Wed Sep  2 05:36:33 AM CDT 2026;Converting 71789180_33 at Wed Sep  2 05:38:04 AM CDT 2026;' user_mem=32.42GiB(25.9%) job_mem=12.92GiB sys_used=33.7% mem_avail=83.0GiB zombies=0 batch_running=yes
[2026-09-02 05:41:34] STOPPING batch (memory limit (user_mem=26.0%, job_mem=13.02GiB, limits=30%/12GiB))
[2026-09-02 05:41:34] Sending TERM to wvfm2h5.py pid=184771
[2026-09-02 05:41:34] Sending TERM to batch pid=182582
[2026-09-02 05:41:46] Batch stopped. Checkpoint saved to /exp/sbnd/app/users/munjung/anomaly-detection/logs/wvfm2h5_checkpoint_crossingmuon.txt
[2026-09-02 05:41:46] Cooling down for 60s before resume
[2026-09-02 05:42:47] PROGRESS done=10/238 converted=5 workers=1/0 active current='Converting 71789180_33 at Wed Sep  2 05:32:09 AM CDT 2026;Converting 71789176_29 at Wed Sep  2 05:36:33 AM CDT 2026;Converting 71789180_33 at Wed Sep  2 05:38:04 AM CDT 2026;' user_mem=19.88GiB(15.9%) job_mem=0.01GiB sys_used=24.7% mem_avail=94.2GiB zombies=0 batch_running=no
[2026-09-02 05:42:47] STARTING batch from checkpoint
[2026-09-02 05:42:47] Started batch pid=192652
[2026-09-02 05:47:47] PROGRESS done=10/238 converted=5 workers=1/1 active current='Converting 71789180_33 at Wed Sep  2 05:38:04 AM CDT 2026;Converting 71789176_29 at Wed Sep  2 05:42:48 AM CDT 2026;Converting 71789180_33 at Wed Sep  2 05:44:28 AM CDT 2026;' user_mem=30.00GiB(24.0%) job_mem=10.32GiB sys_used=32.8% mem_avail=84.1GiB zombies=0 batch_running=yes
[2026-09-02 05:52:48] PROGRESS done=13/238 converted=6 workers=1/0 active current='Converting 71789222_75 at Wed Sep  2 05:50:40 AM CDT 2026;SKIP (no waveform.root): 71789227_80;SKIP (no waveform.root): 71789236_89;' user_mem=19.31GiB(15.4%) job_mem=0.03GiB sys_used=24.6% mem_avail=94.3GiB zombies=0 batch_running=yes
[2026-09-02 05:57:49] PROGRESS done=14/238 converted=6 workers=1/0 active current='SKIP (no waveform.root): 71789236_89;SKIP (no waveform.root): 71789243_96;Converting 71789252_105 at Wed Sep  2 05:53:44 AM CDT 2026;' user_mem=19.30GiB(15.4%) job_mem=0.01GiB sys_used=26.8% mem_avail=91.6GiB zombies=0 batch_running=no
[2026-09-02 05:57:50] STARTING batch from checkpoint
[2026-09-02 05:57:50] Started batch pid=217108
[2026-09-02 06:02:51] PROGRESS done=14/238 converted=6 workers=1/1 active current='Converting 71789176_29 at Wed Sep  2 05:57:50 AM CDT 2026;Converting 71789222_75 at Wed Sep  2 05:59:14 AM CDT 2026;Converting 71789252_105 at Wed Sep  2 06:00:34 AM CDT 2026;' user_mem=29.23GiB(23.4%) job_mem=9.97GiB sys_used=35.5% mem_avail=80.8GiB zombies=0 batch_running=yes
[2026-09-02 06:07:51] PROGRESS done=14/238 converted=6 workers=1/0 active current='Converting 71789176_29 at Wed Sep  2 05:57:50 AM CDT 2026;Converting 71789222_75 at Wed Sep  2 05:59:14 AM CDT 2026;Converting 71789252_105 at Wed Sep  2 06:00:34 AM CDT 2026;' user_mem=19.91GiB(15.9%) job_mem=0.02GiB sys_used=28.2% mem_avail=89.8GiB zombies=0 batch_running=yes
[2026-09-02 06:12:52] PROGRESS done=14/238 converted=6 workers=1/0 active current='Converting 71789176_29 at Wed Sep  2 05:57:50 AM CDT 2026;Converting 71789222_75 at Wed Sep  2 05:59:14 AM CDT 2026;Converting 71789252_105 at Wed Sep  2 06:00:34 AM CDT 2026;' user_mem=19.64GiB(15.7%) job_mem=0.02GiB sys_used=29.6% mem_avail=88.0GiB zombies=0 batch_running=yes
[2026-09-02 06:17:54] PROGRESS done=14/238 converted=6 workers=1/1 active current='Converting 71789176_29 at Wed Sep  2 05:57:50 AM CDT 2026;Converting 71789222_75 at Wed Sep  2 05:59:14 AM CDT 2026;Converting 71789252_105 at Wed Sep  2 06:00:34 AM CDT 2026;' user_mem=31.27GiB(25.0%) job_mem=11.57GiB sys_used=39.6% mem_avail=75.6GiB zombies=0 batch_running=yes
[2026-09-02 06:22:55] PROGRESS done=14/238 converted=6 workers=1/1 active current='Converting 71789176_29 at Wed Sep  2 05:57:50 AM CDT 2026;Converting 71789222_75 at Wed Sep  2 05:59:14 AM CDT 2026;Converting 71789252_105 at Wed Sep  2 06:00:34 AM CDT 2026;' user_mem=22.36GiB(17.9%) job_mem=2.98GiB sys_used=33.9% mem_avail=82.7GiB zombies=0 batch_running=yes
[2026-09-02 06:27:56] PROGRESS done=14/238 converted=6 workers=1/1 active current='Converting 71789176_29 at Wed Sep  2 05:57:50 AM CDT 2026;Converting 71789222_75 at Wed Sep  2 05:59:14 AM CDT 2026;Converting 71789252_105 at Wed Sep  2 06:00:34 AM CDT 2026;' user_mem=32.85GiB(26.3%) job_mem=13.54GiB sys_used=42.8% mem_avail=71.5GiB zombies=0 batch_running=yes
[2026-09-02 06:27:56] STOPPING batch (memory limit (user_mem=26.4%, job_mem=13.71GiB, limits=30%/12GiB))
[2026-09-02 06:27:56] Sending TERM to wvfm2h5.py pid=265592
[2026-09-02 06:27:56] Sending TERM to batch pid=265536
[2026-09-02 06:28:08] Batch stopped. Checkpoint saved to /exp/sbnd/app/users/munjung/anomaly-detection/logs/wvfm2h5_checkpoint_crossingmuon.txt
[2026-09-02 06:28:08] Cooling down for 60s before resume
[2026-09-02 06:29:09] PROGRESS done=14/238 converted=6 workers=1/0 active current='Converting 71789176_29 at Wed Sep  2 05:57:50 AM CDT 2026;Converting 71789222_75 at Wed Sep  2 05:59:14 AM CDT 2026;Converting 71789252_105 at Wed Sep  2 06:00:34 AM CDT 2026;' user_mem=19.35GiB(15.5%) job_mem=0.01GiB sys_used=33.8% mem_avail=82.8GiB zombies=0 batch_running=no
[2026-09-02 06:29:09] STARTING batch from checkpoint
[2026-09-02 06:29:09] Started batch pid=270744
[2026-09-02 06:34:10] PROGRESS done=14/238 converted=6 workers=1/1 active current='Converting 71789176_29 at Wed Sep  2 06:29:10 AM CDT 2026;Converting 71789222_75 at Wed Sep  2 06:30:48 AM CDT 2026;Converting 71789252_105 at Wed Sep  2 06:32:16 AM CDT 2026;' user_mem=32.94GiB(26.3%) job_mem=13.42GiB sys_used=44.4% mem_avail=69.6GiB zombies=0 batch_running=yes
[2026-09-02 06:34:10] STOPPING batch (memory limit (user_mem=26.3%, job_mem=13.54GiB, limits=30%/12GiB))
[2026-09-02 06:34:11] Sending TERM to wvfm2h5.py pid=276853
[2026-09-02 06:34:11] Sending TERM to batch pid=270744
[2026-09-02 06:34:23] Batch stopped. Checkpoint saved to /exp/sbnd/app/users/munjung/anomaly-detection/logs/wvfm2h5_checkpoint_crossingmuon.txt
[2026-09-02 06:34:23] Cooling down for 60s before resume
[2026-09-02 06:35:24] PROGRESS done=14/238 converted=6 workers=1/0 active current='Converting 71789176_29 at Wed Sep  2 06:29:10 AM CDT 2026;Converting 71789222_75 at Wed Sep  2 06:30:48 AM CDT 2026;Converting 71789252_105 at Wed Sep  2 06:32:16 AM CDT 2026;' user_mem=19.35GiB(15.5%) job_mem=0.01GiB sys_used=35.0% mem_avail=81.3GiB zombies=0 batch_running=no
[2026-09-02 06:35:24] STARTING batch from checkpoint
[2026-09-02 06:35:24] Started batch pid=281916
[2026-09-02 06:40:24] PROGRESS done=14/238 converted=6 workers=1/1 active current='Converting 71789222_75 at Wed Sep  2 06:30:48 AM CDT 2026;Converting 71789252_105 at Wed Sep  2 06:32:16 AM CDT 2026;Converting 71789176_29 at Wed Sep  2 06:35:24 AM CDT 2026;' user_mem=32.80GiB(26.2%) job_mem=13.49GiB sys_used=45.7% mem_avail=68.0GiB zombies=0 batch_running=yes
[2026-09-02 06:40:25] STOPPING batch (memory limit (user_mem=26.3%, job_mem=13.57GiB, limits=30%/12GiB))
[2026-09-02 06:40:25] Sending TERM to wvfm2h5.py pid=285731
[2026-09-02 06:40:25] Sending TERM to batch pid=285671
[2026-09-02 06:40:37] Batch stopped. Checkpoint saved to /exp/sbnd/app/users/munjung/anomaly-detection/logs/wvfm2h5_checkpoint_crossingmuon.txt
[2026-09-02 06:40:37] Cooling down for 60s before resume
[2026-09-02 06:41:38] PROGRESS done=14/238 converted=6 workers=1/0 active current='Converting 71789222_75 at Wed Sep  2 06:30:48 AM CDT 2026;Converting 71789252_105 at Wed Sep  2 06:32:16 AM CDT 2026;Converting 71789176_29 at Wed Sep  2 06:35:24 AM CDT 2026;' user_mem=19.35GiB(15.5%) job_mem=0.01GiB sys_used=36.4% mem_avail=79.6GiB zombies=0 batch_running=no
[2026-09-02 06:41:38] STARTING batch from checkpoint
[2026-09-02 06:41:38] Started batch pid=293891
[2026-09-02 06:46:39] PROGRESS done=14/238 converted=6 workers=1/1 active current='Converting 71789252_105 at Wed Sep  2 06:32:16 AM CDT 2026;Converting 71789176_29 at Wed Sep  2 06:35:24 AM CDT 2026;Converting 71789176_29 at Wed Sep  2 06:41:39 AM CDT 2026;' user_mem=29.66GiB(23.7%) job_mem=10.44GiB sys_used=45.7% mem_avail=68.0GiB zombies=0 batch_running=yes
[2026-09-02 06:51:40] PROGRESS done=14/238 converted=6 workers=1/1 active current='Converting 71789252_105 at Wed Sep  2 06:32:16 AM CDT 2026;Converting 71789176_29 at Wed Sep  2 06:35:24 AM CDT 2026;Converting 71789176_29 at Wed Sep  2 06:41:39 AM CDT 2026;' user_mem=32.15GiB(25.7%) job_mem=12.87GiB sys_used=48.4% mem_avail=64.6GiB zombies=0 batch_running=yes
[2026-09-02 06:51:40] STOPPING batch (memory limit (user_mem=25.8%, job_mem=12.93GiB, limits=30%/12GiB))
[2026-09-02 06:51:40] Sending TERM to wvfm2h5.py pid=309480
[2026-09-02 06:51:40] Sending TERM to batch pid=297420
[2026-09-02 06:51:52] Batch stopped. Checkpoint saved to /exp/sbnd/app/users/munjung/anomaly-detection/logs/wvfm2h5_checkpoint_crossingmuon.txt
[2026-09-02 06:51:52] Cooling down for 60s before resume
[2026-09-02 06:52:53] PROGRESS done=14/238 converted=6 workers=1/0 active current='Converting 71789252_105 at Wed Sep  2 06:32:16 AM CDT 2026;Converting 71789176_29 at Wed Sep  2 06:35:24 AM CDT 2026;Converting 71789176_29 at Wed Sep  2 06:41:39 AM CDT 2026;' user_mem=19.31GiB(15.4%) job_mem=0.01GiB sys_used=39.1% mem_avail=76.2GiB zombies=0 batch_running=no
[2026-09-02 06:52:53] STARTING batch from checkpoint
[2026-09-02 06:52:53] Started batch pid=311932
[2026-09-02 06:57:54] PROGRESS done=14/238 converted=6 workers=1/1 active current='Converting 71789176_29 at Wed Sep  2 06:52:54 AM CDT 2026;Converting 71789222_75 at Wed Sep  2 06:54:28 AM CDT 2026;Converting 71789252_105 at Wed Sep  2 06:55:54 AM CDT 2026;' user_mem=30.97GiB(24.7%) job_mem=11.67GiB sys_used=49.4% mem_avail=63.4GiB zombies=0 batch_running=yes
[2026-09-02 07:02:55] PROGRESS done=14/238 converted=6 workers=1/1 active current='Converting 71789176_29 at Wed Sep  2 06:52:54 AM CDT 2026;Converting 71789222_75 at Wed Sep  2 06:54:28 AM CDT 2026;Converting 71789252_105 at Wed Sep  2 06:55:54 AM CDT 2026;' user_mem=33.59GiB(26.8%) job_mem=14.31GiB sys_used=52.2% mem_avail=59.9GiB zombies=0 batch_running=yes
[2026-09-02 07:02:55] STOPPING batch (memory limit (user_mem=26.9%, job_mem=14.36GiB, limits=30%/12GiB))
[2026-09-02 07:02:55] Sending TERM to wvfm2h5.py pid=322603
[2026-09-02 07:02:55] Sending TERM to batch pid=322541
[2026-09-02 07:03:08] Batch stopped. Checkpoint saved to /exp/sbnd/app/users/munjung/anomaly-detection/logs/wvfm2h5_checkpoint_crossingmuon.txt
[2026-09-02 07:03:08] Cooling down for 60s before resume
[2026-09-02 07:04:08] PROGRESS done=14/238 converted=6 workers=1/0 active current='Converting 71789176_29 at Wed Sep  2 06:52:54 AM CDT 2026;Converting 71789222_75 at Wed Sep  2 06:54:28 AM CDT 2026;Converting 71789252_105 at Wed Sep  2 06:55:54 AM CDT 2026;' user_mem=19.31GiB(15.4%) job_mem=0.01GiB sys_used=41.5% mem_avail=73.2GiB zombies=0 batch_running=no
[2026-09-02 07:04:09] STARTING batch from checkpoint
[2026-09-02 07:04:09] Started batch pid=330875
[2026-09-02 07:09:09] PROGRESS done=14/238 converted=6 workers=1/1 active current='Converting 71789176_29 at Wed Sep  2 07:04:09 AM CDT 2026;Converting 71789222_75 at Wed Sep  2 07:05:42 AM CDT 2026;Converting 71789252_105 at Wed Sep  2 07:07:13 AM CDT 2026;' user_mem=28.22GiB(22.5%) job_mem=8.94GiB sys_used=49.1% mem_avail=63.7GiB zombies=0 batch_running=yes
[2026-09-02 07:14:10] PROGRESS done=14/238 converted=6 workers=1/0 active current='Converting 71789176_29 at Wed Sep  2 07:04:09 AM CDT 2026;Converting 71789222_75 at Wed Sep  2 07:05:42 AM CDT 2026;Converting 71789252_105 at Wed Sep  2 07:07:13 AM CDT 2026;' user_mem=19.32GiB(15.4%) job_mem=0.02GiB sys_used=43.4% mem_avail=70.8GiB zombies=0 batch_running=yes
[2026-09-02 07:19:11] PROGRESS done=14/238 converted=6 workers=1/1 active current='Converting 71789176_29 at Wed Sep  2 07:04:09 AM CDT 2026;Converting 71789222_75 at Wed Sep  2 07:05:42 AM CDT 2026;Converting 71789252_105 at Wed Sep  2 07:07:13 AM CDT 2026;' user_mem=28.21GiB(22.5%) job_mem=8.92GiB sys_used=51.4% mem_avail=60.9GiB zombies=0 batch_running=yes
[2026-09-02 07:24:12] PROGRESS done=14/238 converted=6 workers=1/0 active current='Converting 71789176_29 at Wed Sep  2 07:04:09 AM CDT 2026;Converting 71789222_75 at Wed Sep  2 07:05:42 AM CDT 2026;Converting 71789252_105 at Wed Sep  2 07:07:13 AM CDT 2026;' user_mem=19.33GiB(15.4%) job_mem=0.02GiB sys_used=45.9% mem_avail=67.7GiB zombies=0 batch_running=yes
[2026-09-02 07:29:12] PROGRESS done=14/238 converted=6 workers=1/1 active current='Converting 71789176_29 at Wed Sep  2 07:04:09 AM CDT 2026;Converting 71789222_75 at Wed Sep  2 07:05:42 AM CDT 2026;Converting 71789252_105 at Wed Sep  2 07:07:13 AM CDT 2026;' user_mem=32.63GiB(26.0%) job_mem=13.34GiB sys_used=56.9% mem_avail=54.0GiB zombies=0 batch_running=yes
[2026-09-02 07:29:13] STOPPING batch (memory limit (user_mem=26.1%, job_mem=13.38GiB, limits=30%/12GiB))
[2026-09-02 07:29:13] Sending TERM to wvfm2h5.py pid=372875
[2026-09-02 07:29:13] Sending TERM to batch pid=342677
[2026-09-02 07:29:25] Batch stopped. Checkpoint saved to /exp/sbnd/app/users/munjung/anomaly-detection/logs/wvfm2h5_checkpoint_crossingmuon.txt
[2026-09-02 07:29:25] Cooling down for 60s before resume
[2026-09-02 07:30:26] PROGRESS done=14/238 converted=6 workers=1/0 active current='Converting 71789176_29 at Wed Sep  2 07:04:09 AM CDT 2026;Converting 71789222_75 at Wed Sep  2 07:05:42 AM CDT 2026;Converting 71789252_105 at Wed Sep  2 07:07:13 AM CDT 2026;' user_mem=19.32GiB(15.4%) job_mem=0.01GiB sys_used=47.4% mem_avail=65.9GiB zombies=0 batch_running=no
[2026-09-02 07:30:26] STARTING batch from checkpoint
[2026-09-02 07:30:26] Started batch pid=376887
[2026-09-02 07:35:27] PROGRESS done=14/238 converted=6 workers=1/1 active current='Converting 71789176_29 at Wed Sep  2 07:30:26 AM CDT 2026;Converting 71789222_75 at Wed Sep  2 07:32:00 AM CDT 2026;Converting 71789252_105 at Wed Sep  2 07:33:28 AM CDT 2026;' user_mem=26.90GiB(21.6%) job_mem=7.61GiB sys_used=53.9% mem_avail=57.7GiB zombies=0 batch_running=yes
[2026-09-02 07:40:28] PROGRESS done=16/238 converted=7 workers=1/1 active current='DONE 71789252_105 at Wed Sep  2 07:39:04 AM CDT 2026;SKIP (no waveform.root): 71789257_110;Converting 71789258_111 at Wed Sep  2 07:40:09 AM CDT 2026;' user_mem=26.39GiB(21.1%) job_mem=7.08GiB sys_used=54.1% mem_avail=57.5GiB zombies=0 batch_running=yes
[2026-09-02 07:45:29] PROGRESS done=17/238 converted=8 workers=1/1 active current='Converting 71789258_111 at Wed Sep  2 07:40:09 AM CDT 2026;DONE 71789258_111 at Wed Sep  2 07:41:07 AM CDT 2026;Converting 71789265_118 at Wed Sep  2 07:41:39 AM CDT 2026;' user_mem=32.18GiB(25.7%) job_mem=12.95GiB sys_used=60.4% mem_avail=49.6GiB zombies=0 batch_running=yes
[2026-09-02 07:45:29] STOPPING batch (memory limit (user_mem=25.8%, job_mem=13.09GiB, limits=30%/12GiB))
[2026-09-02 07:45:29] Sending TERM to wvfm2h5.py pid=405890
[2026-09-02 07:45:29] Sending TERM to batch pid=376887
[2026-09-02 07:45:41] Batch stopped. Checkpoint saved to /exp/sbnd/app/users/munjung/anomaly-detection/logs/wvfm2h5_checkpoint_crossingmuon.txt
[2026-09-02 07:45:41] Cooling down for 60s before resume
[2026-09-02 07:46:42] PROGRESS done=17/238 converted=8 workers=1/0 active current='Converting 71789258_111 at Wed Sep  2 07:40:09 AM CDT 2026;DONE 71789258_111 at Wed Sep  2 07:41:07 AM CDT 2026;Converting 71789265_118 at Wed Sep  2 07:41:39 AM CDT 2026;' user_mem=19.28GiB(15.4%) job_mem=0.02GiB sys_used=49.3% mem_avail=63.4GiB zombies=0 batch_running=yes
[2026-09-02 07:46:42] Batch already running; not starting another instance
[2026-09-02 07:51:43] PROGRESS done=17/238 converted=8 workers=1/1 active current='Converting 71789258_111 at Wed Sep  2 07:40:09 AM CDT 2026;DONE 71789258_111 at Wed Sep  2 07:41:07 AM CDT 2026;Converting 71789265_118 at Wed Sep  2 07:41:39 AM CDT 2026;' user_mem=28.11GiB(22.5%) job_mem=8.84GiB sys_used=56.0% mem_avail=55.1GiB zombies=0 batch_running=yes
[2026-09-02 07:56:44] PROGRESS done=17/238 converted=8 workers=1/0 active current='Converting 71789258_111 at Wed Sep  2 07:40:09 AM CDT 2026;DONE 71789258_111 at Wed Sep  2 07:41:07 AM CDT 2026;Converting 71789265_118 at Wed Sep  2 07:41:39 AM CDT 2026;' user_mem=19.30GiB(15.4%) job_mem=0.01GiB sys_used=50.0% mem_avail=62.6GiB zombies=0 batch_running=no
[2026-09-02 07:56:44] STARTING batch from checkpoint
[2026-09-02 07:56:44] Started batch pid=436978
[2026-09-02 08:01:45] PROGRESS done=17/238 converted=8 workers=1/1 active current='Converting 71789176_29 at Wed Sep  2 07:56:44 AM CDT 2026;Converting 71789222_75 at Wed Sep  2 07:58:26 AM CDT 2026;Converting 71789265_118 at Wed Sep  2 08:00:03 AM CDT 2026;' user_mem=33.24GiB(26.5%) job_mem=13.99GiB sys_used=61.1% mem_avail=48.7GiB zombies=0 batch_running=yes
[2026-09-02 08:01:45] STOPPING batch (memory limit (user_mem=26.6%, job_mem=14.02GiB, limits=30%/12GiB))
[2026-09-02 08:01:45] Sending TERM to wvfm2h5.py pid=442610
[2026-09-02 08:01:45] Sending TERM to batch pid=436978
[2026-09-02 08:01:57] Batch stopped. Checkpoint saved to /exp/sbnd/app/users/munjung/anomaly-detection/logs/wvfm2h5_checkpoint_crossingmuon.txt
[2026-09-02 08:01:57] Cooling down for 60s before resume
[2026-09-02 08:02:58] PROGRESS done=17/238 converted=8 workers=1/0 active current='Converting 71789176_29 at Wed Sep  2 07:56:44 AM CDT 2026;Converting 71789222_75 at Wed Sep  2 07:58:26 AM CDT 2026;Converting 71789265_118 at Wed Sep  2 08:00:03 AM CDT 2026;' user_mem=19.31GiB(15.4%) job_mem=0.02GiB sys_used=50.9% mem_avail=61.5GiB zombies=0 batch_running=yes
[2026-09-02 08:02:58] Batch already running; not starting another instance
[2026-09-02 08:07:59] PROGRESS done=17/238 converted=8 workers=1/1 active current='Converting 71789176_29 at Wed Sep  2 07:56:44 AM CDT 2026;Converting 71789222_75 at Wed Sep  2 07:58:26 AM CDT 2026;Converting 71789265_118 at Wed Sep  2 08:00:03 AM CDT 2026;' user_mem=28.90GiB(23.2%) job_mem=9.62GiB sys_used=59.5% mem_avail=50.7GiB zombies=0 batch_running=yes
[2026-09-02 08:13:00] PROGRESS done=17/238 converted=8 workers=1/1 active current='Converting 71789176_29 at Wed Sep  2 07:56:44 AM CDT 2026;Converting 71789222_75 at Wed Sep  2 07:58:26 AM CDT 2026;Converting 71789265_118 at Wed Sep  2 08:00:03 AM CDT 2026;' user_mem=23.02GiB(18.4%) job_mem=3.74GiB sys_used=55.3% mem_avail=55.9GiB zombies=0 batch_running=yes
[2026-09-02 08:18:01] PROGRESS done=17/238 converted=8 workers=1/1 active current='Converting 71789176_29 at Wed Sep  2 07:56:44 AM CDT 2026;Converting 71789222_75 at Wed Sep  2 07:58:26 AM CDT 2026;Converting 71789265_118 at Wed Sep  2 08:00:03 AM CDT 2026;' user_mem=21.23GiB(17.0%) job_mem=1.93GiB sys_used=54.5% mem_avail=57.0GiB zombies=0 batch_running=yes
[2026-09-02 08:23:02] PROGRESS done=17/238 converted=8 workers=1/1 active current='Converting 71789176_29 at Wed Sep  2 07:56:44 AM CDT 2026;Converting 71789222_75 at Wed Sep  2 07:58:26 AM CDT 2026;Converting 71789265_118 at Wed Sep  2 08:00:03 AM CDT 2026;' user_mem=33.04GiB(26.4%) job_mem=13.75GiB sys_used=51.9% mem_avail=60.1GiB zombies=0 batch_running=yes
[2026-09-02 08:23:03] STOPPING batch (memory limit (user_mem=26.7%, job_mem=14.08GiB, limits=30%/12GiB))
[2026-09-02 08:23:03] Sending TERM to wvfm2h5.py pid=485403
[2026-09-02 08:23:03] Sending TERM to batch pid=447794
[2026-09-02 08:23:15] Batch stopped. Checkpoint saved to /exp/sbnd/app/users/munjung/anomaly-detection/logs/wvfm2h5_checkpoint_crossingmuon.txt
[2026-09-02 08:23:15] Cooling down for 60s before resume
[2026-09-02 08:24:16] PROGRESS done=17/238 converted=8 workers=1/0 active current='Converting 71789176_29 at Wed Sep  2 07:56:44 AM CDT 2026;Converting 71789222_75 at Wed Sep  2 07:58:26 AM CDT 2026;Converting 71789265_118 at Wed Sep  2 08:00:03 AM CDT 2026;' user_mem=19.31GiB(15.4%) job_mem=0.01GiB sys_used=41.1% mem_avail=73.7GiB zombies=0 batch_running=no
[2026-09-02 08:24:16] STARTING batch from checkpoint
[2026-09-02 08:24:16] Started batch pid=490346
[2026-09-02 08:29:17] PROGRESS done=17/238 converted=8 workers=1/1 active current='Converting 71789176_29 at Wed Sep  2 08:24:17 AM CDT 2026;Converting 71789222_75 at Wed Sep  2 08:25:52 AM CDT 2026;Converting 71789265_118 at Wed Sep  2 08:27:32 AM CDT 2026;' user_mem=32.68GiB(26.1%) job_mem=13.38GiB sys_used=51.5% mem_avail=60.7GiB zombies=0 batch_running=yes
[2026-09-02 08:29:17] STOPPING batch (memory limit (user_mem=26.2%, job_mem=13.46GiB, limits=30%/12GiB))
[2026-09-02 08:29:18] Sending TERM to wvfm2h5.py pid=495690
[2026-09-02 08:29:18] Sending TERM to batch pid=490346
[2026-09-02 08:29:30] Batch stopped. Checkpoint saved to /exp/sbnd/app/users/munjung/anomaly-detection/logs/wvfm2h5_checkpoint_crossingmuon.txt
[2026-09-02 08:29:30] Cooling down for 60s before resume
[2026-09-02 08:30:31] PROGRESS done=17/238 converted=8 workers=1/0 active current='Converting 71789176_29 at Wed Sep  2 08:24:17 AM CDT 2026;Converting 71789222_75 at Wed Sep  2 08:25:52 AM CDT 2026;Converting 71789265_118 at Wed Sep  2 08:27:32 AM CDT 2026;' user_mem=19.31GiB(15.4%) job_mem=0.01GiB sys_used=41.6% mem_avail=73.1GiB zombies=0 batch_running=no
[2026-09-02 08:30:31] STARTING batch from checkpoint
[2026-09-02 08:30:31] Started batch pid=500876
[2026-09-02 08:35:31] PROGRESS done=17/238 converted=8 workers=1/1 active current='Converting 71789176_29 at Wed Sep  2 08:30:31 AM CDT 2026;Converting 71789222_75 at Wed Sep  2 08:32:00 AM CDT 2026;Converting 71789265_118 at Wed Sep  2 08:33:09 AM CDT 2026;' user_mem=31.63GiB(25.3%) job_mem=12.32GiB sys_used=51.5% mem_avail=60.7GiB zombies=0 batch_running=yes
[2026-09-02 08:35:32] STOPPING batch (memory limit (user_mem=25.4%, job_mem=12.51GiB, limits=30%/12GiB))
[2026-09-02 08:35:32] Sending TERM to wvfm2h5.py pid=506489
[2026-09-02 08:35:32] Sending TERM to batch pid=500876
[2026-09-02 08:35:44] Batch stopped. Checkpoint saved to /exp/sbnd/app/users/munjung/anomaly-detection/logs/wvfm2h5_checkpoint_crossingmuon.txt
[2026-09-02 08:35:44] Cooling down for 60s before resume
[2026-09-02 08:36:45] PROGRESS done=17/238 converted=8 workers=1/0 active current='Converting 71789176_29 at Wed Sep  2 08:30:31 AM CDT 2026;Converting 71789222_75 at Wed Sep  2 08:32:00 AM CDT 2026;Converting 71789265_118 at Wed Sep  2 08:33:09 AM CDT 2026;' user_mem=19.32GiB(15.4%) job_mem=0.01GiB sys_used=42.1% mem_avail=72.4GiB zombies=0 batch_running=no
[2026-09-02 08:36:45] STARTING batch from checkpoint
[2026-09-02 08:36:45] Started batch pid=511778
[2026-09-02 08:41:46] PROGRESS done=17/238 converted=8 workers=1/1 active current='Converting 71789176_29 at Wed Sep  2 08:36:46 AM CDT 2026;Converting 71789222_75 at Wed Sep  2 08:38:11 AM CDT 2026;Converting 71789265_118 at Wed Sep  2 08:39:28 AM CDT 2026;' user_mem=32.67GiB(26.1%) job_mem=13.37GiB sys_used=53.1% mem_avail=58.7GiB zombies=0 batch_running=yes
[2026-09-02 08:41:46] STOPPING batch (memory limit (user_mem=26.2%, job_mem=13.46GiB, limits=30%/12GiB))
[2026-09-02 08:41:47] Sending TERM to wvfm2h5.py pid=516639
[2026-09-02 08:41:47] Sending TERM to batch pid=511778
[2026-09-02 08:41:59] Batch stopped. Checkpoint saved to /exp/sbnd/app/users/munjung/anomaly-detection/logs/wvfm2h5_checkpoint_crossingmuon.txt
[2026-09-02 08:41:59] Cooling down for 60s before resume
[2026-09-02 08:43:00] PROGRESS done=17/238 converted=8 workers=1/0 active current='Converting 71789176_29 at Wed Sep  2 08:36:46 AM CDT 2026;Converting 71789222_75 at Wed Sep  2 08:38:11 AM CDT 2026;Converting 71789265_118 at Wed Sep  2 08:39:28 AM CDT 2026;' user_mem=19.32GiB(15.4%) job_mem=0.02GiB sys_used=43.3% mem_avail=71.0GiB zombies=0 batch_running=yes
[2026-09-02 08:43:00] Batch already running; not starting another instance
[2026-09-02 08:48:00] PROGRESS done=17/238 converted=8 workers=1/0 active current='Converting 71789176_29 at Wed Sep  2 08:36:46 AM CDT 2026;Converting 71789222_75 at Wed Sep  2 08:38:11 AM CDT 2026;Converting 71789265_118 at Wed Sep  2 08:39:28 AM CDT 2026;' user_mem=19.32GiB(15.4%) job_mem=0.02GiB sys_used=43.5% mem_avail=70.7GiB zombies=0 batch_running=yes
[2026-09-02 08:53:02] PROGRESS done=17/238 converted=8 workers=1/1 active current='Converting 71789176_29 at Wed Sep  2 08:36:46 AM CDT 2026;Converting 71789222_75 at Wed Sep  2 08:38:11 AM CDT 2026;Converting 71789265_118 at Wed Sep  2 08:39:28 AM CDT 2026;' user_mem=22.14GiB(17.7%) job_mem=2.86GiB sys_used=49.7% mem_avail=63.0GiB zombies=0 batch_running=yes
[2026-09-02 08:58:03] PROGRESS done=17/238 converted=8 workers=1/0 active current='Converting 71789176_29 at Wed Sep  2 08:36:46 AM CDT 2026;Converting 71789222_75 at Wed Sep  2 08:38:11 AM CDT 2026;Converting 71789265_118 at Wed Sep  2 08:39:28 AM CDT 2026;' user_mem=19.32GiB(15.4%) job_mem=0.01GiB sys_used=45.1% mem_avail=68.7GiB zombies=0 batch_running=no
[2026-09-02 08:58:03] STARTING batch from checkpoint
[2026-09-02 08:58:03] Started batch pid=571074
[2026-09-02 09:03:04] PROGRESS done=17/238 converted=8 workers=1/1 active current='Converting 71789176_29 at Wed Sep  2 08:58:04 AM CDT 2026;Converting 71789222_75 at Wed Sep  2 08:59:36 AM CDT 2026;Converting 71789265_118 at Wed Sep  2 09:00:47 AM CDT 2026;' user_mem=32.99GiB(26.4%) job_mem=13.69GiB sys_used=56.4% mem_avail=54.6GiB zombies=0 batch_running=yes
[2026-09-02 09:03:04] STOPPING batch (memory limit (user_mem=26.4%, job_mem=13.78GiB, limits=30%/12GiB))
[2026-09-02 09:03:04] Sending TERM to wvfm2h5.py pid=576921
[2026-09-02 09:03:04] Sending TERM to batch pid=571074
[2026-09-02 09:03:17] Batch stopped. Checkpoint saved to /exp/sbnd/app/users/munjung/anomaly-detection/logs/wvfm2h5_checkpoint_crossingmuon.txt
[2026-09-02 09:03:17] Cooling down for 60s before resume
[2026-09-02 09:04:17] PROGRESS done=17/238 converted=8 workers=1/0 active current='Converting 71789176_29 at Wed Sep  2 08:58:04 AM CDT 2026;Converting 71789222_75 at Wed Sep  2 08:59:36 AM CDT 2026;Converting 71789265_118 at Wed Sep  2 09:00:47 AM CDT 2026;' user_mem=19.32GiB(15.4%) job_mem=0.02GiB sys_used=46.2% mem_avail=67.4GiB zombies=0 batch_running=yes
[2026-09-02 09:04:17] Batch already running; not starting another instance
[2026-09-02 09:09:18] PROGRESS done=17/238 converted=8 workers=1/0 active current='Converting 71789176_29 at Wed Sep  2 08:58:04 AM CDT 2026;Converting 71789222_75 at Wed Sep  2 08:59:36 AM CDT 2026;Converting 71789265_118 at Wed Sep  2 09:00:47 AM CDT 2026;' user_mem=19.30GiB(15.4%) job_mem=0.02GiB sys_used=46.6% mem_avail=66.8GiB zombies=0 batch_running=yes
[2026-09-02 09:14:19] PROGRESS done=17/238 converted=8 workers=1/0 active current='Converting 71789176_29 at Wed Sep  2 08:58:04 AM CDT 2026;Converting 71789222_75 at Wed Sep  2 08:59:36 AM CDT 2026;Converting 71789265_118 at Wed Sep  2 09:00:47 AM CDT 2026;' user_mem=19.32GiB(15.4%) job_mem=0.02GiB sys_used=47.6% mem_avail=65.6GiB zombies=0 batch_running=yes
[2026-09-02 09:19:20] PROGRESS done=17/238 converted=8 workers=1/0 active current='Converting 71789176_29 at Wed Sep  2 08:58:04 AM CDT 2026;Converting 71789222_75 at Wed Sep  2 08:59:36 AM CDT 2026;Converting 71789265_118 at Wed Sep  2 09:00:47 AM CDT 2026;' user_mem=19.32GiB(15.4%) job_mem=0.02GiB sys_used=48.9% mem_avail=64.0GiB zombies=0 batch_running=yes
[2026-09-02 09:24:20] PROGRESS done=17/238 converted=8 workers=1/0 active current='Converting 71789176_29 at Wed Sep  2 08:58:04 AM CDT 2026;Converting 71789222_75 at Wed Sep  2 08:59:36 AM CDT 2026;Converting 71789265_118 at Wed Sep  2 09:00:47 AM CDT 2026;' user_mem=19.32GiB(15.4%) job_mem=0.02GiB sys_used=48.6% mem_avail=64.3GiB zombies=0 batch_running=yes
[2026-09-02 09:29:21] PROGRESS done=17/238 converted=8 workers=1/1 active current='Converting 71789176_29 at Wed Sep  2 08:58:04 AM CDT 2026;Converting 71789222_75 at Wed Sep  2 08:59:36 AM CDT 2026;Converting 71789265_118 at Wed Sep  2 09:00:47 AM CDT 2026;' user_mem=19.37GiB(15.5%) job_mem=0.07GiB sys_used=49.0% mem_avail=63.8GiB zombies=0 batch_running=yes
[2026-09-02 09:34:22] PROGRESS done=17/238 converted=8 workers=1/0 active current='Converting 71789176_29 at Wed Sep  2 08:58:04 AM CDT 2026;Converting 71789222_75 at Wed Sep  2 08:59:36 AM CDT 2026;Converting 71789265_118 at Wed Sep  2 09:00:47 AM CDT 2026;' user_mem=19.33GiB(15.4%) job_mem=0.02GiB sys_used=49.7% mem_avail=63.0GiB zombies=0 batch_running=no
[2026-09-02 09:34:23] STARTING batch from checkpoint
[2026-09-02 09:34:23] Started batch pid=658367
[2026-09-02 09:39:23] PROGRESS done=17/238 converted=8 workers=1/1 active current='Converting 71789176_29 at Wed Sep  2 09:34:23 AM CDT 2026;Converting 71789222_75 at Wed Sep  2 09:35:58 AM CDT 2026;Converting 71789265_118 at Wed Sep  2 09:37:18 AM CDT 2026;' user_mem=30.08GiB(24.0%) job_mem=10.84GiB sys_used=58.4% mem_avail=52.1GiB zombies=0 batch_running=yes
[2026-09-02 09:39:24] STOPPING batch (zombie wvfm2h5 processes detected)
[2026-09-02 09:39:24] Sending TERM to wvfm2h5.py pid=665477
[2026-09-02 09:39:24] Sending TERM to batch pid=658367
[2026-09-02 09:39:34] Sending KILL to batch pid=669537
[2026-09-02 09:39:36] Batch stopped. Checkpoint saved to /exp/sbnd/app/users/munjung/anomaly-detection/logs/wvfm2h5_checkpoint_crossingmuon.txt
[2026-09-02 09:39:36] Cooling down for 60s before resume
[2026-09-02 09:40:37] PROGRESS done=17/238 converted=8 workers=1/0 active current='Converting 71789176_29 at Wed Sep  2 09:34:23 AM CDT 2026;Converting 71789222_75 at Wed Sep  2 09:35:58 AM CDT 2026;Converting 71789265_118 at Wed Sep  2 09:37:18 AM CDT 2026;' user_mem=19.32GiB(15.4%) job_mem=0.01GiB sys_used=50.8% mem_avail=61.5GiB zombies=0 batch_running=no
[2026-09-02 09:40:37] STARTING batch from checkpoint
[2026-09-02 09:40:37] Started batch pid=672036
[2026-09-02 09:45:38] PROGRESS done=17/238 converted=8 workers=1/1 active current='Converting 71789176_29 at Wed Sep  2 09:40:37 AM CDT 2026;Converting 71789222_75 at Wed Sep  2 09:42:11 AM CDT 2026;Converting 71789265_118 at Wed Sep  2 09:43:32 AM CDT 2026;' user_mem=33.41GiB(26.7%) job_mem=14.12GiB sys_used=62.0% mem_avail=47.5GiB zombies=0 batch_running=yes
[2026-09-02 09:45:38] STOPPING batch (memory limit (user_mem=26.8%, job_mem=14.25GiB, limits=30%/12GiB))
[2026-09-02 09:45:38] Sending TERM to wvfm2h5.py pid=676828
[2026-09-02 09:45:38] Sending TERM to batch pid=672036
[2026-09-02 09:45:50] Batch stopped. Checkpoint saved to /exp/sbnd/app/users/munjung/anomaly-detection/logs/wvfm2h5_checkpoint_crossingmuon.txt
[2026-09-02 09:45:50] Cooling down for 60s before resume
[2026-09-02 09:46:51] PROGRESS done=17/238 converted=8 workers=1/0 active current='Converting 71789176_29 at Wed Sep  2 09:40:37 AM CDT 2026;Converting 71789222_75 at Wed Sep  2 09:42:11 AM CDT 2026;Converting 71789265_118 at Wed Sep  2 09:43:32 AM CDT 2026;' user_mem=19.32GiB(15.4%) job_mem=0.01GiB sys_used=51.7% mem_avail=60.5GiB zombies=0 batch_running=no
[2026-09-02 09:46:51] STARTING batch from checkpoint
[2026-09-02 09:46:51] Started batch pid=682455
[2026-09-02 09:51:52] PROGRESS done=17/238 converted=8 workers=1/1 active current='Converting 71789176_29 at Wed Sep  2 09:46:52 AM CDT 2026;Converting 71789222_75 at Wed Sep  2 09:48:27 AM CDT 2026;Converting 71789265_118 at Wed Sep  2 09:49:46 AM CDT 2026;' user_mem=30.94GiB(24.7%) job_mem=11.63GiB sys_used=60.8% mem_avail=49.1GiB zombies=0 batch_running=yes
[2026-09-02 09:56:53] PROGRESS done=17/238 converted=8 workers=1/0 active current='Converting 71789176_29 at Wed Sep  2 09:46:52 AM CDT 2026;Converting 71789222_75 at Wed Sep  2 09:48:27 AM CDT 2026;Converting 71789265_118 at Wed Sep  2 09:49:46 AM CDT 2026;' user_mem=19.33GiB(15.4%) job_mem=0.02GiB sys_used=52.6% mem_avail=59.3GiB zombies=0 batch_running=yes
[2026-09-02 10:01:54] PROGRESS done=17/238 converted=8 workers=1/0 active current='Converting 71789176_29 at Wed Sep  2 09:46:52 AM CDT 2026;Converting 71789222_75 at Wed Sep  2 09:48:27 AM CDT 2026;Converting 71789265_118 at Wed Sep  2 09:49:46 AM CDT 2026;' user_mem=19.33GiB(15.4%) job_mem=0.02GiB sys_used=53.4% mem_avail=58.3GiB zombies=0 batch_running=yes
[2026-09-02 10:06:54] PROGRESS done=17/238 converted=8 workers=1/0 active current='Converting 71789176_29 at Wed Sep  2 09:46:52 AM CDT 2026;Converting 71789222_75 at Wed Sep  2 09:48:27 AM CDT 2026;Converting 71789265_118 at Wed Sep  2 09:49:46 AM CDT 2026;' user_mem=19.33GiB(15.4%) job_mem=0.02GiB sys_used=53.4% mem_avail=58.3GiB zombies=0 batch_running=yes
[2026-09-02 10:11:55] PROGRESS done=17/238 converted=8 workers=1/0 active current='Converting 71789176_29 at Wed Sep  2 09:46:52 AM CDT 2026;Converting 71789222_75 at Wed Sep  2 09:48:27 AM CDT 2026;Converting 71789265_118 at Wed Sep  2 09:49:46 AM CDT 2026;' user_mem=19.33GiB(15.5%) job_mem=0.02GiB sys_used=55.1% mem_avail=56.2GiB zombies=0 batch_running=yes
[2026-09-02 10:16:56] PROGRESS done=17/238 converted=8 workers=1/0 active current='Converting 71789176_29 at Wed Sep  2 09:46:52 AM CDT 2026;Converting 71789222_75 at Wed Sep  2 09:48:27 AM CDT 2026;Converting 71789265_118 at Wed Sep  2 09:49:46 AM CDT 2026;' user_mem=17.84GiB(14.3%) job_mem=0.02GiB sys_used=53.5% mem_avail=58.2GiB zombies=0 batch_running=yes
[2026-09-02 10:21:57] PROGRESS done=17/238 converted=8 workers=1/0 active current='Converting 71789176_29 at Wed Sep  2 09:46:52 AM CDT 2026;Converting 71789222_75 at Wed Sep  2 09:48:27 AM CDT 2026;Converting 71789265_118 at Wed Sep  2 09:49:46 AM CDT 2026;' user_mem=17.76GiB(14.2%) job_mem=0.02GiB sys_used=53.7% mem_avail=57.9GiB zombies=0 batch_running=yes
[2026-09-02 10:26:58] PROGRESS done=17/238 converted=8 workers=1/0 active current='Converting 71789176_29 at Wed Sep  2 09:46:52 AM CDT 2026;Converting 71789222_75 at Wed Sep  2 09:48:27 AM CDT 2026;Converting 71789265_118 at Wed Sep  2 09:49:46 AM CDT 2026;' user_mem=17.76GiB(14.2%) job_mem=0.02GiB sys_used=54.8% mem_avail=56.6GiB zombies=0 batch_running=yes
[2026-09-02 10:31:59] PROGRESS done=17/238 converted=8 workers=1/0 active current='Converting 71789176_29 at Wed Sep  2 09:46:52 AM CDT 2026;Converting 71789222_75 at Wed Sep  2 09:48:27 AM CDT 2026;Converting 71789265_118 at Wed Sep  2 09:49:46 AM CDT 2026;' user_mem=17.75GiB(14.2%) job_mem=0.02GiB sys_used=55.6% mem_avail=55.6GiB zombies=0 batch_running=yes
[2026-09-02 10:36:59] PROGRESS done=17/238 converted=8 workers=1/0 active current='Converting 71789176_29 at Wed Sep  2 09:46:52 AM CDT 2026;Converting 71789222_75 at Wed Sep  2 09:48:27 AM CDT 2026;Converting 71789265_118 at Wed Sep  2 09:49:46 AM CDT 2026;' user_mem=17.75GiB(14.2%) job_mem=0.02GiB sys_used=56.6% mem_avail=54.4GiB zombies=0 batch_running=yes
[2026-09-02 10:42:00] PROGRESS done=17/238 converted=8 workers=1/0 active current='Converting 71789176_29 at Wed Sep  2 09:46:52 AM CDT 2026;Converting 71789222_75 at Wed Sep  2 09:48:27 AM CDT 2026;Converting 71789265_118 at Wed Sep  2 09:49:46 AM CDT 2026;' user_mem=17.75GiB(14.2%) job_mem=0.02GiB sys_used=59.9% mem_avail=50.2GiB zombies=0 batch_running=yes
[2026-09-02 10:47:01] PROGRESS done=17/238 converted=8 workers=1/0 active current='Converting 71789176_29 at Wed Sep  2 09:46:52 AM CDT 2026;Converting 71789222_75 at Wed Sep  2 09:48:27 AM CDT 2026;Converting 71789265_118 at Wed Sep  2 09:49:46 AM CDT 2026;' user_mem=17.73GiB(14.2%) job_mem=0.02GiB sys_used=62.9% mem_avail=46.4GiB zombies=0 batch_running=yes
[2026-09-02 10:52:02] PROGRESS done=17/238 converted=8 workers=1/0 active current='Converting 71789176_29 at Wed Sep  2 09:46:52 AM CDT 2026;Converting 71789222_75 at Wed Sep  2 09:48:27 AM CDT 2026;Converting 71789265_118 at Wed Sep  2 09:49:46 AM CDT 2026;' user_mem=17.73GiB(14.2%) job_mem=0.02GiB sys_used=66.6% mem_avail=41.7GiB zombies=0 batch_running=yes
[2026-09-02 10:57:03] PROGRESS done=17/238 converted=8 workers=1/0 active current='Converting 71789176_29 at Wed Sep  2 09:46:52 AM CDT 2026;Converting 71789222_75 at Wed Sep  2 09:48:27 AM CDT 2026;Converting 71789265_118 at Wed Sep  2 09:49:46 AM CDT 2026;' user_mem=17.72GiB(14.2%) job_mem=0.02GiB sys_used=68.6% mem_avail=39.3GiB zombies=0 batch_running=yes
[2026-09-02 11:02:04] PROGRESS done=17/238 converted=8 workers=1/0 active current='Converting 71789176_29 at Wed Sep  2 09:46:52 AM CDT 2026;Converting 71789222_75 at Wed Sep  2 09:48:27 AM CDT 2026;Converting 71789265_118 at Wed Sep  2 09:49:46 AM CDT 2026;' user_mem=17.71GiB(14.2%) job_mem=0.02GiB sys_used=72.4% mem_avail=34.5GiB zombies=0 batch_running=yes
[2026-09-02 11:07:05] PROGRESS done=17/238 converted=8 workers=1/0 active current='Converting 71789176_29 at Wed Sep  2 09:46:52 AM CDT 2026;Converting 71789222_75 at Wed Sep  2 09:48:27 AM CDT 2026;Converting 71789265_118 at Wed Sep  2 09:49:46 AM CDT 2026;' user_mem=17.71GiB(14.2%) job_mem=0.02GiB sys_used=74.2% mem_avail=32.3GiB zombies=0 batch_running=yes
[2026-09-02 11:12:06] PROGRESS done=17/238 converted=8 workers=1/0 active current='Converting 71789176_29 at Wed Sep  2 09:46:52 AM CDT 2026;Converting 71789222_75 at Wed Sep  2 09:48:27 AM CDT 2026;Converting 71789265_118 at Wed Sep  2 09:49:46 AM CDT 2026;' user_mem=18.70GiB(14.9%) job_mem=0.02GiB sys_used=77.6% mem_avail=28.0GiB zombies=0 batch_running=yes
[2026-09-02 11:17:06] PROGRESS done=17/238 converted=8 workers=1/0 active current='Converting 71789176_29 at Wed Sep  2 09:46:52 AM CDT 2026;Converting 71789222_75 at Wed Sep  2 09:48:27 AM CDT 2026;Converting 71789265_118 at Wed Sep  2 09:49:46 AM CDT 2026;' user_mem=17.58GiB(14.0%) job_mem=0.02GiB sys_used=79.0% mem_avail=26.3GiB zombies=0 batch_running=yes
[2026-09-02 11:22:07] PROGRESS done=17/238 converted=8 workers=1/0 active current='Converting 71789176_29 at Wed Sep  2 09:46:52 AM CDT 2026;Converting 71789222_75 at Wed Sep  2 09:48:27 AM CDT 2026;Converting 71789265_118 at Wed Sep  2 09:49:46 AM CDT 2026;' user_mem=17.70GiB(14.1%) job_mem=0.02GiB sys_used=81.1% mem_avail=23.7GiB zombies=0 batch_running=yes
[2026-09-02 11:27:08] PROGRESS done=17/238 converted=8 workers=1/0 active current='Converting 71789176_29 at Wed Sep  2 09:46:52 AM CDT 2026;Converting 71789222_75 at Wed Sep  2 09:48:27 AM CDT 2026;Converting 71789265_118 at Wed Sep  2 09:49:46 AM CDT 2026;' user_mem=17.73GiB(14.2%) job_mem=0.02GiB sys_used=83.8% mem_avail=20.2GiB zombies=0 batch_running=yes
[2026-09-02 11:32:09] PROGRESS done=17/238 converted=8 workers=1/1 active current='Converting 71789176_29 at Wed Sep  2 09:46:52 AM CDT 2026;Converting 71789222_75 at Wed Sep  2 09:48:27 AM CDT 2026;Converting 71789265_118 at Wed Sep  2 09:49:46 AM CDT 2026;' user_mem=18.17GiB(14.5%) job_mem=0.04GiB sys_used=85.4% mem_avail=18.2GiB zombies=0 batch_running=yes
[2026-09-02 11:37:10] PROGRESS done=17/238 converted=8 workers=1/0 active current='Converting 71789176_29 at Wed Sep  2 09:46:52 AM CDT 2026;Converting 71789222_75 at Wed Sep  2 09:48:27 AM CDT 2026;Converting 71789265_118 at Wed Sep  2 09:49:46 AM CDT 2026;' user_mem=19.09GiB(15.3%) job_mem=0.02GiB sys_used=88.4% mem_avail=14.5GiB zombies=0 batch_running=yes
[2026-09-02 11:42:11] PROGRESS done=17/238 converted=8 workers=1/0 active current='Converting 71789176_29 at Wed Sep  2 09:46:52 AM CDT 2026;Converting 71789222_75 at Wed Sep  2 09:48:27 AM CDT 2026;Converting 71789265_118 at Wed Sep  2 09:49:46 AM CDT 2026;' user_mem=18.29GiB(14.6%) job_mem=0.02GiB sys_used=90.3% mem_avail=12.1GiB zombies=0 batch_running=yes
[2026-09-02 11:47:12] PROGRESS done=17/238 converted=8 workers=1/0 active current='Converting 71789176_29 at Wed Sep  2 09:46:52 AM CDT 2026;Converting 71789222_75 at Wed Sep  2 09:48:27 AM CDT 2026;Converting 71789265_118 at Wed Sep  2 09:49:46 AM CDT 2026;' user_mem=1.86GiB(1.5%) job_mem=0.02GiB sys_used=80.0% mem_avail=25.0GiB zombies=0 batch_running=yes
[2026-09-02 11:52:13] PROGRESS done=17/238 converted=8 workers=1/0 active current='Converting 71789176_29 at Wed Sep  2 09:46:52 AM CDT 2026;Converting 71789222_75 at Wed Sep  2 09:48:27 AM CDT 2026;Converting 71789265_118 at Wed Sep  2 09:49:46 AM CDT 2026;' user_mem=1.89GiB(1.5%) job_mem=0.02GiB sys_used=11.6% mem_avail=110.6GiB zombies=0 batch_running=yes
[2026-09-02 11:57:15] PROGRESS done=17/238 converted=8 workers=1/0 active current='Converting 71789176_29 at Wed Sep  2 09:46:52 AM CDT 2026;Converting 71789222_75 at Wed Sep  2 09:48:27 AM CDT 2026;Converting 71789265_118 at Wed Sep  2 09:49:46 AM CDT 2026;' user_mem=13.23GiB(10.8%) job_mem=0.02GiB sys_used=24.9% mem_avail=94.0GiB zombies=0 batch_running=yes
[2026-09-02 12:02:16] PROGRESS done=17/238 converted=8 workers=1/0 active current='Converting 71789176_29 at Wed Sep  2 09:46:52 AM CDT 2026;Converting 71789222_75 at Wed Sep  2 09:48:27 AM CDT 2026;Converting 71789265_118 at Wed Sep  2 09:49:46 AM CDT 2026;' user_mem=14.29GiB(11.4%) job_mem=0.02GiB sys_used=23.0% mem_avail=96.4GiB zombies=0 batch_running=yes
[2026-09-02 12:07:17] PROGRESS done=17/238 converted=8 workers=1/0 active current='Converting 71789176_29 at Wed Sep  2 09:46:52 AM CDT 2026;Converting 71789222_75 at Wed Sep  2 09:48:27 AM CDT 2026;Converting 71789265_118 at Wed Sep  2 09:49:46 AM CDT 2026;' user_mem=13.83GiB(10.9%) job_mem=0.02GiB sys_used=23.2% mem_avail=96.1GiB zombies=0 batch_running=yes
[2026-09-02 12:12:18] PROGRESS done=17/238 converted=8 workers=1/0 active current='Converting 71789176_29 at Wed Sep  2 09:46:52 AM CDT 2026;Converting 71789222_75 at Wed Sep  2 09:48:27 AM CDT 2026;Converting 71789265_118 at Wed Sep  2 09:49:46 AM CDT 2026;' user_mem=12.67GiB(10.1%) job_mem=0.02GiB sys_used=22.5% mem_avail=97.0GiB zombies=0 batch_running=yes
[2026-09-02 12:17:19] PROGRESS done=17/238 converted=8 workers=1/0 active current='Converting 71789176_29 at Wed Sep  2 09:46:52 AM CDT 2026;Converting 71789222_75 at Wed Sep  2 09:48:27 AM CDT 2026;Converting 71789265_118 at Wed Sep  2 09:49:46 AM CDT 2026;' user_mem=12.85GiB(10.2%) job_mem=0.02GiB sys_used=23.0% mem_avail=96.3GiB zombies=0 batch_running=yes
[2026-09-02 12:22:20] PROGRESS done=17/238 converted=8 workers=1/0 active current='Converting 71789176_29 at Wed Sep  2 09:46:52 AM CDT 2026;Converting 71789222_75 at Wed Sep  2 09:48:27 AM CDT 2026;Converting 71789265_118 at Wed Sep  2 09:49:46 AM CDT 2026;' user_mem=14.68GiB(11.7%) job_mem=0.02GiB sys_used=24.5% mem_avail=94.4GiB zombies=0 batch_running=yes
[2026-09-02 12:27:20] PROGRESS done=17/238 converted=8 workers=1/0 active current='Converting 71789176_29 at Wed Sep  2 09:46:52 AM CDT 2026;Converting 71789222_75 at Wed Sep  2 09:48:27 AM CDT 2026;Converting 71789265_118 at Wed Sep  2 09:49:46 AM CDT 2026;' user_mem=15.11GiB(12.1%) job_mem=0.02GiB sys_used=25.6% mem_avail=93.1GiB zombies=0 batch_running=yes
[2026-09-02 12:32:21] PROGRESS done=17/238 converted=8 workers=1/0 active current='Converting 71789176_29 at Wed Sep  2 09:46:52 AM CDT 2026;Converting 71789222_75 at Wed Sep  2 09:48:27 AM CDT 2026;Converting 71789265_118 at Wed Sep  2 09:49:46 AM CDT 2026;' user_mem=15.16GiB(12.1%) job_mem=0.02GiB sys_used=26.5% mem_avail=92.0GiB zombies=0 batch_running=yes
[2026-09-02 12:37:22] PROGRESS done=17/238 converted=8 workers=1/0 active current='Converting 71789176_29 at Wed Sep  2 09:46:52 AM CDT 2026;Converting 71789222_75 at Wed Sep  2 09:48:27 AM CDT 2026;Converting 71789265_118 at Wed Sep  2 09:49:46 AM CDT 2026;' user_mem=14.72GiB(11.8%) job_mem=0.07GiB sys_used=27.6% mem_avail=90.5GiB zombies=0 batch_running=yes
[2026-09-02 12:42:23] PROGRESS done=17/238 converted=8 workers=1/0 active current='Converting 71789176_29 at Wed Sep  2 09:46:52 AM CDT 2026;Converting 71789222_75 at Wed Sep  2 09:48:27 AM CDT 2026;Converting 71789265_118 at Wed Sep  2 09:49:46 AM CDT 2026;' user_mem=14.42GiB(11.6%) job_mem=0.01GiB sys_used=28.3% mem_avail=89.7GiB zombies=0 batch_running=no
[2026-09-02 12:47:24] PROGRESS done=17/238 converted=8 workers=1/1 active current='Converting 71789176_29 at Wed Sep  2 09:46:52 AM CDT 2026;Converting 71789222_75 at Wed Sep  2 09:48:27 AM CDT 2026;Converting 71789265_118 at Wed Sep  2 09:49:46 AM CDT 2026;' user_mem=15.48GiB(12.3%) job_mem=0.02GiB sys_used=28.9% mem_avail=89.0GiB zombies=0 batch_running=no
[2026-09-02 12:47:25] STARTING batch from checkpoint
[2026-09-02 12:47:25] Started batch pid=1143312
[2026-09-02 12:52:26] PROGRESS done=17/238 converted=8 workers=1/1 active current='Converting 71789176_29 at Wed Sep  2 12:47:25 PM CDT 2026;Converting 71789222_75 at Wed Sep  2 12:48:55 PM CDT 2026;Converting 71789265_118 at Wed Sep  2 12:50:12 PM CDT 2026;' user_mem=26.99GiB(21.6%) job_mem=12.10GiB sys_used=39.2% mem_avail=76.1GiB zombies=0 batch_running=yes
[2026-09-02 12:52:26] STOPPING batch (memory limit (user_mem=22.0%, job_mem=12.31GiB, limits=30%/12GiB))
[2026-09-02 12:52:26] Sending TERM to wvfm2h5.py pid=1152150
[2026-09-02 12:52:26] Sending TERM to batch pid=1143312
[2026-09-02 12:52:36] Sending KILL to batch pid=1159708
[2026-09-02 12:52:38] Batch stopped. Checkpoint saved to /exp/sbnd/app/users/munjung/anomaly-detection/logs/wvfm2h5_checkpoint_crossingmuon.txt
[2026-09-02 12:52:38] Cooling down for 60s before resume
[2026-09-02 12:53:39] PROGRESS done=17/238 converted=8 workers=1/0 active current='Converting 71789176_29 at Wed Sep  2 12:47:25 PM CDT 2026;Converting 71789222_75 at Wed Sep  2 12:48:55 PM CDT 2026;Converting 71789265_118 at Wed Sep  2 12:50:12 PM CDT 2026;' user_mem=15.19GiB(12.4%) job_mem=0.01GiB sys_used=34.6% mem_avail=81.9GiB zombies=0 batch_running=no
[2026-09-02 12:53:39] STARTING batch from checkpoint
[2026-09-02 12:53:39] Started batch pid=1163354
[2026-09-02 12:58:40] PROGRESS done=17/238 converted=8 workers=1/0 active current='Converting 71789176_29 at Wed Sep  2 12:53:40 PM CDT 2026;Converting 71789222_75 at Wed Sep  2 12:55:15 PM CDT 2026;Converting 71789265_118 at Wed Sep  2 12:56:45 PM CDT 2026;' user_mem=14.57GiB(11.6%) job_mem=0.01GiB sys_used=36.6% mem_avail=79.4GiB zombies=0 batch_running=no
[2026-09-02 12:58:41] STARTING batch from checkpoint
[2026-09-02 12:58:41] Started batch pid=1175339
[2026-09-02 13:03:42] PROGRESS done=17/238 converted=8 workers=1/1 active current='Converting 71789176_29 at Wed Sep  2 12:58:42 PM CDT 2026;Converting 71789222_75 at Wed Sep  2 01:00:22 PM CDT 2026;Converting 71789265_118 at Wed Sep  2 01:01:39 PM CDT 2026;' user_mem=30.08GiB(23.9%) job_mem=14.34GiB sys_used=49.4% mem_avail=63.3GiB zombies=0 batch_running=yes
[2026-09-02 13:03:42] STOPPING batch (memory limit (user_mem=21.8%, job_mem=7.32GiB, limits=30%/12GiB))
[2026-09-02 13:03:43] Sending TERM to wvfm2h5.py pid=1183416
[2026-09-02 13:03:43] Sending TERM to batch pid=1175339
[2026-09-02 13:03:53] Sending KILL to batch pid=1192903
[2026-09-02 13:03:55] Batch stopped. Checkpoint saved to /exp/sbnd/app/users/munjung/anomaly-detection/logs/wvfm2h5_checkpoint_crossingmuon.txt
[2026-09-02 13:03:55] Cooling down for 60s before resume
[2026-09-02 13:04:56] PROGRESS done=17/238 converted=8 workers=1/0 active current='Converting 71789176_29 at Wed Sep  2 12:58:42 PM CDT 2026;Converting 71789222_75 at Wed Sep  2 01:00:22 PM CDT 2026;Converting 71789265_118 at Wed Sep  2 01:01:39 PM CDT 2026;' user_mem=15.03GiB(11.9%) job_mem=0.01GiB sys_used=41.4% mem_avail=73.4GiB zombies=0 batch_running=no
[2026-09-02 13:04:56] STARTING batch from checkpoint
[2026-09-02 13:04:56] Started batch pid=1195881
[2026-09-02 13:09:57] PROGRESS done=17/238 converted=8 workers=1/1 active current='Converting 71789176_29 at Wed Sep  2 01:04:57 PM CDT 2026;Converting 71789222_75 at Wed Sep  2 01:06:38 PM CDT 2026;Converting 71789265_118 at Wed Sep  2 01:08:06 PM CDT 2026;' user_mem=25.63GiB(20.4%) job_mem=10.61GiB sys_used=39.1% mem_avail=76.2GiB zombies=0 batch_running=yes
[2026-09-02 13:14:58] PROGRESS done=17/238 converted=8 workers=1/0 active current='Converting 71789176_29 at Wed Sep  2 01:04:57 PM CDT 2026;Converting 71789222_75 at Wed Sep  2 01:06:38 PM CDT 2026;Converting 71789265_118 at Wed Sep  2 01:08:06 PM CDT 2026;' user_mem=4.32GiB(3.4%) job_mem=0.01GiB sys_used=29.9% mem_avail=87.7GiB zombies=0 batch_running=no
[2026-09-02 13:14:58] STARTING batch from checkpoint
[2026-09-02 13:14:58] Started batch pid=1225718
[2026-09-02 13:19:59] PROGRESS done=17/238 converted=8 workers=1/1 active current='Converting 71789176_29 at Wed Sep  2 01:14:59 PM CDT 2026;Converting 71789222_75 at Wed Sep  2 01:17:05 PM CDT 2026;Converting 71789265_118 at Wed Sep  2 01:18:27 PM CDT 2026;' user_mem=16.64GiB(13.3%) job_mem=12.37GiB sys_used=40.1% mem_avail=75.0GiB zombies=0 batch_running=yes
[2026-09-02 13:19:59] STOPPING batch (memory limit (user_mem=13.5%, job_mem=12.58GiB, limits=30%/12GiB))
[2026-09-02 13:20:00] Sending TERM to wvfm2h5.py pid=1237725
[2026-09-02 13:20:00] Sending TERM to batch pid=1225718
[2026-09-02 13:20:10] Sending KILL to wvfm2h5.py pid=1242642
[2026-09-02 13:20:10] Sending KILL to batch pid=1242568
[2026-09-02 13:20:10] Sending KILL to batch pid=1242721
[2026-09-02 13:20:12] Batch stopped. Checkpoint saved to /exp/sbnd/app/users/munjung/anomaly-detection/logs/wvfm2h5_checkpoint_crossingmuon.txt
[2026-09-02 13:20:12] Cooling down for 60s before resume
[2026-09-02 13:21:13] PROGRESS done=17/238 converted=8 workers=1/0 active current='Converting 71789176_29 at Wed Sep  2 01:14:59 PM CDT 2026;Converting 71789222_75 at Wed Sep  2 01:17:05 PM CDT 2026;Converting 71789265_118 at Wed Sep  2 01:18:27 PM CDT 2026;' user_mem=4.65GiB(3.7%) job_mem=0.01GiB sys_used=32.5% mem_avail=84.5GiB zombies=0 batch_running=no
[2026-09-02 13:21:13] STARTING batch from checkpoint
[2026-09-02 13:21:13] Started batch pid=1245693
[2026-09-02 13:26:13] PROGRESS done=17/238 converted=8 workers=1/0 active current='Converting 71789176_29 at Wed Sep  2 01:21:13 PM CDT 2026;Converting 71789222_75 at Wed Sep  2 01:22:53 PM CDT 2026;Converting 71789265_118 at Wed Sep  2 01:24:16 PM CDT 2026;' user_mem=4.81GiB(3.9%) job_mem=0.01GiB sys_used=31.5% mem_avail=85.8GiB zombies=0 batch_running=no
[2026-09-02 13:26:14] STARTING batch from checkpoint
[2026-09-02 13:26:14] Started batch pid=1258982
[2026-09-02 13:31:15] PROGRESS done=17/238 converted=8 workers=1/1 active current='Converting 71789176_29 at Wed Sep  2 01:26:15 PM CDT 2026;Converting 71789222_75 at Wed Sep  2 01:27:50 PM CDT 2026;Converting 71789265_118 at Wed Sep  2 01:29:07 PM CDT 2026;' user_mem=17.06GiB(13.7%) job_mem=12.37GiB sys_used=48.4% mem_avail=64.6GiB zombies=0 batch_running=yes
[2026-09-02 13:31:15] STOPPING batch (memory limit (user_mem=13.8%, job_mem=12.60GiB, limits=30%/12GiB))
[2026-09-02 13:31:16] Sending TERM to wvfm2h5.py pid=1267946
[2026-09-02 13:31:16] Sending TERM to batch pid=1258982
[2026-09-02 13:31:28] Batch stopped. Checkpoint saved to /exp/sbnd/app/users/munjung/anomaly-detection/logs/wvfm2h5_checkpoint_crossingmuon.txt
[2026-09-02 13:31:28] Cooling down for 60s before resume
[2026-09-02 13:32:29] PROGRESS done=17/238 converted=8 workers=1/0 active current='Converting 71789176_29 at Wed Sep  2 01:26:15 PM CDT 2026;Converting 71789222_75 at Wed Sep  2 01:27:50 PM CDT 2026;Converting 71789265_118 at Wed Sep  2 01:29:07 PM CDT 2026;' user_mem=4.91GiB(3.9%) job_mem=0.02GiB sys_used=34.8% mem_avail=81.6GiB zombies=0 batch_running=yes
[2026-09-02 13:32:29] Batch already running; not starting another instance
[2026-09-02 13:37:29] PROGRESS done=17/238 converted=8 workers=1/0 active current='Converting 71789176_29 at Wed Sep  2 01:26:15 PM CDT 2026;Converting 71789222_75 at Wed Sep  2 01:27:50 PM CDT 2026;Converting 71789265_118 at Wed Sep  2 01:29:07 PM CDT 2026;' user_mem=5.40GiB(4.3%) job_mem=0.02GiB sys_used=36.9% mem_avail=78.9GiB zombies=0 batch_running=yes
[2026-09-02 13:42:30] PROGRESS done=17/238 converted=8 workers=1/0 active current='Converting 71789176_29 at Wed Sep  2 01:26:15 PM CDT 2026;Converting 71789222_75 at Wed Sep  2 01:27:50 PM CDT 2026;Converting 71789265_118 at Wed Sep  2 01:29:07 PM CDT 2026;' user_mem=5.48GiB(4.4%) job_mem=0.02GiB sys_used=24.9% mem_avail=94.0GiB zombies=0 batch_running=yes
[2026-09-02 13:47:31] PROGRESS done=17/238 converted=8 workers=1/0 active current='Converting 71789176_29 at Wed Sep  2 01:26:15 PM CDT 2026;Converting 71789222_75 at Wed Sep  2 01:27:50 PM CDT 2026;Converting 71789265_118 at Wed Sep  2 01:29:07 PM CDT 2026;' user_mem=5.58GiB(4.4%) job_mem=0.02GiB sys_used=31.6% mem_avail=85.6GiB zombies=0 batch_running=yes
[2026-09-02 13:52:32] PROGRESS done=17/238 converted=8 workers=1/0 active current='Converting 71789176_29 at Wed Sep  2 01:26:15 PM CDT 2026;Converting 71789222_75 at Wed Sep  2 01:27:50 PM CDT 2026;Converting 71789265_118 at Wed Sep  2 01:29:07 PM CDT 2026;' user_mem=5.37GiB(4.3%) job_mem=0.02GiB sys_used=32.7% mem_avail=84.2GiB zombies=0 batch_running=yes
[2026-09-02 13:57:33] PROGRESS done=17/238 converted=8 workers=1/0 active current='Converting 71789176_29 at Wed Sep  2 01:26:15 PM CDT 2026;Converting 71789222_75 at Wed Sep  2 01:27:50 PM CDT 2026;Converting 71789265_118 at Wed Sep  2 01:29:07 PM CDT 2026;' user_mem=5.27GiB(4.2%) job_mem=0.02GiB sys_used=34.2% mem_avail=82.4GiB zombies=0 batch_running=yes
[2026-09-02 14:02:34] PROGRESS done=17/238 converted=8 workers=1/0 active current='Converting 71789176_29 at Wed Sep  2 01:26:15 PM CDT 2026;Converting 71789222_75 at Wed Sep  2 01:27:50 PM CDT 2026;Converting 71789265_118 at Wed Sep  2 01:29:07 PM CDT 2026;' user_mem=5.95GiB(4.8%) job_mem=0.02GiB sys_used=35.3% mem_avail=80.9GiB zombies=0 batch_running=yes
[2026-09-02 14:07:36] PROGRESS done=17/238 converted=8 workers=1/0 active current='Converting 71789176_29 at Wed Sep  2 01:26:15 PM CDT 2026;Converting 71789222_75 at Wed Sep  2 01:27:50 PM CDT 2026;Converting 71789265_118 at Wed Sep  2 01:29:07 PM CDT 2026;' user_mem=5.26GiB(4.2%) job_mem=0.02GiB sys_used=36.3% mem_avail=79.7GiB zombies=0 batch_running=yes
[2026-09-02 14:12:37] PROGRESS done=17/238 converted=8 workers=1/0 active current='Converting 71789176_29 at Wed Sep  2 01:26:15 PM CDT 2026;Converting 71789222_75 at Wed Sep  2 01:27:50 PM CDT 2026;Converting 71789265_118 at Wed Sep  2 01:29:07 PM CDT 2026;' user_mem=5.36GiB(4.2%) job_mem=0.02GiB sys_used=40.5% mem_avail=74.4GiB zombies=0 batch_running=yes
[2026-09-02 14:17:38] PROGRESS done=17/238 converted=8 workers=1/0 active current='Converting 71789176_29 at Wed Sep  2 01:26:15 PM CDT 2026;Converting 71789222_75 at Wed Sep  2 01:27:50 PM CDT 2026;Converting 71789265_118 at Wed Sep  2 01:29:07 PM CDT 2026;' user_mem=5.35GiB(4.3%) job_mem=0.02GiB sys_used=33.0% mem_avail=83.8GiB zombies=0 batch_running=yes
[2026-09-02 14:22:39] PROGRESS done=17/238 converted=8 workers=1/0 active current='Converting 71789176_29 at Wed Sep  2 01:26:15 PM CDT 2026;Converting 71789222_75 at Wed Sep  2 01:27:50 PM CDT 2026;Converting 71789265_118 at Wed Sep  2 01:29:07 PM CDT 2026;' user_mem=5.74GiB(4.6%) job_mem=0.02GiB sys_used=30.6% mem_avail=86.7GiB zombies=0 batch_running=yes
[2026-09-02 14:27:40] PROGRESS done=17/238 converted=8 workers=1/0 active current='Converting 71789176_29 at Wed Sep  2 01:26:15 PM CDT 2026;Converting 71789222_75 at Wed Sep  2 01:27:50 PM CDT 2026;Converting 71789265_118 at Wed Sep  2 01:29:07 PM CDT 2026;' user_mem=5.60GiB(4.5%) job_mem=0.02GiB sys_used=37.1% mem_avail=78.7GiB zombies=0 batch_running=yes
[2026-09-02 14:32:41] PROGRESS done=17/238 converted=8 workers=1/0 active current='Converting 71789176_29 at Wed Sep  2 01:26:15 PM CDT 2026;Converting 71789222_75 at Wed Sep  2 01:27:50 PM CDT 2026;Converting 71789265_118 at Wed Sep  2 01:29:07 PM CDT 2026;' user_mem=5.80GiB(4.7%) job_mem=0.02GiB sys_used=39.0% mem_avail=76.4GiB zombies=0 batch_running=yes
[2026-09-02 14:37:42] PROGRESS done=17/238 converted=8 workers=1/0 active current='Converting 71789176_29 at Wed Sep  2 01:26:15 PM CDT 2026;Converting 71789222_75 at Wed Sep  2 01:27:50 PM CDT 2026;Converting 71789265_118 at Wed Sep  2 01:29:07 PM CDT 2026;' user_mem=5.33GiB(4.2%) job_mem=0.02GiB sys_used=43.4% mem_avail=70.9GiB zombies=0 batch_running=yes
[2026-09-02 14:42:43] PROGRESS done=17/238 converted=8 workers=1/0 active current='Converting 71789176_29 at Wed Sep  2 01:26:15 PM CDT 2026;Converting 71789222_75 at Wed Sep  2 01:27:50 PM CDT 2026;Converting 71789265_118 at Wed Sep  2 01:29:07 PM CDT 2026;' user_mem=5.57GiB(4.4%) job_mem=0.02GiB sys_used=47.0% mem_avail=66.3GiB zombies=0 batch_running=yes
[2026-09-02 14:47:44] PROGRESS done=17/238 converted=8 workers=1/0 active current='Converting 71789176_29 at Wed Sep  2 01:26:15 PM CDT 2026;Converting 71789222_75 at Wed Sep  2 01:27:50 PM CDT 2026;Converting 71789265_118 at Wed Sep  2 01:29:07 PM CDT 2026;' user_mem=5.57GiB(4.4%) job_mem=0.02GiB sys_used=51.5% mem_avail=60.7GiB zombies=0 batch_running=yes
[2026-09-02 14:52:45] PROGRESS done=17/238 converted=8 workers=1/0 active current='Converting 71789176_29 at Wed Sep  2 01:26:15 PM CDT 2026;Converting 71789222_75 at Wed Sep  2 01:27:50 PM CDT 2026;Converting 71789265_118 at Wed Sep  2 01:29:07 PM CDT 2026;' user_mem=5.44GiB(4.3%) job_mem=0.02GiB sys_used=52.8% mem_avail=59.1GiB zombies=0 batch_running=yes
[2026-09-02 14:57:46] PROGRESS done=17/238 converted=8 workers=1/0 active current='Converting 71789176_29 at Wed Sep  2 01:26:15 PM CDT 2026;Converting 71789222_75 at Wed Sep  2 01:27:50 PM CDT 2026;Converting 71789265_118 at Wed Sep  2 01:29:07 PM CDT 2026;' user_mem=5.62GiB(4.5%) job_mem=0.02GiB sys_used=53.2% mem_avail=58.6GiB zombies=0 batch_running=yes
[2026-09-02 15:02:47] PROGRESS done=17/238 converted=8 workers=1/0 active current='Converting 71789176_29 at Wed Sep  2 01:26:15 PM CDT 2026;Converting 71789222_75 at Wed Sep  2 01:27:50 PM CDT 2026;Converting 71789265_118 at Wed Sep  2 01:29:07 PM CDT 2026;' user_mem=5.51GiB(4.4%) job_mem=0.02GiB sys_used=48.8% mem_avail=64.0GiB zombies=0 batch_running=yes
[2026-09-02 15:07:48] PROGRESS done=17/238 converted=8 workers=1/0 active current='Converting 71789176_29 at Wed Sep  2 01:26:15 PM CDT 2026;Converting 71789222_75 at Wed Sep  2 01:27:50 PM CDT 2026;Converting 71789265_118 at Wed Sep  2 01:29:07 PM CDT 2026;' user_mem=5.55GiB(4.4%) job_mem=0.02GiB sys_used=53.4% mem_avail=58.3GiB zombies=0 batch_running=yes
[2026-09-02 15:12:49] PROGRESS done=17/238 converted=8 workers=1/0 active current='Converting 71789176_29 at Wed Sep  2 01:26:15 PM CDT 2026;Converting 71789222_75 at Wed Sep  2 01:27:50 PM CDT 2026;Converting 71789265_118 at Wed Sep  2 01:29:07 PM CDT 2026;' user_mem=5.54GiB(4.5%) job_mem=0.02GiB sys_used=30.5% mem_avail=87.0GiB zombies=0 batch_running=yes
[2026-09-02 15:17:50] PROGRESS done=17/238 converted=8 workers=1/0 active current='Converting 71789176_29 at Wed Sep  2 01:26:15 PM CDT 2026;Converting 71789222_75 at Wed Sep  2 01:27:50 PM CDT 2026;Converting 71789265_118 at Wed Sep  2 01:29:07 PM CDT 2026;' user_mem=5.53GiB(4.4%) job_mem=0.02GiB sys_used=19.4% mem_avail=100.8GiB zombies=0 batch_running=yes
[2026-09-02 15:22:51] PROGRESS done=17/238 converted=8 workers=1/0 active current='Converting 71789176_29 at Wed Sep  2 01:26:15 PM CDT 2026;Converting 71789222_75 at Wed Sep  2 01:27:50 PM CDT 2026;Converting 71789265_118 at Wed Sep  2 01:29:07 PM CDT 2026;' user_mem=5.52GiB(4.4%) job_mem=0.02GiB sys_used=16.2% mem_avail=104.7GiB zombies=0 batch_running=yes
[2026-09-02 15:27:52] PROGRESS done=17/238 converted=8 workers=1/0 active current='Converting 71789176_29 at Wed Sep  2 01:26:15 PM CDT 2026;Converting 71789222_75 at Wed Sep  2 01:27:50 PM CDT 2026;Converting 71789265_118 at Wed Sep  2 01:29:07 PM CDT 2026;' user_mem=5.84GiB(4.6%) job_mem=0.02GiB sys_used=17.7% mem_avail=103.0GiB zombies=0 batch_running=yes
[2026-09-02 15:32:53] PROGRESS done=17/238 converted=8 workers=1/0 active current='Converting 71789176_29 at Wed Sep  2 01:26:15 PM CDT 2026;Converting 71789222_75 at Wed Sep  2 01:27:50 PM CDT 2026;Converting 71789265_118 at Wed Sep  2 01:29:07 PM CDT 2026;' user_mem=5.68GiB(4.5%) job_mem=0.02GiB sys_used=21.6% mem_avail=98.0GiB zombies=0 batch_running=yes
[2026-09-02 15:37:54] PROGRESS done=17/238 converted=8 workers=1/0 active current='Converting 71789176_29 at Wed Sep  2 01:26:15 PM CDT 2026;Converting 71789222_75 at Wed Sep  2 01:27:50 PM CDT 2026;Converting 71789265_118 at Wed Sep  2 01:29:07 PM CDT 2026;' user_mem=5.91GiB(4.6%) job_mem=0.02GiB sys_used=13.0% mem_avail=108.8GiB zombies=0 batch_running=yes
[2026-09-02 15:42:55] PROGRESS done=17/238 converted=8 workers=1/0 active current='Converting 71789176_29 at Wed Sep  2 01:26:15 PM CDT 2026;Converting 71789222_75 at Wed Sep  2 01:27:50 PM CDT 2026;Converting 71789265_118 at Wed Sep  2 01:29:07 PM CDT 2026;' user_mem=5.63GiB(4.5%) job_mem=0.02GiB sys_used=13.4% mem_avail=108.4GiB zombies=0 batch_running=yes
[2026-09-02 15:47:56] PROGRESS done=17/238 converted=8 workers=1/0 active current='Converting 71789176_29 at Wed Sep  2 01:26:15 PM CDT 2026;Converting 71789222_75 at Wed Sep  2 01:27:50 PM CDT 2026;Converting 71789265_118 at Wed Sep  2 01:29:07 PM CDT 2026;' user_mem=5.69GiB(4.5%) job_mem=0.02GiB sys_used=16.5% mem_avail=104.5GiB zombies=0 batch_running=yes
[2026-09-02 15:52:57] PROGRESS done=17/238 converted=8 workers=1/0 active current='Converting 71789176_29 at Wed Sep  2 01:26:15 PM CDT 2026;Converting 71789222_75 at Wed Sep  2 01:27:50 PM CDT 2026;Converting 71789265_118 at Wed Sep  2 01:29:07 PM CDT 2026;' user_mem=5.71GiB(4.6%) job_mem=0.02GiB sys_used=19.7% mem_avail=100.4GiB zombies=0 batch_running=yes
[2026-09-02 15:57:58] PROGRESS done=17/238 converted=8 workers=1/0 active current='Converting 71789176_29 at Wed Sep  2 01:26:15 PM CDT 2026;Converting 71789222_75 at Wed Sep  2 01:27:50 PM CDT 2026;Converting 71789265_118 at Wed Sep  2 01:29:07 PM CDT 2026;' user_mem=5.69GiB(4.5%) job_mem=0.02GiB sys_used=18.7% mem_avail=101.8GiB zombies=0 batch_running=yes
[2026-09-02 16:02:58] PROGRESS done=17/238 converted=8 workers=1/0 active current='Converting 71789176_29 at Wed Sep  2 01:26:15 PM CDT 2026;Converting 71789222_75 at Wed Sep  2 01:27:50 PM CDT 2026;Converting 71789265_118 at Wed Sep  2 01:29:07 PM CDT 2026;' user_mem=5.65GiB(4.5%) job_mem=0.02GiB sys_used=18.9% mem_avail=101.5GiB zombies=0 batch_running=yes
[2026-09-02 16:07:59] PROGRESS done=17/238 converted=8 workers=1/0 active current='Converting 71789176_29 at Wed Sep  2 01:26:15 PM CDT 2026;Converting 71789222_75 at Wed Sep  2 01:27:50 PM CDT 2026;Converting 71789265_118 at Wed Sep  2 01:29:07 PM CDT 2026;' user_mem=5.83GiB(4.6%) job_mem=0.02GiB sys_used=13.3% mem_avail=108.5GiB zombies=0 batch_running=yes
[2026-09-02 16:13:00] PROGRESS done=17/238 converted=8 workers=1/0 active current='Converting 71789176_29 at Wed Sep  2 01:26:15 PM CDT 2026;Converting 71789222_75 at Wed Sep  2 01:27:50 PM CDT 2026;Converting 71789265_118 at Wed Sep  2 01:29:07 PM CDT 2026;' user_mem=7.38GiB(5.9%) job_mem=0.02GiB sys_used=13.8% mem_avail=107.9GiB zombies=0 batch_running=yes
[2026-09-02 16:18:01] PROGRESS done=17/238 converted=8 workers=1/0 active current='Converting 71789176_29 at Wed Sep  2 01:26:15 PM CDT 2026;Converting 71789222_75 at Wed Sep  2 01:27:50 PM CDT 2026;Converting 71789265_118 at Wed Sep  2 01:29:07 PM CDT 2026;' user_mem=7.29GiB(5.8%) job_mem=0.02GiB sys_used=15.5% mem_avail=105.7GiB zombies=0 batch_running=no
[2026-09-02 16:18:02] STARTING batch from checkpoint
[2026-09-02 16:18:02] Started batch pid=1911091
[2026-09-02 16:23:02] PROGRESS done=17/238 converted=8 workers=1/1 active current='Converting 71789176_29 at Wed Sep  2 04:18:02 PM CDT 2026;Converting 71789222_75 at Wed Sep  2 04:20:38 PM CDT 2026;Converting 71789265_118 at Wed Sep  2 04:22:21 PM CDT 2026;' user_mem=16.98GiB(13.5%) job_mem=9.48GiB sys_used=21.6% mem_avail=98.1GiB zombies=0 batch_running=yes
[2026-09-02 16:23:03] STOPPING batch (zombie wvfm2h5 processes detected)
[2026-09-02 16:23:03] Sending TERM to wvfm2h5.py pid=1926990
[2026-09-02 16:23:03] Sending TERM to batch pid=1911091
[2026-09-02 16:23:13] Sending KILL to batch pid=1929289
[2026-09-02 16:23:15] Batch stopped. Checkpoint saved to /exp/sbnd/app/users/munjung/anomaly-detection/logs/wvfm2h5_checkpoint_crossingmuon.txt
[2026-09-02 16:23:15] Cooling down for 60s before resume
[2026-09-02 16:24:16] PROGRESS done=17/238 converted=8 workers=1/0 active current='Converting 71789176_29 at Wed Sep  2 04:18:02 PM CDT 2026;Converting 71789222_75 at Wed Sep  2 04:20:38 PM CDT 2026;Converting 71789265_118 at Wed Sep  2 04:22:21 PM CDT 2026;' user_mem=7.10GiB(5.6%) job_mem=0.01GiB sys_used=13.4% mem_avail=108.4GiB zombies=0 batch_running=no
[2026-09-02 16:24:16] STARTING batch from checkpoint
[2026-09-02 16:24:16] Started batch pid=1932763
[2026-09-02 16:29:17] PROGRESS done=17/238 converted=8 workers=1/1 active current='Converting 71789176_29 at Wed Sep  2 04:24:17 PM CDT 2026;Converting 71789222_75 at Wed Sep  2 04:26:14 PM CDT 2026;Converting 71789265_118 at Wed Sep  2 04:27:44 PM CDT 2026;' user_mem=21.61GiB(17.3%) job_mem=14.59GiB sys_used=23.9% mem_avail=95.3GiB zombies=0 batch_running=yes
[2026-09-02 16:34:18] PROGRESS done=17/238 converted=8 workers=1/0 active current='Converting 71789176_29 at Wed Sep  2 04:24:17 PM CDT 2026;Converting 71789222_75 at Wed Sep  2 04:26:14 PM CDT 2026;Converting 71789265_118 at Wed Sep  2 04:27:44 PM CDT 2026;' user_mem=7.32GiB(5.9%) job_mem=0.01GiB sys_used=12.6% mem_avail=109.4GiB zombies=0 batch_running=no
[2026-09-02 16:34:18] STARTING batch from checkpoint
[2026-09-02 16:34:18] Started batch pid=1957361
[2026-09-02 16:39:19] PROGRESS done=17/238 converted=8 workers=1/1 active current='Converting 71789176_29 at Wed Sep  2 04:34:19 PM CDT 2026;Converting 71789222_75 at Wed Sep  2 04:36:09 PM CDT 2026;Converting 71789265_118 at Wed Sep  2 04:38:17 PM CDT 2026;' user_mem=18.62GiB(14.9%) job_mem=11.44GiB sys_used=25.3% mem_avail=93.5GiB zombies=0 batch_running=yes
[2026-09-02 16:44:20] PROGRESS done=17/238 converted=8 workers=1/0 active current='Converting 71789176_29 at Wed Sep  2 04:34:19 PM CDT 2026;Converting 71789222_75 at Wed Sep  2 04:36:09 PM CDT 2026;Converting 71789265_118 at Wed Sep  2 04:38:17 PM CDT 2026;' user_mem=7.09GiB(5.7%) job_mem=0.01GiB sys_used=14.9% mem_avail=106.5GiB zombies=0 batch_running=no
[2026-09-02 16:44:20] STARTING batch from checkpoint
[2026-09-02 16:44:20] Started batch pid=1981153
[2026-09-02 16:49:21] PROGRESS done=17/238 converted=8 workers=1/1 active current='Converting 71789176_29 at Wed Sep  2 04:44:21 PM CDT 2026;Converting 71789222_75 at Wed Sep  2 04:45:47 PM CDT 2026;Converting 71789265_118 at Wed Sep  2 04:46:59 PM CDT 2026;' user_mem=18.17GiB(14.6%) job_mem=11.12GiB sys_used=22.6% mem_avail=96.9GiB zombies=0 batch_running=yes
[2026-09-02 16:54:22] PROGRESS done=17/238 converted=8 workers=1/1 active current='Converting 71789176_29 at Wed Sep  2 04:44:21 PM CDT 2026;Converting 71789222_75 at Wed Sep  2 04:45:47 PM CDT 2026;Converting 71789265_118 at Wed Sep  2 04:46:59 PM CDT 2026;' user_mem=14.82GiB(11.8%) job_mem=7.78GiB sys_used=18.5% mem_avail=102.0GiB zombies=0 batch_running=yes
[2026-09-02 16:59:23] PROGRESS done=18/238 converted=9 workers=1/1 active current='Converting 71789265_118 at Wed Sep  2 04:46:59 PM CDT 2026;DONE 71789265_118 at Wed Sep  2 04:54:45 PM CDT 2026;Converting 71789266_119 at Wed Sep  2 04:55:17 PM CDT 2026;' user_mem=14.63GiB(11.7%) job_mem=7.60GiB sys_used=17.6% mem_avail=103.1GiB zombies=0 batch_running=yes
[2026-09-02 17:04:24] PROGRESS done=19/238 converted=10 workers=1/1 active current='Converting 71789266_119 at Wed Sep  2 04:55:17 PM CDT 2026;DONE 71789266_119 at Wed Sep  2 05:00:14 PM CDT 2026;Converting 71789267_120 at Wed Sep  2 05:00:46 PM CDT 2026;' user_mem=16.77GiB(13.4%) job_mem=9.15GiB sys_used=18.7% mem_avail=101.8GiB zombies=0 batch_running=yes
[2026-09-02 17:09:24] PROGRESS done=20/238 converted=11 workers=1/1 active current='Converting 71789267_120 at Wed Sep  2 05:00:46 PM CDT 2026;DONE 71789267_120 at Wed Sep  2 05:05:19 PM CDT 2026;Converting 71789268_121 at Wed Sep  2 05:05:52 PM CDT 2026;' user_mem=22.17GiB(17.7%) job_mem=14.15GiB sys_used=26.1% mem_avail=92.5GiB zombies=0 batch_running=yes
[2026-09-02 17:09:25] STOPPING batch (memory limit (user_mem=17.8%, job_mem=14.29GiB, limits=30%/12GiB))
[2026-09-02 17:09:25] Sending TERM to wvfm2h5.py pid=2032342
[2026-09-02 17:09:25] Sending TERM to batch pid=1981153
[2026-09-02 17:09:37] Batch stopped. Checkpoint saved to /exp/sbnd/app/users/munjung/anomaly-detection/logs/wvfm2h5_checkpoint_crossingmuon.txt
[2026-09-02 17:09:37] Cooling down for 60s before resume
[2026-09-02 17:10:38] PROGRESS done=20/238 converted=11 workers=1/0 active current='Converting 71789267_120 at Wed Sep  2 05:00:46 PM CDT 2026;DONE 71789267_120 at Wed Sep  2 05:05:19 PM CDT 2026;Converting 71789268_121 at Wed Sep  2 05:05:52 PM CDT 2026;' user_mem=8.21GiB(6.5%) job_mem=0.01GiB sys_used=15.3% mem_avail=106.0GiB zombies=0 batch_running=no
[2026-09-02 17:10:38] STARTING batch from checkpoint
[2026-09-02 17:10:38] Started batch pid=2043690
[2026-09-02 17:15:39] PROGRESS done=20/238 converted=11 workers=1/1 active current='Converting 71789176_29 at Wed Sep  2 05:10:38 PM CDT 2026;Converting 71789222_75 at Wed Sep  2 05:12:12 PM CDT 2026;Converting 71789268_121 at Wed Sep  2 05:13:29 PM CDT 2026;' user_mem=17.81GiB(14.2%) job_mem=8.76GiB sys_used=20.9% mem_avail=99.0GiB zombies=0 batch_running=yes
[2026-09-02 17:20:40] PROGRESS done=20/238 converted=11 workers=1/0 active current='Converting 71789176_29 at Wed Sep  2 05:10:38 PM CDT 2026;Converting 71789222_75 at Wed Sep  2 05:12:12 PM CDT 2026;Converting 71789268_121 at Wed Sep  2 05:13:29 PM CDT 2026;' user_mem=9.21GiB(7.4%) job_mem=0.01GiB sys_used=14.9% mem_avail=106.5GiB zombies=0 batch_running=no
[2026-09-02 17:20:40] STARTING batch from checkpoint
[2026-09-02 17:20:40] Started batch pid=2068184
[2026-09-02 17:25:41] PROGRESS done=20/238 converted=11 workers=1/1 active current='Converting 71789176_29 at Wed Sep  2 05:20:41 PM CDT 2026;Converting 71789222_75 at Wed Sep  2 05:22:12 PM CDT 2026;Converting 71789268_121 at Wed Sep  2 05:23:25 PM CDT 2026;' user_mem=23.28GiB(18.6%) job_mem=13.97GiB sys_used=24.7% mem_avail=94.2GiB zombies=0 batch_running=yes
[2026-09-02 17:25:41] STOPPING batch (memory limit (user_mem=18.7%, job_mem=14.08GiB, limits=30%/12GiB))
[2026-09-02 17:25:41] Sending TERM to wvfm2h5.py pid=2073465
[2026-09-02 17:25:42] Sending TERM to batch pid=2068184
[2026-09-02 17:25:54] Batch stopped. Checkpoint saved to /exp/sbnd/app/users/munjung/anomaly-detection/logs/wvfm2h5_checkpoint_crossingmuon.txt
[2026-09-02 17:25:54] Cooling down for 60s before resume
[2026-09-02 17:26:55] PROGRESS done=20/238 converted=11 workers=1/0 active current='Converting 71789176_29 at Wed Sep  2 05:20:41 PM CDT 2026;Converting 71789222_75 at Wed Sep  2 05:22:12 PM CDT 2026;Converting 71789268_121 at Wed Sep  2 05:23:25 PM CDT 2026;' user_mem=9.64GiB(7.7%) job_mem=0.01GiB sys_used=16.7% mem_avail=104.2GiB zombies=0 batch_running=no
[2026-09-02 17:26:55] STARTING batch from checkpoint
[2026-09-02 17:26:55] Started batch pid=2082218
[2026-09-02 17:31:55] PROGRESS done=20/238 converted=11 workers=1/1 active current='Converting 71789176_29 at Wed Sep  2 05:26:55 PM CDT 2026;Converting 71789222_75 at Wed Sep  2 05:28:25 PM CDT 2026;Converting 71789268_121 at Wed Sep  2 05:29:39 PM CDT 2026;' user_mem=17.70GiB(14.3%) job_mem=7.72GiB sys_used=20.9% mem_avail=99.0GiB zombies=0 batch_running=yes
[2026-09-02 17:36:56] PROGRESS done=20/238 converted=11 workers=1/0 active current='Converting 71789176_29 at Wed Sep  2 05:26:55 PM CDT 2026;Converting 71789222_75 at Wed Sep  2 05:28:25 PM CDT 2026;Converting 71789268_121 at Wed Sep  2 05:29:39 PM CDT 2026;' user_mem=10.36GiB(8.3%) job_mem=0.01GiB sys_used=15.3% mem_avail=106.0GiB zombies=0 batch_running=no
[2026-09-02 17:36:57] STARTING batch from checkpoint
[2026-09-02 17:36:57] Started batch pid=2107309
[2026-09-02 17:41:58] PROGRESS done=20/238 converted=11 workers=1/1 active current='Converting 71789176_29 at Wed Sep  2 05:36:58 PM CDT 2026;Converting 71789222_75 at Wed Sep  2 05:38:25 PM CDT 2026;Converting 71789268_121 at Wed Sep  2 05:39:36 PM CDT 2026;' user_mem=18.61GiB(14.8%) job_mem=8.51GiB sys_used=20.8% mem_avail=99.1GiB zombies=0 batch_running=yes
[2026-09-02 17:46:58] PROGRESS done=21/238 converted=12 workers=1/1 active current='Converting 71789268_121 at Wed Sep  2 05:39:36 PM CDT 2026;DONE 71789268_121 at Wed Sep  2 05:44:24 PM CDT 2026;Converting 71789269_122 at Wed Sep  2 05:44:56 PM CDT 2026;' user_mem=24.20GiB(19.4%) job_mem=14.04GiB sys_used=28.0% mem_avail=90.1GiB zombies=0 batch_running=yes
[2026-09-02 17:46:59] STOPPING batch (memory limit (user_mem=19.4%, job_mem=14.11GiB, limits=30%/12GiB))
[2026-09-02 17:46:59] Sending TERM to wvfm2h5.py pid=2128159
[2026-09-02 17:46:59] Sending TERM to batch pid=2107309
[2026-09-02 17:47:11] Batch stopped. Checkpoint saved to /exp/sbnd/app/users/munjung/anomaly-detection/logs/wvfm2h5_checkpoint_crossingmuon.txt
[2026-09-02 17:47:11] Cooling down for 60s before resume
[2026-09-02 17:48:12] PROGRESS done=21/238 converted=12 workers=1/0 active current='Converting 71789268_121 at Wed Sep  2 05:39:36 PM CDT 2026;DONE 71789268_121 at Wed Sep  2 05:44:24 PM CDT 2026;Converting 71789269_122 at Wed Sep  2 05:44:56 PM CDT 2026;' user_mem=10.32GiB(8.3%) job_mem=0.01GiB sys_used=16.7% mem_avail=104.3GiB zombies=0 batch_running=no
[2026-09-02 17:48:12] STARTING batch from checkpoint
[2026-09-02 17:48:12] Started batch pid=2142541
[2026-09-02 17:53:13] PROGRESS done=21/238 converted=12 workers=1/1 active current='Converting 71789176_29 at Wed Sep  2 05:48:13 PM CDT 2026;Converting 71789222_75 at Wed Sep  2 05:49:47 PM CDT 2026;Converting 71789269_122 at Wed Sep  2 05:51:07 PM CDT 2026;' user_mem=23.03GiB(18.3%) job_mem=12.09GiB sys_used=25.2% mem_avail=93.6GiB zombies=0 batch_running=yes
[2026-09-02 17:53:13] STOPPING batch (memory limit (user_mem=18.4%, job_mem=12.31GiB, limits=30%/12GiB))
[2026-09-02 17:53:13] Sending TERM to wvfm2h5.py pid=2150152
[2026-09-02 17:53:13] Sending TERM to batch pid=2142541
[2026-09-02 17:53:26] Batch stopped. Checkpoint saved to /exp/sbnd/app/users/munjung/anomaly-detection/logs/wvfm2h5_checkpoint_crossingmuon.txt
[2026-09-02 17:53:26] Cooling down for 60s before resume
[2026-09-02 17:54:26] PROGRESS done=21/238 converted=12 workers=1/0 active current='Converting 71789176_29 at Wed Sep  2 05:48:13 PM CDT 2026;Converting 71789222_75 at Wed Sep  2 05:49:47 PM CDT 2026;Converting 71789269_122 at Wed Sep  2 05:51:07 PM CDT 2026;' user_mem=11.08GiB(8.8%) job_mem=0.02GiB sys_used=15.2% mem_avail=106.1GiB zombies=0 batch_running=yes
[2026-09-02 17:54:26] Batch already running; not starting another instance
[2026-09-02 17:59:27] PROGRESS done=21/238 converted=12 workers=1/0 active current='Converting 71789176_29 at Wed Sep  2 05:48:13 PM CDT 2026;Converting 71789222_75 at Wed Sep  2 05:49:47 PM CDT 2026;Converting 71789269_122 at Wed Sep  2 05:51:07 PM CDT 2026;' user_mem=10.61GiB(8.5%) job_mem=0.02GiB sys_used=18.1% mem_avail=102.4GiB zombies=0 batch_running=yes
[2026-09-02 18:04:28] PROGRESS done=21/238 converted=12 workers=1/0 active current='Converting 71789176_29 at Wed Sep  2 05:48:13 PM CDT 2026;Converting 71789222_75 at Wed Sep  2 05:49:47 PM CDT 2026;Converting 71789269_122 at Wed Sep  2 05:51:07 PM CDT 2026;' user_mem=10.68GiB(8.6%) job_mem=0.02GiB sys_used=17.4% mem_avail=103.4GiB zombies=0 batch_running=yes
[2026-09-02 18:09:29] PROGRESS done=21/238 converted=12 workers=1/0 active current='Converting 71789176_29 at Wed Sep  2 05:48:13 PM CDT 2026;Converting 71789222_75 at Wed Sep  2 05:49:47 PM CDT 2026;Converting 71789269_122 at Wed Sep  2 05:51:07 PM CDT 2026;' user_mem=10.54GiB(8.4%) job_mem=0.02GiB sys_used=16.8% mem_avail=104.1GiB zombies=0 batch_running=yes
[2026-09-02 18:14:30] PROGRESS done=21/238 converted=12 workers=1/0 active current='Converting 71789176_29 at Wed Sep  2 05:48:13 PM CDT 2026;Converting 71789222_75 at Wed Sep  2 05:49:47 PM CDT 2026;Converting 71789269_122 at Wed Sep  2 05:51:07 PM CDT 2026;' user_mem=10.64GiB(8.5%) job_mem=0.02GiB sys_used=16.5% mem_avail=104.6GiB zombies=0 batch_running=yes
[2026-09-02 18:19:30] PROGRESS done=21/238 converted=12 workers=1/0 active current='Converting 71789176_29 at Wed Sep  2 05:48:13 PM CDT 2026;Converting 71789222_75 at Wed Sep  2 05:49:47 PM CDT 2026;Converting 71789269_122 at Wed Sep  2 05:51:07 PM CDT 2026;' user_mem=10.76GiB(8.7%) job_mem=0.02GiB sys_used=15.9% mem_avail=105.2GiB zombies=0 batch_running=yes
[2026-09-02 18:24:31] PROGRESS done=21/238 converted=12 workers=1/0 active current='Converting 71789176_29 at Wed Sep  2 05:48:13 PM CDT 2026;Converting 71789222_75 at Wed Sep  2 05:49:47 PM CDT 2026;Converting 71789269_122 at Wed Sep  2 05:51:07 PM CDT 2026;' user_mem=10.64GiB(8.5%) job_mem=0.02GiB sys_used=15.0% mem_avail=106.3GiB zombies=0 batch_running=yes
[2026-09-02 18:29:32] PROGRESS done=21/238 converted=12 workers=1/0 active current='Converting 71789176_29 at Wed Sep  2 05:48:13 PM CDT 2026;Converting 71789222_75 at Wed Sep  2 05:49:47 PM CDT 2026;Converting 71789269_122 at Wed Sep  2 05:51:07 PM CDT 2026;' user_mem=10.92GiB(8.7%) job_mem=0.02GiB sys_used=14.5% mem_avail=107.0GiB zombies=0 batch_running=yes
[2026-09-02 18:34:33] PROGRESS done=21/238 converted=12 workers=1/0 active current='Converting 71789176_29 at Wed Sep  2 05:48:13 PM CDT 2026;Converting 71789222_75 at Wed Sep  2 05:49:47 PM CDT 2026;Converting 71789269_122 at Wed Sep  2 05:51:07 PM CDT 2026;' user_mem=10.96GiB(8.9%) job_mem=0.02GiB sys_used=17.7% mem_avail=103.0GiB zombies=0 batch_running=yes
[2026-09-02 18:39:34] PROGRESS done=21/238 converted=12 workers=1/0 active current='Converting 71789176_29 at Wed Sep  2 05:48:13 PM CDT 2026;Converting 71789222_75 at Wed Sep  2 05:49:47 PM CDT 2026;Converting 71789269_122 at Wed Sep  2 05:51:07 PM CDT 2026;' user_mem=10.94GiB(8.7%) job_mem=0.02GiB sys_used=17.0% mem_avail=103.9GiB zombies=0 batch_running=yes
[2026-09-02 18:44:35] PROGRESS done=21/238 converted=12 workers=1/0 active current='Converting 71789176_29 at Wed Sep  2 05:48:13 PM CDT 2026;Converting 71789222_75 at Wed Sep  2 05:49:47 PM CDT 2026;Converting 71789269_122 at Wed Sep  2 05:51:07 PM CDT 2026;' user_mem=10.89GiB(8.8%) job_mem=0.02GiB sys_used=17.7% mem_avail=103.0GiB zombies=0 batch_running=yes
[2026-09-02 18:49:36] PROGRESS done=21/238 converted=12 workers=1/0 active current='Converting 71789176_29 at Wed Sep  2 05:48:13 PM CDT 2026;Converting 71789222_75 at Wed Sep  2 05:49:47 PM CDT 2026;Converting 71789269_122 at Wed Sep  2 05:51:07 PM CDT 2026;' user_mem=10.87GiB(8.6%) job_mem=0.02GiB sys_used=16.9% mem_avail=104.0GiB zombies=0 batch_running=yes
[2026-09-02 18:54:36] PROGRESS done=21/238 converted=12 workers=1/0 active current='Converting 71789176_29 at Wed Sep  2 05:48:13 PM CDT 2026;Converting 71789222_75 at Wed Sep  2 05:49:47 PM CDT 2026;Converting 71789269_122 at Wed Sep  2 05:51:07 PM CDT 2026;' user_mem=10.71GiB(8.6%) job_mem=0.02GiB sys_used=15.8% mem_avail=105.3GiB zombies=0 batch_running=yes
[2026-09-02 18:59:37] PROGRESS done=21/238 converted=12 workers=1/0 active current='Converting 71789176_29 at Wed Sep  2 05:48:13 PM CDT 2026;Converting 71789222_75 at Wed Sep  2 05:49:47 PM CDT 2026;Converting 71789269_122 at Wed Sep  2 05:51:07 PM CDT 2026;' user_mem=10.63GiB(8.5%) job_mem=0.02GiB sys_used=14.9% mem_avail=106.5GiB zombies=0 batch_running=yes
[2026-09-02 19:04:38] PROGRESS done=21/238 converted=12 workers=1/0 active current='Converting 71789176_29 at Wed Sep  2 05:48:13 PM CDT 2026;Converting 71789222_75 at Wed Sep  2 05:49:47 PM CDT 2026;Converting 71789269_122 at Wed Sep  2 05:51:07 PM CDT 2026;' user_mem=10.78GiB(8.6%) job_mem=0.02GiB sys_used=17.6% mem_avail=103.1GiB zombies=0 batch_running=yes
[2026-09-02 19:09:39] PROGRESS done=21/238 converted=12 workers=1/0 active current='Converting 71789176_29 at Wed Sep  2 05:48:13 PM CDT 2026;Converting 71789222_75 at Wed Sep  2 05:49:47 PM CDT 2026;Converting 71789269_122 at Wed Sep  2 05:51:07 PM CDT 2026;' user_mem=11.21GiB(9.1%) job_mem=0.02GiB sys_used=16.4% mem_avail=104.6GiB zombies=0 batch_running=yes
[2026-09-02 19:14:40] PROGRESS done=21/238 converted=12 workers=1/0 active current='Converting 71789176_29 at Wed Sep  2 05:48:13 PM CDT 2026;Converting 71789222_75 at Wed Sep  2 05:49:47 PM CDT 2026;Converting 71789269_122 at Wed Sep  2 05:51:07 PM CDT 2026;' user_mem=10.85GiB(8.8%) job_mem=0.02GiB sys_used=14.8% mem_avail=106.7GiB zombies=0 batch_running=yes
[2026-09-02 19:19:41] PROGRESS done=21/238 converted=12 workers=1/0 active current='Converting 71789176_29 at Wed Sep  2 05:48:13 PM CDT 2026;Converting 71789222_75 at Wed Sep  2 05:49:47 PM CDT 2026;Converting 71789269_122 at Wed Sep  2 05:51:07 PM CDT 2026;' user_mem=10.91GiB(8.7%) job_mem=0.02GiB sys_used=17.3% mem_avail=103.4GiB zombies=0 batch_running=yes
[2026-09-02 19:24:41] PROGRESS done=21/238 converted=12 workers=1/0 active current='Converting 71789176_29 at Wed Sep  2 05:48:13 PM CDT 2026;Converting 71789222_75 at Wed Sep  2 05:49:47 PM CDT 2026;Converting 71789269_122 at Wed Sep  2 05:51:07 PM CDT 2026;' user_mem=10.91GiB(8.7%) job_mem=0.02GiB sys_used=16.2% mem_avail=104.9GiB zombies=0 batch_running=yes
[2026-09-02 19:29:42] PROGRESS done=21/238 converted=12 workers=1/0 active current='Converting 71789176_29 at Wed Sep  2 05:48:13 PM CDT 2026;Converting 71789222_75 at Wed Sep  2 05:49:47 PM CDT 2026;Converting 71789269_122 at Wed Sep  2 05:51:07 PM CDT 2026;' user_mem=10.69GiB(8.5%) job_mem=0.02GiB sys_used=15.2% mem_avail=106.1GiB zombies=0 batch_running=yes
[2026-09-02 19:34:43] PROGRESS done=21/238 converted=12 workers=1/0 active current='Converting 71789176_29 at Wed Sep  2 05:48:13 PM CDT 2026;Converting 71789222_75 at Wed Sep  2 05:49:47 PM CDT 2026;Converting 71789269_122 at Wed Sep  2 05:51:07 PM CDT 2026;' user_mem=10.69GiB(8.5%) job_mem=0.02GiB sys_used=13.6% mem_avail=108.1GiB zombies=0 batch_running=yes
[2026-09-02 19:39:44] PROGRESS done=21/238 converted=12 workers=1/0 active current='Converting 71789176_29 at Wed Sep  2 05:48:13 PM CDT 2026;Converting 71789222_75 at Wed Sep  2 05:49:47 PM CDT 2026;Converting 71789269_122 at Wed Sep  2 05:51:07 PM CDT 2026;' user_mem=10.88GiB(8.6%) job_mem=0.02GiB sys_used=16.5% mem_avail=104.5GiB zombies=0 batch_running=yes
[2026-09-02 19:44:45] PROGRESS done=21/238 converted=12 workers=1/0 active current='Converting 71789176_29 at Wed Sep  2 05:48:13 PM CDT 2026;Converting 71789222_75 at Wed Sep  2 05:49:47 PM CDT 2026;Converting 71789269_122 at Wed Sep  2 05:51:07 PM CDT 2026;' user_mem=10.61GiB(8.5%) job_mem=0.02GiB sys_used=14.6% mem_avail=106.9GiB zombies=0 batch_running=yes
[2026-09-02 19:49:46] PROGRESS done=21/238 converted=12 workers=1/0 active current='Converting 71789176_29 at Wed Sep  2 05:48:13 PM CDT 2026;Converting 71789222_75 at Wed Sep  2 05:49:47 PM CDT 2026;Converting 71789269_122 at Wed Sep  2 05:51:07 PM CDT 2026;' user_mem=10.72GiB(8.6%) job_mem=0.02GiB sys_used=16.4% mem_avail=104.6GiB zombies=0 batch_running=yes
[2026-09-02 19:54:46] PROGRESS done=21/238 converted=12 workers=1/0 active current='Converting 71789176_29 at Wed Sep  2 05:48:13 PM CDT 2026;Converting 71789222_75 at Wed Sep  2 05:49:47 PM CDT 2026;Converting 71789269_122 at Wed Sep  2 05:51:07 PM CDT 2026;' user_mem=11.04GiB(8.8%) job_mem=0.02GiB sys_used=15.8% mem_avail=105.4GiB zombies=0 batch_running=yes
[2026-09-02 19:59:47] PROGRESS done=21/238 converted=12 workers=1/0 active current='Converting 71789176_29 at Wed Sep  2 05:48:13 PM CDT 2026;Converting 71789222_75 at Wed Sep  2 05:49:47 PM CDT 2026;Converting 71789269_122 at Wed Sep  2 05:51:07 PM CDT 2026;' user_mem=10.79GiB(8.6%) job_mem=0.02GiB sys_used=14.3% mem_avail=107.3GiB zombies=0 batch_running=yes
[2026-09-02 20:04:48] PROGRESS done=21/238 converted=12 workers=1/0 active current='Converting 71789176_29 at Wed Sep  2 05:48:13 PM CDT 2026;Converting 71789222_75 at Wed Sep  2 05:49:47 PM CDT 2026;Converting 71789269_122 at Wed Sep  2 05:51:07 PM CDT 2026;' user_mem=10.75GiB(8.6%) job_mem=0.02GiB sys_used=16.3% mem_avail=104.7GiB zombies=0 batch_running=yes
[2026-09-02 20:09:49] PROGRESS done=21/238 converted=12 workers=1/0 active current='Converting 71789176_29 at Wed Sep  2 05:48:13 PM CDT 2026;Converting 71789222_75 at Wed Sep  2 05:49:47 PM CDT 2026;Converting 71789269_122 at Wed Sep  2 05:51:07 PM CDT 2026;' user_mem=10.72GiB(8.6%) job_mem=0.02GiB sys_used=14.7% mem_avail=106.8GiB zombies=0 batch_running=yes
[2026-09-02 20:14:50] PROGRESS done=21/238 converted=12 workers=1/0 active current='Converting 71789176_29 at Wed Sep  2 05:48:13 PM CDT 2026;Converting 71789222_75 at Wed Sep  2 05:49:47 PM CDT 2026;Converting 71789269_122 at Wed Sep  2 05:51:07 PM CDT 2026;' user_mem=10.73GiB(8.6%) job_mem=0.02GiB sys_used=16.9% mem_avail=104.0GiB zombies=0 batch_running=yes
[2026-09-02 20:19:51] PROGRESS done=21/238 converted=12 workers=1/0 active current='Converting 71789176_29 at Wed Sep  2 05:48:13 PM CDT 2026;Converting 71789222_75 at Wed Sep  2 05:49:47 PM CDT 2026;Converting 71789269_122 at Wed Sep  2 05:51:07 PM CDT 2026;' user_mem=10.74GiB(8.6%) job_mem=0.02GiB sys_used=15.9% mem_avail=105.2GiB zombies=0 batch_running=yes
[2026-09-02 20:24:51] PROGRESS done=21/238 converted=12 workers=1/1 active current='Converting 71789176_29 at Wed Sep  2 05:48:13 PM CDT 2026;Converting 71789222_75 at Wed Sep  2 05:49:47 PM CDT 2026;Converting 71789269_122 at Wed Sep  2 05:51:07 PM CDT 2026;' user_mem=10.84GiB(8.7%) job_mem=0.04GiB sys_used=13.7% mem_avail=108.0GiB zombies=0 batch_running=yes
[2026-09-02 20:29:52] PROGRESS done=21/238 converted=12 workers=1/0 active current='Converting 71789176_29 at Wed Sep  2 05:48:13 PM CDT 2026;Converting 71789222_75 at Wed Sep  2 05:49:47 PM CDT 2026;Converting 71789269_122 at Wed Sep  2 05:51:07 PM CDT 2026;' user_mem=10.93GiB(8.6%) job_mem=0.02GiB sys_used=16.5% mem_avail=104.5GiB zombies=0 batch_running=no
[2026-09-02 20:29:53] Batch already running; not starting another instance
[2026-09-02 20:34:54] PROGRESS done=21/238 converted=12 workers=1/0 active current='Converting 71789176_29 at Wed Sep  2 05:48:13 PM CDT 2026;Converting 71789222_75 at Wed Sep  2 05:49:47 PM CDT 2026;Converting 71789269_122 at Wed Sep  2 05:51:07 PM CDT 2026;' user_mem=10.75GiB(8.6%) job_mem=0.01GiB sys_used=14.5% mem_avail=107.0GiB zombies=0 batch_running=no
[2026-09-02 20:34:54] STARTING batch from checkpoint
[2026-09-02 20:34:54] Started batch pid=2538983
[2026-09-02 20:39:55] PROGRESS done=21/238 converted=12 workers=1/1 active current='Converting 71789176_29 at Wed Sep  2 08:34:55 PM CDT 2026;Converting 71789222_75 at Wed Sep  2 08:36:59 PM CDT 2026;Converting 71789269_122 at Wed Sep  2 08:38:19 PM CDT 2026;' user_mem=22.71GiB(18.1%) job_mem=12.06GiB sys_used=26.2% mem_avail=92.4GiB zombies=0 batch_running=yes
[2026-09-02 20:39:55] STOPPING batch (memory limit (user_mem=18.4%, job_mem=12.24GiB, limits=30%/12GiB))
[2026-09-02 20:39:55] Sending TERM to wvfm2h5.py pid=2544762
[2026-09-02 20:39:55] Sending TERM to batch pid=2538983
[2026-09-02 20:40:05] Sending KILL to batch pid=2548752
[2026-09-02 20:40:08] Batch stopped. Checkpoint saved to /exp/sbnd/app/users/munjung/anomaly-detection/logs/wvfm2h5_checkpoint_crossingmuon.txt
[2026-09-02 20:40:08] Cooling down for 60s before resume
[2026-09-02 20:41:08] PROGRESS done=21/238 converted=12 workers=1/0 active current='Converting 71789176_29 at Wed Sep  2 08:34:55 PM CDT 2026;Converting 71789222_75 at Wed Sep  2 08:36:59 PM CDT 2026;Converting 71789269_122 at Wed Sep  2 08:38:19 PM CDT 2026;' user_mem=10.75GiB(8.6%) job_mem=0.01GiB sys_used=15.6% mem_avail=105.7GiB zombies=0 batch_running=no
[2026-09-02 20:41:08] STARTING batch from checkpoint
[2026-09-02 20:41:08] Started batch pid=2551321
[2026-09-02 20:46:09] PROGRESS done=21/238 converted=12 workers=1/0 active current='Converting 71789176_29 at Wed Sep  2 08:41:09 PM CDT 2026;Converting 71789222_75 at Wed Sep  2 08:42:38 PM CDT 2026;Converting 71789269_122 at Wed Sep  2 08:43:50 PM CDT 2026;' user_mem=10.71GiB(8.6%) job_mem=0.01GiB sys_used=14.7% mem_avail=106.7GiB zombies=0 batch_running=no
[2026-09-02 20:46:10] STARTING batch from checkpoint
[2026-09-02 20:46:10] Started batch pid=2560732
[2026-09-02 20:51:10] PROGRESS done=21/238 converted=12 workers=1/1 active current='Converting 71789176_29 at Wed Sep  2 08:46:10 PM CDT 2026;Converting 71789222_75 at Wed Sep  2 08:47:36 PM CDT 2026;Converting 71789269_122 at Wed Sep  2 08:48:48 PM CDT 2026;' user_mem=25.24GiB(20.1%) job_mem=14.51GiB sys_used=26.6% mem_avail=91.8GiB zombies=0 batch_running=yes
[2026-09-02 20:56:11] PROGRESS done=22/238 converted=13 workers=1/1 active current='Converting 71789269_122 at Wed Sep  2 08:48:48 PM CDT 2026;DONE 71789269_122 at Wed Sep  2 08:51:54 PM CDT 2026;Converting 71789270_123 at Wed Sep  2 08:52:26 PM CDT 2026;' user_mem=25.06GiB(20.0%) job_mem=14.35GiB sys_used=24.5% mem_avail=94.5GiB zombies=0 batch_running=yes
[2026-09-02 20:56:11] STOPPING batch (memory limit (user_mem=20.1%, job_mem=14.35GiB, limits=30%/12GiB))
[2026-09-02 20:56:12] Sending TERM to wvfm2h5.py pid=2572838
[2026-09-02 20:56:12] Sending TERM to batch pid=2560732
[2026-09-02 20:56:22] Sending KILL to batch pid=2580306
[2026-09-02 20:56:24] Batch stopped. Checkpoint saved to /exp/sbnd/app/users/munjung/anomaly-detection/logs/wvfm2h5_checkpoint_crossingmuon.txt
[2026-09-02 20:56:24] Cooling down for 60s before resume
[2026-09-02 20:57:25] PROGRESS done=22/238 converted=13 workers=1/0 active current='Converting 71789269_122 at Wed Sep  2 08:48:48 PM CDT 2026;DONE 71789269_122 at Wed Sep  2 08:51:54 PM CDT 2026;Converting 71789270_123 at Wed Sep  2 08:52:26 PM CDT 2026;' user_mem=10.72GiB(8.6%) job_mem=0.01GiB sys_used=16.8% mem_avail=104.1GiB zombies=0 batch_running=no
[2026-09-02 20:57:25] STARTING batch from checkpoint
[2026-09-02 20:57:25] Started batch pid=2583391
[2026-09-02 21:02:25] PROGRESS done=22/238 converted=13 workers=1/1 active current='Converting 71789176_29 at Wed Sep  2 08:57:25 PM CDT 2026;Converting 71789222_75 at Wed Sep  2 08:58:55 PM CDT 2026;Converting 71789270_123 at Wed Sep  2 09:00:09 PM CDT 2026;' user_mem=18.70GiB(15.0%) job_mem=7.98GiB sys_used=21.3% mem_avail=98.5GiB zombies=0 batch_running=yes
[2026-09-02 21:07:26] PROGRESS done=23/238 converted=14 workers=1/0 active current='Converting 71789270_123 at Wed Sep  2 09:00:09 PM CDT 2026;DONE 71789270_123 at Wed Sep  2 09:05:13 PM CDT 2026;Converting 71789271_124 at Wed Sep  2 09:05:45 PM CDT 2026;' user_mem=10.65GiB(8.6%) job_mem=0.01GiB sys_used=17.1% mem_avail=103.7GiB zombies=0 batch_running=no
[2026-09-02 21:07:27] STARTING batch from checkpoint
[2026-09-02 21:07:27] Started batch pid=2602378
[2026-09-02 21:12:27] PROGRESS done=23/238 converted=14 workers=1/1 active current='Converting 71789176_29 at Wed Sep  2 09:07:28 PM CDT 2026;Converting 71789222_75 at Wed Sep  2 09:09:01 PM CDT 2026;Converting 71789271_124 at Wed Sep  2 09:10:16 PM CDT 2026;' user_mem=23.36GiB(18.7%) job_mem=12.51GiB sys_used=24.9% mem_avail=94.0GiB zombies=0 batch_running=yes
[2026-09-02 21:12:28] STOPPING batch (memory limit (user_mem=18.7%, job_mem=12.67GiB, limits=30%/12GiB))
[2026-09-02 21:12:28] Sending TERM to wvfm2h5.py pid=2606894
[2026-09-02 21:12:28] Sending TERM to batch pid=2602378
[2026-09-02 21:12:40] Batch stopped. Checkpoint saved to /exp/sbnd/app/users/munjung/anomaly-detection/logs/wvfm2h5_checkpoint_crossingmuon.txt
[2026-09-02 21:12:40] Cooling down for 60s before resume
[2026-09-02 21:13:41] PROGRESS done=23/238 converted=14 workers=1/0 active current='Converting 71789176_29 at Wed Sep  2 09:07:28 PM CDT 2026;Converting 71789222_75 at Wed Sep  2 09:09:01 PM CDT 2026;Converting 71789271_124 at Wed Sep  2 09:10:16 PM CDT 2026;' user_mem=10.70GiB(8.6%) job_mem=0.02GiB sys_used=14.3% mem_avail=107.3GiB zombies=0 batch_running=yes
[2026-09-02 21:13:41] Batch already running; not starting another instance
[2026-09-02 21:18:42] PROGRESS done=23/238 converted=14 workers=1/0 active current='Converting 71789176_29 at Wed Sep  2 09:07:28 PM CDT 2026;Converting 71789222_75 at Wed Sep  2 09:09:01 PM CDT 2026;Converting 71789271_124 at Wed Sep  2 09:10:16 PM CDT 2026;' user_mem=10.86GiB(8.6%) job_mem=0.02GiB sys_used=16.5% mem_avail=104.5GiB zombies=0 batch_running=yes
[2026-09-02 21:23:42] PROGRESS done=23/238 converted=14 workers=1/0 active current='Converting 71789176_29 at Wed Sep  2 09:07:28 PM CDT 2026;Converting 71789222_75 at Wed Sep  2 09:09:01 PM CDT 2026;Converting 71789271_124 at Wed Sep  2 09:10:16 PM CDT 2026;' user_mem=10.79GiB(8.6%) job_mem=0.02GiB sys_used=14.8% mem_avail=106.6GiB zombies=0 batch_running=yes
[2026-09-02 21:28:43] PROGRESS done=23/238 converted=14 workers=1/0 active current='Converting 71789176_29 at Wed Sep  2 09:07:28 PM CDT 2026;Converting 71789222_75 at Wed Sep  2 09:09:01 PM CDT 2026;Converting 71789271_124 at Wed Sep  2 09:10:16 PM CDT 2026;' user_mem=10.64GiB(8.5%) job_mem=0.02GiB sys_used=17.4% mem_avail=103.4GiB zombies=0 batch_running=yes
[2026-09-02 21:33:44] PROGRESS done=23/238 converted=14 workers=1/0 active current='Converting 71789176_29 at Wed Sep  2 09:07:28 PM CDT 2026;Converting 71789222_75 at Wed Sep  2 09:09:01 PM CDT 2026;Converting 71789271_124 at Wed Sep  2 09:10:16 PM CDT 2026;' user_mem=10.79GiB(8.6%) job_mem=0.02GiB sys_used=15.3% mem_avail=106.1GiB zombies=0 batch_running=yes
[2026-09-02 21:38:45] PROGRESS done=23/238 converted=14 workers=1/0 active current='Converting 71789176_29 at Wed Sep  2 09:07:28 PM CDT 2026;Converting 71789222_75 at Wed Sep  2 09:09:01 PM CDT 2026;Converting 71789271_124 at Wed Sep  2 09:10:16 PM CDT 2026;' user_mem=10.91GiB(8.7%) job_mem=0.02GiB sys_used=16.8% mem_avail=104.1GiB zombies=0 batch_running=yes
[2026-09-02 21:43:46] PROGRESS done=23/238 converted=14 workers=1/0 active current='Converting 71789176_29 at Wed Sep  2 09:07:28 PM CDT 2026;Converting 71789222_75 at Wed Sep  2 09:09:01 PM CDT 2026;Converting 71789271_124 at Wed Sep  2 09:10:16 PM CDT 2026;' user_mem=11.10GiB(8.9%) job_mem=0.02GiB sys_used=16.1% mem_avail=105.0GiB zombies=0 batch_running=yes
[2026-09-02 21:48:46] PROGRESS done=23/238 converted=14 workers=1/0 active current='Converting 71789176_29 at Wed Sep  2 09:07:28 PM CDT 2026;Converting 71789222_75 at Wed Sep  2 09:09:01 PM CDT 2026;Converting 71789271_124 at Wed Sep  2 09:10:16 PM CDT 2026;' user_mem=10.76GiB(8.6%) job_mem=0.02GiB sys_used=13.2% mem_avail=108.7GiB zombies=0 batch_running=yes
[2026-09-02 21:53:47] PROGRESS done=23/238 converted=14 workers=1/1 active current='Converting 71789176_29 at Wed Sep  2 09:07:28 PM CDT 2026;Converting 71789222_75 at Wed Sep  2 09:09:01 PM CDT 2026;Converting 71789271_124 at Wed Sep  2 09:10:16 PM CDT 2026;' user_mem=10.82GiB(8.7%) job_mem=0.04GiB sys_used=16.0% mem_avail=105.1GiB zombies=0 batch_running=yes
[2026-09-02 21:58:48] PROGRESS done=23/238 converted=14 workers=1/0 active current='Converting 71789176_29 at Wed Sep  2 09:07:28 PM CDT 2026;Converting 71789222_75 at Wed Sep  2 09:09:01 PM CDT 2026;Converting 71789271_124 at Wed Sep  2 09:10:16 PM CDT 2026;' user_mem=10.76GiB(8.6%) job_mem=0.02GiB sys_used=14.0% mem_avail=107.7GiB zombies=0 batch_running=no
[2026-09-02 21:58:49] STARTING batch from checkpoint
[2026-09-02 21:58:49] Started batch pid=2705432
[2026-09-02 22:03:49] PROGRESS done=23/238 converted=14 workers=1/1 active current='Converting 71789176_29 at Wed Sep  2 09:58:50 PM CDT 2026;Converting 71789222_75 at Wed Sep  2 10:00:47 PM CDT 2026;Converting 71789271_124 at Wed Sep  2 10:02:05 PM CDT 2026;' user_mem=18.58GiB(14.8%) job_mem=7.89GiB sys_used=21.2% mem_avail=98.6GiB zombies=0 batch_running=yes
[2026-09-02 22:08:50] PROGRESS done=24/238 converted=15 workers=1/1 active current='Converting 71789271_124 at Wed Sep  2 10:02:05 PM CDT 2026;DONE 71789271_124 at Wed Sep  2 10:07:34 PM CDT 2026;Converting 71789274_127 at Wed Sep  2 10:08:07 PM CDT 2026;' user_mem=22.68GiB(18.1%) job_mem=11.95GiB sys_used=22.4% mem_avail=97.0GiB zombies=0 batch_running=yes
[2026-09-02 22:13:51] PROGRESS done=24/238 converted=15 workers=1/0 active current='Converting 71789271_124 at Wed Sep  2 10:02:05 PM CDT 2026;DONE 71789271_124 at Wed Sep  2 10:07:34 PM CDT 2026;Converting 71789274_127 at Wed Sep  2 10:08:07 PM CDT 2026;' user_mem=11.01GiB(8.7%) job_mem=0.01GiB sys_used=16.4% mem_avail=104.7GiB zombies=0 batch_running=no
[2026-09-02 22:13:52] STARTING batch from checkpoint
[2026-09-02 22:13:52] Started batch pid=2735275
[2026-09-02 22:18:52] PROGRESS done=24/238 converted=15 workers=1/1 active current='Converting 71789176_29 at Wed Sep  2 10:13:52 PM CDT 2026;Converting 71789222_75 at Wed Sep  2 10:15:29 PM CDT 2026;Converting 71789274_127 at Wed Sep  2 10:16:49 PM CDT 2026;' user_mem=24.65GiB(19.7%) job_mem=14.02GiB sys_used=24.1% mem_avail=95.0GiB zombies=0 batch_running=yes
[2026-09-02 22:18:53] STOPPING batch (memory limit (user_mem=19.8%, job_mem=14.10GiB, limits=30%/12GiB))
[2026-09-02 22:18:53] Sending TERM to wvfm2h5.py pid=2740738
[2026-09-02 22:18:53] Sending TERM to batch pid=2735275
[2026-09-02 22:19:05] Batch stopped. Checkpoint saved to /exp/sbnd/app/users/munjung/anomaly-detection/logs/wvfm2h5_checkpoint_crossingmuon.txt
[2026-09-02 22:19:05] Cooling down for 60s before resume
[2026-09-02 22:20:06] PROGRESS done=24/238 converted=15 workers=1/0 active current='Converting 71789176_29 at Wed Sep  2 10:13:52 PM CDT 2026;Converting 71789222_75 at Wed Sep  2 10:15:29 PM CDT 2026;Converting 71789274_127 at Wed Sep  2 10:16:49 PM CDT 2026;' user_mem=10.77GiB(8.7%) job_mem=0.01GiB sys_used=16.9% mem_avail=104.0GiB zombies=0 batch_running=no
[2026-09-02 22:20:06] STARTING batch from checkpoint
[2026-09-02 22:20:06] Started batch pid=2746734
[2026-09-02 22:25:07] PROGRESS done=24/238 converted=15 workers=1/1 active current='Converting 71789176_29 at Wed Sep  2 10:20:07 PM CDT 2026;Converting 71789222_75 at Wed Sep  2 10:21:35 PM CDT 2026;Converting 71789274_127 at Wed Sep  2 10:22:49 PM CDT 2026;' user_mem=24.20GiB(19.3%) job_mem=13.44GiB sys_used=25.3% mem_avail=93.5GiB zombies=0 batch_running=yes
[2026-09-02 22:25:07] STOPPING batch (memory limit (user_mem=19.6%, job_mem=13.55GiB, limits=30%/12GiB))
[2026-09-02 22:25:07] Sending TERM to wvfm2h5.py pid=2752554
[2026-09-02 22:25:07] Sending TERM to batch pid=2746734
[2026-09-02 22:25:17] Sending KILL to batch pid=2757148
[2026-09-02 22:25:19] Batch stopped. Checkpoint saved to /exp/sbnd/app/users/munjung/anomaly-detection/logs/wvfm2h5_checkpoint_crossingmuon.txt
[2026-09-02 22:25:19] Cooling down for 60s before resume
[2026-09-02 22:26:20] PROGRESS done=24/238 converted=15 workers=1/0 active current='Converting 71789176_29 at Wed Sep  2 10:20:07 PM CDT 2026;Converting 71789222_75 at Wed Sep  2 10:21:35 PM CDT 2026;Converting 71789274_127 at Wed Sep  2 10:22:49 PM CDT 2026;' user_mem=10.92GiB(8.7%) job_mem=0.01GiB sys_used=17.6% mem_avail=103.1GiB zombies=0 batch_running=no
[2026-09-02 22:26:20] STARTING batch from checkpoint
[2026-09-02 22:26:20] Started batch pid=2758562
[2026-09-02 22:31:21] PROGRESS done=24/238 converted=15 workers=1/1 active current='Converting 71789176_29 at Wed Sep  2 10:26:21 PM CDT 2026;Converting 71789222_75 at Wed Sep  2 10:27:44 PM CDT 2026;Converting 71789274_127 at Wed Sep  2 10:28:56 PM CDT 2026;' user_mem=21.73GiB(17.3%) job_mem=10.57GiB sys_used=24.1% mem_avail=95.0GiB zombies=0 batch_running=yes
[2026-09-02 22:36:22] PROGRESS done=26/238 converted=17 workers=1/0 active current='DONE 71789274_127 at Wed Sep  2 10:31:53 PM CDT 2026;Converting 71789279_132 at Wed Sep  2 10:32:25 PM CDT 2026;DONE 71789279_132 at Wed Sep  2 10:35:53 PM CDT 2026;' user_mem=10.90GiB(8.7%) job_mem=0.02GiB sys_used=14.1% mem_avail=107.4GiB zombies=0 batch_running=yes
[2026-09-02 22:41:22] PROGRESS done=27/238 converted=18 workers=1/1 active current='Converting 71789280_133 at Wed Sep  2 10:36:25 PM CDT 2026;DONE 71789280_133 at Wed Sep  2 10:39:54 PM CDT 2026;Converting 71789283_136 at Wed Sep  2 10:40:26 PM CDT 2026;' user_mem=9.74GiB(7.8%) job_mem=9.18GiB sys_used=16.1% mem_avail=105.0GiB zombies=0 batch_running=yes
[2026-09-02 22:46:24] PROGRESS done=28/238 converted=19 workers=1/0 active current='Converting 71789283_136 at Wed Sep  2 10:40:26 PM CDT 2026;DONE 71789283_136 at Wed Sep  2 10:44:00 PM CDT 2026;Converting 71789284_137 at Wed Sep  2 10:44:33 PM CDT 2026;' user_mem=0.31GiB(0.2%) job_mem=0.01GiB sys_used=8.1% mem_avail=115.0GiB zombies=0 batch_running=no
[2026-09-02 22:46:24] STARTING batch from checkpoint
[2026-09-02 22:46:24] Started batch pid=2795390
[2026-09-02 22:51:25] PROGRESS done=29/238 converted=20 workers=1/0 active current='Converting 71789222_75 at Wed Sep  2 10:47:57 PM CDT 2026;Converting 71789284_137 at Wed Sep  2 10:49:13 PM CDT 2026;DONE 71789284_137 at Wed Sep  2 10:51:19 PM CDT 2026;' user_mem=0.19GiB(0.2%) job_mem=0.02GiB sys_used=7.2% mem_avail=116.1GiB zombies=0 batch_running=yes
[2026-09-02 22:56:26] PROGRESS done=30/238 converted=21 workers=1/1 active current='Converting 71789285_138 at Wed Sep  2 10:51:51 PM CDT 2026;DONE 71789285_138 at Wed Sep  2 10:54:03 PM CDT 2026;Converting 71789286_139 at Wed Sep  2 10:54:35 PM CDT 2026;' user_mem=13.24GiB(10.6%) job_mem=13.07GiB sys_used=17.2% mem_avail=103.6GiB zombies=0 batch_running=yes
[2026-09-02 22:56:26] STOPPING batch (memory limit (user_mem=10.6%, job_mem=13.11GiB, limits=30%/12GiB))
[2026-09-02 22:56:26] Sending TERM to wvfm2h5.py pid=2809684
[2026-09-02 22:56:26] Sending TERM to batch pid=2795390
[2026-09-02 22:56:38] Batch stopped. Checkpoint saved to /exp/sbnd/app/users/munjung/anomaly-detection/logs/wvfm2h5_checkpoint_crossingmuon.txt
[2026-09-02 22:56:38] Cooling down for 60s before resume
[2026-09-02 22:57:39] PROGRESS done=30/238 converted=21 workers=1/0 active current='Converting 71789285_138 at Wed Sep  2 10:51:51 PM CDT 2026;DONE 71789285_138 at Wed Sep  2 10:54:03 PM CDT 2026;Converting 71789286_139 at Wed Sep  2 10:54:35 PM CDT 2026;' user_mem=0.19GiB(0.2%) job_mem=0.02GiB sys_used=5.9% mem_avail=117.7GiB zombies=0 batch_running=yes
[2026-09-02 22:57:39] Batch already running; not starting another instance
[2026-09-02 23:02:40] PROGRESS done=30/238 converted=21 workers=1/0 active current='Converting 71789285_138 at Wed Sep  2 10:51:51 PM CDT 2026;DONE 71789285_138 at Wed Sep  2 10:54:03 PM CDT 2026;Converting 71789286_139 at Wed Sep  2 10:54:35 PM CDT 2026;' user_mem=0.19GiB(0.2%) job_mem=0.02GiB sys_used=8.9% mem_avail=113.9GiB zombies=0 batch_running=yes
[2026-09-02 23:07:40] PROGRESS done=30/238 converted=21 workers=1/0 active current='Converting 71789285_138 at Wed Sep  2 10:51:51 PM CDT 2026;DONE 71789285_138 at Wed Sep  2 10:54:03 PM CDT 2026;Converting 71789286_139 at Wed Sep  2 10:54:35 PM CDT 2026;' user_mem=0.19GiB(0.2%) job_mem=0.02GiB sys_used=7.9% mem_avail=115.3GiB zombies=0 batch_running=yes
[2026-09-02 23:12:41] PROGRESS done=30/238 converted=21 workers=1/0 active current='Converting 71789285_138 at Wed Sep  2 10:51:51 PM CDT 2026;DONE 71789285_138 at Wed Sep  2 10:54:03 PM CDT 2026;Converting 71789286_139 at Wed Sep  2 10:54:35 PM CDT 2026;' user_mem=0.19GiB(0.2%) job_mem=0.02GiB sys_used=7.0% mem_avail=116.3GiB zombies=0 batch_running=yes
[2026-09-02 23:17:42] PROGRESS done=30/238 converted=21 workers=1/0 active current='Converting 71789285_138 at Wed Sep  2 10:51:51 PM CDT 2026;DONE 71789285_138 at Wed Sep  2 10:54:03 PM CDT 2026;Converting 71789286_139 at Wed Sep  2 10:54:35 PM CDT 2026;' user_mem=0.19GiB(0.2%) job_mem=0.02GiB sys_used=6.3% mem_avail=117.3GiB zombies=0 batch_running=yes
[2026-09-02 23:22:43] PROGRESS done=30/238 converted=21 workers=1/0 active current='Converting 71789285_138 at Wed Sep  2 10:51:51 PM CDT 2026;DONE 71789285_138 at Wed Sep  2 10:54:03 PM CDT 2026;Converting 71789286_139 at Wed Sep  2 10:54:35 PM CDT 2026;' user_mem=0.19GiB(0.2%) job_mem=0.02GiB sys_used=5.6% mem_avail=118.1GiB zombies=0 batch_running=yes
[2026-09-02 23:27:44] PROGRESS done=30/238 converted=21 workers=1/0 active current='Converting 71789285_138 at Wed Sep  2 10:51:51 PM CDT 2026;DONE 71789285_138 at Wed Sep  2 10:54:03 PM CDT 2026;Converting 71789286_139 at Wed Sep  2 10:54:35 PM CDT 2026;' user_mem=0.19GiB(0.2%) job_mem=0.02GiB sys_used=9.9% mem_avail=112.7GiB zombies=0 batch_running=yes
[2026-09-02 23:32:44] PROGRESS done=30/238 converted=21 workers=1/0 active current='Converting 71789285_138 at Wed Sep  2 10:51:51 PM CDT 2026;DONE 71789285_138 at Wed Sep  2 10:54:03 PM CDT 2026;Converting 71789286_139 at Wed Sep  2 10:54:35 PM CDT 2026;' user_mem=1.29GiB(1.0%) job_mem=0.02GiB sys_used=8.8% mem_avail=114.1GiB zombies=0 batch_running=yes
[2026-09-02 23:37:45] PROGRESS done=30/238 converted=21 workers=1/0 active current='Converting 71789285_138 at Wed Sep  2 10:51:51 PM CDT 2026;DONE 71789285_138 at Wed Sep  2 10:54:03 PM CDT 2026;Converting 71789286_139 at Wed Sep  2 10:54:35 PM CDT 2026;' user_mem=1.32GiB(1.1%) job_mem=0.02GiB sys_used=7.7% mem_avail=115.4GiB zombies=0 batch_running=yes
[2026-09-02 23:42:46] PROGRESS done=30/238 converted=21 workers=1/0 active current='Converting 71789285_138 at Wed Sep  2 10:51:51 PM CDT 2026;DONE 71789285_138 at Wed Sep  2 10:54:03 PM CDT 2026;Converting 71789286_139 at Wed Sep  2 10:54:35 PM CDT 2026;' user_mem=1.33GiB(1.1%) job_mem=0.02GiB sys_used=6.5% mem_avail=117.1GiB zombies=0 batch_running=yes
[2026-09-02 23:47:47] PROGRESS done=30/238 converted=21 workers=1/0 active current='Converting 71789285_138 at Wed Sep  2 10:51:51 PM CDT 2026;DONE 71789285_138 at Wed Sep  2 10:54:03 PM CDT 2026;Converting 71789286_139 at Wed Sep  2 10:54:35 PM CDT 2026;' user_mem=1.34GiB(1.1%) job_mem=0.02GiB sys_used=9.5% mem_avail=113.2GiB zombies=0 batch_running=yes
[2026-09-02 23:52:48] PROGRESS done=30/238 converted=21 workers=1/0 active current='Converting 71789285_138 at Wed Sep  2 10:51:51 PM CDT 2026;DONE 71789285_138 at Wed Sep  2 10:54:03 PM CDT 2026;Converting 71789286_139 at Wed Sep  2 10:54:35 PM CDT 2026;' user_mem=1.33GiB(1.1%) job_mem=0.02GiB sys_used=8.9% mem_avail=114.0GiB zombies=0 batch_running=yes
[2026-09-02 23:57:48] PROGRESS done=30/238 converted=21 workers=1/0 active current='Converting 71789285_138 at Wed Sep  2 10:51:51 PM CDT 2026;DONE 71789285_138 at Wed Sep  2 10:54:03 PM CDT 2026;Converting 71789286_139 at Wed Sep  2 10:54:35 PM CDT 2026;' user_mem=1.33GiB(1.1%) job_mem=0.02GiB sys_used=8.0% mem_avail=115.2GiB zombies=0 batch_running=yes
[2026-09-03 00:02:49] PROGRESS done=30/238 converted=21 workers=1/0 active current='Converting 71789285_138 at Wed Sep  2 10:51:51 PM CDT 2026;DONE 71789285_138 at Wed Sep  2 10:54:03 PM CDT 2026;Converting 71789286_139 at Wed Sep  2 10:54:35 PM CDT 2026;' user_mem=1.61GiB(1.3%) job_mem=0.02GiB sys_used=9.3% mem_avail=113.5GiB zombies=0 batch_running=yes
[2026-09-03 00:07:50] PROGRESS done=30/238 converted=21 workers=1/0 active current='Converting 71789285_138 at Wed Sep  2 10:51:51 PM CDT 2026;DONE 71789285_138 at Wed Sep  2 10:54:03 PM CDT 2026;Converting 71789286_139 at Wed Sep  2 10:54:35 PM CDT 2026;' user_mem=2.89GiB(2.3%) job_mem=0.02GiB sys_used=10.9% mem_avail=111.5GiB zombies=0 batch_running=yes
[2026-09-03 00:12:51] PROGRESS done=30/238 converted=21 workers=1/0 active current='Converting 71789285_138 at Wed Sep  2 10:51:51 PM CDT 2026;DONE 71789285_138 at Wed Sep  2 10:54:03 PM CDT 2026;Converting 71789286_139 at Wed Sep  2 10:54:35 PM CDT 2026;' user_mem=2.54GiB(2.0%) job_mem=0.02GiB sys_used=10.3% mem_avail=112.3GiB zombies=0 batch_running=yes
[2026-09-03 00:17:52] PROGRESS done=30/238 converted=21 workers=1/0 active current='Converting 71789285_138 at Wed Sep  2 10:51:51 PM CDT 2026;DONE 71789285_138 at Wed Sep  2 10:54:03 PM CDT 2026;Converting 71789286_139 at Wed Sep  2 10:54:35 PM CDT 2026;' user_mem=2.54GiB(2.0%) job_mem=0.02GiB sys_used=8.7% mem_avail=114.2GiB zombies=0 batch_running=yes
[2026-09-03 00:22:53] PROGRESS done=30/238 converted=21 workers=1/0 active current='Converting 71789285_138 at Wed Sep  2 10:51:51 PM CDT 2026;DONE 71789285_138 at Wed Sep  2 10:54:03 PM CDT 2026;Converting 71789286_139 at Wed Sep  2 10:54:35 PM CDT 2026;' user_mem=2.49GiB(2.0%) job_mem=0.02GiB sys_used=7.7% mem_avail=115.5GiB zombies=0 batch_running=yes
[2026-09-03 00:27:53] PROGRESS done=30/238 converted=21 workers=1/0 active current='Converting 71789285_138 at Wed Sep  2 10:51:51 PM CDT 2026;DONE 71789285_138 at Wed Sep  2 10:54:03 PM CDT 2026;Converting 71789286_139 at Wed Sep  2 10:54:35 PM CDT 2026;' user_mem=2.51GiB(2.0%) job_mem=0.02GiB sys_used=6.6% mem_avail=116.8GiB zombies=0 batch_running=yes
[2026-09-03 00:32:54] PROGRESS done=30/238 converted=21 workers=1/0 active current='Converting 71789285_138 at Wed Sep  2 10:51:51 PM CDT 2026;DONE 71789285_138 at Wed Sep  2 10:54:03 PM CDT 2026;Converting 71789286_139 at Wed Sep  2 10:54:35 PM CDT 2026;' user_mem=2.54GiB(2.0%) job_mem=0.02GiB sys_used=9.9% mem_avail=112.8GiB zombies=0 batch_running=yes
[2026-09-03 00:37:55] PROGRESS done=30/238 converted=21 workers=1/0 active current='Converting 71789285_138 at Wed Sep  2 10:51:51 PM CDT 2026;DONE 71789285_138 at Wed Sep  2 10:54:03 PM CDT 2026;Converting 71789286_139 at Wed Sep  2 10:54:35 PM CDT 2026;' user_mem=2.54GiB(2.0%) job_mem=0.02GiB sys_used=9.3% mem_avail=113.5GiB zombies=0 batch_running=yes
[2026-09-03 00:42:56] PROGRESS done=30/238 converted=21 workers=1/0 active current='Converting 71789285_138 at Wed Sep  2 10:51:51 PM CDT 2026;DONE 71789285_138 at Wed Sep  2 10:54:03 PM CDT 2026;Converting 71789286_139 at Wed Sep  2 10:54:35 PM CDT 2026;' user_mem=2.54GiB(2.0%) job_mem=0.02GiB sys_used=7.7% mem_avail=115.6GiB zombies=0 batch_running=yes
[2026-09-03 00:47:57] PROGRESS done=30/238 converted=21 workers=1/0 active current='Converting 71789285_138 at Wed Sep  2 10:51:51 PM CDT 2026;DONE 71789285_138 at Wed Sep  2 10:54:03 PM CDT 2026;Converting 71789286_139 at Wed Sep  2 10:54:35 PM CDT 2026;' user_mem=2.55GiB(2.0%) job_mem=0.02GiB sys_used=7.3% mem_avail=116.0GiB zombies=0 batch_running=yes
[2026-09-03 00:52:57] PROGRESS done=30/238 converted=21 workers=1/0 active current='Converting 71789285_138 at Wed Sep  2 10:51:51 PM CDT 2026;DONE 71789285_138 at Wed Sep  2 10:54:03 PM CDT 2026;Converting 71789286_139 at Wed Sep  2 10:54:35 PM CDT 2026;' user_mem=2.55GiB(2.0%) job_mem=0.02GiB sys_used=10.5% mem_avail=112.0GiB zombies=0 batch_running=yes
[2026-09-03 00:57:58] PROGRESS done=30/238 converted=21 workers=1/0 active current='Converting 71789285_138 at Wed Sep  2 10:51:51 PM CDT 2026;DONE 71789285_138 at Wed Sep  2 10:54:03 PM CDT 2026;Converting 71789286_139 at Wed Sep  2 10:54:35 PM CDT 2026;' user_mem=2.56GiB(2.1%) job_mem=0.02GiB sys_used=9.7% mem_avail=113.1GiB zombies=0 batch_running=yes
[2026-09-03 01:02:59] PROGRESS done=30/238 converted=21 workers=1/0 active current='Converting 71789285_138 at Wed Sep  2 10:51:51 PM CDT 2026;DONE 71789285_138 at Wed Sep  2 10:54:03 PM CDT 2026;Converting 71789286_139 at Wed Sep  2 10:54:35 PM CDT 2026;' user_mem=2.54GiB(2.0%) job_mem=0.02GiB sys_used=9.2% mem_avail=113.6GiB zombies=0 batch_running=yes
[2026-09-03 01:08:00] PROGRESS done=30/238 converted=21 workers=1/0 active current='Converting 71789285_138 at Wed Sep  2 10:51:51 PM CDT 2026;DONE 71789285_138 at Wed Sep  2 10:54:03 PM CDT 2026;Converting 71789286_139 at Wed Sep  2 10:54:35 PM CDT 2026;' user_mem=2.56GiB(2.0%) job_mem=0.02GiB sys_used=8.5% mem_avail=114.6GiB zombies=0 batch_running=yes
[2026-09-03 01:13:01] PROGRESS done=30/238 converted=21 workers=1/0 active current='Converting 71789285_138 at Wed Sep  2 10:51:51 PM CDT 2026;DONE 71789285_138 at Wed Sep  2 10:54:03 PM CDT 2026;Converting 71789286_139 at Wed Sep  2 10:54:35 PM CDT 2026;' user_mem=2.57GiB(2.0%) job_mem=0.02GiB sys_used=7.5% mem_avail=115.8GiB zombies=0 batch_running=yes
[2026-09-03 01:18:01] PROGRESS done=30/238 converted=21 workers=1/0 active current='Converting 71789285_138 at Wed Sep  2 10:51:51 PM CDT 2026;DONE 71789285_138 at Wed Sep  2 10:54:03 PM CDT 2026;Converting 71789286_139 at Wed Sep  2 10:54:35 PM CDT 2026;' user_mem=2.56GiB(2.0%) job_mem=0.02GiB sys_used=7.2% mem_avail=116.1GiB zombies=0 batch_running=yes
[2026-09-03 01:23:02] PROGRESS done=30/238 converted=21 workers=1/0 active current='Converting 71789285_138 at Wed Sep  2 10:51:51 PM CDT 2026;DONE 71789285_138 at Wed Sep  2 10:54:03 PM CDT 2026;Converting 71789286_139 at Wed Sep  2 10:54:35 PM CDT 2026;' user_mem=2.56GiB(2.0%) job_mem=0.02GiB sys_used=7.0% mem_avail=116.3GiB zombies=0 batch_running=yes
[2026-09-03 01:28:03] PROGRESS done=30/238 converted=21 workers=1/0 active current='Converting 71789285_138 at Wed Sep  2 10:51:51 PM CDT 2026;DONE 71789285_138 at Wed Sep  2 10:54:03 PM CDT 2026;Converting 71789286_139 at Wed Sep  2 10:54:35 PM CDT 2026;' user_mem=2.54GiB(2.0%) job_mem=0.02GiB sys_used=9.9% mem_avail=112.7GiB zombies=0 batch_running=yes
[2026-09-03 01:33:04] PROGRESS done=30/238 converted=21 workers=1/0 active current='Converting 71789285_138 at Wed Sep  2 10:51:51 PM CDT 2026;DONE 71789285_138 at Wed Sep  2 10:54:03 PM CDT 2026;Converting 71789286_139 at Wed Sep  2 10:54:35 PM CDT 2026;' user_mem=2.55GiB(2.0%) job_mem=0.02GiB sys_used=9.3% mem_avail=113.6GiB zombies=0 batch_running=yes
[2026-09-03 01:38:05] PROGRESS done=30/238 converted=21 workers=1/0 active current='Converting 71789285_138 at Wed Sep  2 10:51:51 PM CDT 2026;DONE 71789285_138 at Wed Sep  2 10:54:03 PM CDT 2026;Converting 71789286_139 at Wed Sep  2 10:54:35 PM CDT 2026;' user_mem=2.55GiB(2.0%) job_mem=0.02GiB sys_used=8.6% mem_avail=114.4GiB zombies=0 batch_running=yes
[2026-09-03 01:43:05] PROGRESS done=30/238 converted=21 workers=1/0 active current='Converting 71789285_138 at Wed Sep  2 10:51:51 PM CDT 2026;DONE 71789285_138 at Wed Sep  2 10:54:03 PM CDT 2026;Converting 71789286_139 at Wed Sep  2 10:54:35 PM CDT 2026;' user_mem=2.52GiB(2.0%) job_mem=0.02GiB sys_used=7.7% mem_avail=115.5GiB zombies=0 batch_running=yes
[2026-09-03 01:48:06] PROGRESS done=30/238 converted=21 workers=1/0 active current='Converting 71789285_138 at Wed Sep  2 10:51:51 PM CDT 2026;DONE 71789285_138 at Wed Sep  2 10:54:03 PM CDT 2026;Converting 71789286_139 at Wed Sep  2 10:54:35 PM CDT 2026;' user_mem=2.54GiB(2.0%) job_mem=0.02GiB sys_used=7.3% mem_avail=116.0GiB zombies=0 batch_running=yes
[2026-09-03 01:53:07] PROGRESS done=30/238 converted=21 workers=1/0 active current='Converting 71789285_138 at Wed Sep  2 10:51:51 PM CDT 2026;DONE 71789285_138 at Wed Sep  2 10:54:03 PM CDT 2026;Converting 71789286_139 at Wed Sep  2 10:54:35 PM CDT 2026;' user_mem=2.56GiB(2.0%) job_mem=0.02GiB sys_used=10.4% mem_avail=112.1GiB zombies=0 batch_running=yes
[2026-09-03 01:58:08] PROGRESS done=30/238 converted=21 workers=1/0 active current='Converting 71789285_138 at Wed Sep  2 10:51:51 PM CDT 2026;DONE 71789285_138 at Wed Sep  2 10:54:03 PM CDT 2026;Converting 71789286_139 at Wed Sep  2 10:54:35 PM CDT 2026;' user_mem=2.60GiB(2.1%) job_mem=0.07GiB sys_used=9.7% mem_avail=113.0GiB zombies=0 batch_running=yes
[2026-09-03 02:03:09] PROGRESS done=30/238 converted=21 workers=1/0 active current='Converting 71789285_138 at Wed Sep  2 10:51:51 PM CDT 2026;DONE 71789285_138 at Wed Sep  2 10:54:03 PM CDT 2026;Converting 71789286_139 at Wed Sep  2 10:54:35 PM CDT 2026;' user_mem=2.56GiB(2.0%) job_mem=0.02GiB sys_used=9.5% mem_avail=113.2GiB zombies=0 batch_running=no
[2026-09-03 02:03:09] STARTING batch from checkpoint
[2026-09-03 02:03:09] Started batch pid=3225641
[2026-09-03 02:08:10] PROGRESS done=30/238 converted=21 workers=1/1 active current='Converting 71789176_29 at Thu Sep  3 02:03:10 AM CDT 2026;Converting 71789222_75 at Thu Sep  3 02:05:15 AM CDT 2026;Converting 71789286_139 at Thu Sep  3 02:06:35 AM CDT 2026;' user_mem=16.88GiB(13.5%) job_mem=14.34GiB sys_used=19.8% mem_avail=100.3GiB zombies=0 batch_running=yes
[2026-09-03 02:08:10] STOPPING batch (memory limit (user_mem=13.6%, job_mem=14.41GiB, limits=30%/12GiB))
[2026-09-03 02:08:10] Sending TERM to wvfm2h5.py pid=3231910
[2026-09-03 02:08:10] Sending TERM to batch pid=3225641
[2026-09-03 02:08:21] Sending KILL to batch pid=3234621
[2026-09-03 02:08:23] Batch stopped. Checkpoint saved to /exp/sbnd/app/users/munjung/anomaly-detection/logs/wvfm2h5_checkpoint_crossingmuon.txt
[2026-09-03 02:08:23] Cooling down for 60s before resume
[2026-09-03 02:09:23] PROGRESS done=30/238 converted=21 workers=1/0 active current='Converting 71789176_29 at Thu Sep  3 02:03:10 AM CDT 2026;Converting 71789222_75 at Thu Sep  3 02:05:15 AM CDT 2026;Converting 71789286_139 at Thu Sep  3 02:06:35 AM CDT 2026;' user_mem=2.57GiB(2.1%) job_mem=0.01GiB sys_used=8.0% mem_avail=115.2GiB zombies=0 batch_running=no
[2026-09-03 02:09:23] STARTING batch from checkpoint
[2026-09-03 02:09:23] Started batch pid=3237617
[2026-09-03 02:14:24] PROGRESS done=30/238 converted=21 workers=1/1 active current='Converting 71789176_29 at Thu Sep  3 02:09:24 AM CDT 2026;Converting 71789222_75 at Thu Sep  3 02:10:50 AM CDT 2026;Converting 71789286_139 at Thu Sep  3 02:12:04 AM CDT 2026;' user_mem=16.38GiB(13.1%) job_mem=13.72GiB sys_used=18.6% mem_avail=101.8GiB zombies=0 batch_running=yes
[2026-09-03 02:14:24] STOPPING batch (memory limit (user_mem=13.2%, job_mem=13.83GiB, limits=30%/12GiB))
[2026-09-03 02:14:25] Sending TERM to wvfm2h5.py pid=3242937
[2026-09-03 02:14:25] Sending TERM to batch pid=3237617
[2026-09-03 02:14:37] Batch stopped. Checkpoint saved to /exp/sbnd/app/users/munjung/anomaly-detection/logs/wvfm2h5_checkpoint_crossingmuon.txt
[2026-09-03 02:14:37] Cooling down for 60s before resume
[2026-09-03 02:15:37] PROGRESS done=30/238 converted=21 workers=1/0 active current='Converting 71789176_29 at Thu Sep  3 02:09:24 AM CDT 2026;Converting 71789222_75 at Thu Sep  3 02:10:50 AM CDT 2026;Converting 71789286_139 at Thu Sep  3 02:12:04 AM CDT 2026;' user_mem=2.97GiB(2.4%) job_mem=0.01GiB sys_used=11.0% mem_avail=111.4GiB zombies=0 batch_running=no
[2026-09-03 02:15:38] STARTING batch from checkpoint
[2026-09-03 02:15:38] Started batch pid=3251352
[2026-09-03 02:20:38] PROGRESS done=30/238 converted=21 workers=1/1 active current='Converting 71789176_29 at Thu Sep  3 02:15:38 AM CDT 2026;Converting 71789222_75 at Thu Sep  3 02:17:10 AM CDT 2026;Converting 71789286_139 at Thu Sep  3 02:18:23 AM CDT 2026;' user_mem=10.56GiB(8.4%) job_mem=7.33GiB sys_used=15.6% mem_avail=105.6GiB zombies=0 batch_running=yes
[2026-09-03 02:25:39] PROGRESS done=30/238 converted=21 workers=1/0 active current='Converting 71789176_29 at Thu Sep  3 02:15:38 AM CDT 2026;Converting 71789222_75 at Thu Sep  3 02:17:10 AM CDT 2026;Converting 71789286_139 at Thu Sep  3 02:18:23 AM CDT 2026;' user_mem=9.94GiB(7.9%) job_mem=0.02GiB sys_used=14.3% mem_avail=107.2GiB zombies=0 batch_running=yes
[2026-09-03 02:30:40] PROGRESS done=30/238 converted=21 workers=1/0 active current='Converting 71789176_29 at Thu Sep  3 02:15:38 AM CDT 2026;Converting 71789222_75 at Thu Sep  3 02:17:10 AM CDT 2026;Converting 71789286_139 at Thu Sep  3 02:18:23 AM CDT 2026;' user_mem=9.78GiB(7.8%) job_mem=0.02GiB sys_used=12.7% mem_avail=109.2GiB zombies=0 batch_running=yes
[2026-09-03 02:35:41] PROGRESS done=30/238 converted=21 workers=1/0 active current='Converting 71789176_29 at Thu Sep  3 02:15:38 AM CDT 2026;Converting 71789222_75 at Thu Sep  3 02:17:10 AM CDT 2026;Converting 71789286_139 at Thu Sep  3 02:18:23 AM CDT 2026;' user_mem=9.62GiB(7.8%) job_mem=0.02GiB sys_used=11.6% mem_avail=110.6GiB zombies=0 batch_running=yes
[2026-09-03 02:40:42] PROGRESS done=30/238 converted=21 workers=1/0 active current='Converting 71789176_29 at Thu Sep  3 02:15:38 AM CDT 2026;Converting 71789222_75 at Thu Sep  3 02:17:10 AM CDT 2026;Converting 71789286_139 at Thu Sep  3 02:18:23 AM CDT 2026;' user_mem=9.89GiB(7.9%) job_mem=0.02GiB sys_used=11.5% mem_avail=110.8GiB zombies=0 batch_running=yes
[2026-09-03 02:45:43] PROGRESS done=30/238 converted=21 workers=1/0 active current='Converting 71789176_29 at Thu Sep  3 02:15:38 AM CDT 2026;Converting 71789222_75 at Thu Sep  3 02:17:10 AM CDT 2026;Converting 71789286_139 at Thu Sep  3 02:18:23 AM CDT 2026;' user_mem=10.40GiB(8.3%) job_mem=0.02GiB sys_used=11.6% mem_avail=110.7GiB zombies=0 batch_running=yes
[2026-09-03 02:50:43] PROGRESS done=30/238 converted=21 workers=1/0 active current='Converting 71789176_29 at Thu Sep  3 02:15:38 AM CDT 2026;Converting 71789222_75 at Thu Sep  3 02:17:10 AM CDT 2026;Converting 71789286_139 at Thu Sep  3 02:18:23 AM CDT 2026;' user_mem=10.12GiB(8.1%) job_mem=0.02GiB sys_used=11.6% mem_avail=110.6GiB zombies=0 batch_running=yes
[2026-09-03 02:55:44] PROGRESS done=30/238 converted=21 workers=1/0 active current='Converting 71789176_29 at Thu Sep  3 02:15:38 AM CDT 2026;Converting 71789222_75 at Thu Sep  3 02:17:10 AM CDT 2026;Converting 71789286_139 at Thu Sep  3 02:18:23 AM CDT 2026;' user_mem=9.98GiB(8.0%) job_mem=0.02GiB sys_used=11.5% mem_avail=110.8GiB zombies=0 batch_running=yes
[2026-09-03 03:00:45] PROGRESS done=30/238 converted=21 workers=1/0 active current='Converting 71789176_29 at Thu Sep  3 02:15:38 AM CDT 2026;Converting 71789222_75 at Thu Sep  3 02:17:10 AM CDT 2026;Converting 71789286_139 at Thu Sep  3 02:18:23 AM CDT 2026;' user_mem=10.01GiB(8.0%) job_mem=0.02GiB sys_used=11.5% mem_avail=110.8GiB zombies=0 batch_running=yes
[2026-09-03 03:05:46] PROGRESS done=30/238 converted=21 workers=1/0 active current='Converting 71789176_29 at Thu Sep  3 02:15:38 AM CDT 2026;Converting 71789222_75 at Thu Sep  3 02:17:10 AM CDT 2026;Converting 71789286_139 at Thu Sep  3 02:18:23 AM CDT 2026;' user_mem=10.05GiB(8.0%) job_mem=0.02GiB sys_used=11.5% mem_avail=110.7GiB zombies=0 batch_running=yes
[2026-09-03 03:10:47] PROGRESS done=30/238 converted=21 workers=1/0 active current='Converting 71789176_29 at Thu Sep  3 02:15:38 AM CDT 2026;Converting 71789222_75 at Thu Sep  3 02:17:10 AM CDT 2026;Converting 71789286_139 at Thu Sep  3 02:18:23 AM CDT 2026;' user_mem=10.00GiB(8.0%) job_mem=0.02GiB sys_used=11.5% mem_avail=110.7GiB zombies=0 batch_running=yes
[2026-09-03 03:15:48] PROGRESS done=30/238 converted=21 workers=1/0 active current='Converting 71789176_29 at Thu Sep  3 02:15:38 AM CDT 2026;Converting 71789222_75 at Thu Sep  3 02:17:10 AM CDT 2026;Converting 71789286_139 at Thu Sep  3 02:18:23 AM CDT 2026;' user_mem=10.51GiB(8.4%) job_mem=0.02GiB sys_used=11.5% mem_avail=110.8GiB zombies=0 batch_running=yes
[2026-09-03 03:20:49] PROGRESS done=30/238 converted=21 workers=1/0 active current='Converting 71789176_29 at Thu Sep  3 02:15:38 AM CDT 2026;Converting 71789222_75 at Thu Sep  3 02:17:10 AM CDT 2026;Converting 71789286_139 at Thu Sep  3 02:18:23 AM CDT 2026;' user_mem=10.44GiB(8.3%) job_mem=0.02GiB sys_used=13.7% mem_avail=108.0GiB zombies=0 batch_running=yes
[2026-09-03 03:25:50] PROGRESS done=30/238 converted=21 workers=1/0 active current='Converting 71789176_29 at Thu Sep  3 02:15:38 AM CDT 2026;Converting 71789222_75 at Thu Sep  3 02:17:10 AM CDT 2026;Converting 71789286_139 at Thu Sep  3 02:18:23 AM CDT 2026;' user_mem=10.50GiB(8.4%) job_mem=0.02GiB sys_used=14.5% mem_avail=106.9GiB zombies=0 batch_running=yes
[2026-09-03 03:30:50] PROGRESS done=30/238 converted=21 workers=1/0 active current='Converting 71789176_29 at Thu Sep  3 02:15:38 AM CDT 2026;Converting 71789222_75 at Thu Sep  3 02:17:10 AM CDT 2026;Converting 71789286_139 at Thu Sep  3 02:18:23 AM CDT 2026;' user_mem=10.37GiB(8.3%) job_mem=0.02GiB sys_used=15.1% mem_avail=106.3GiB zombies=0 batch_running=yes
[2026-09-03 03:35:51] PROGRESS done=30/238 converted=21 workers=1/0 active current='Converting 71789176_29 at Thu Sep  3 02:15:38 AM CDT 2026;Converting 71789222_75 at Thu Sep  3 02:17:10 AM CDT 2026;Converting 71789286_139 at Thu Sep  3 02:18:23 AM CDT 2026;' user_mem=10.58GiB(8.5%) job_mem=0.02GiB sys_used=15.2% mem_avail=106.1GiB zombies=0 batch_running=yes
[2026-09-03 03:40:52] PROGRESS done=30/238 converted=21 workers=1/0 active current='Converting 71789176_29 at Thu Sep  3 02:15:38 AM CDT 2026;Converting 71789222_75 at Thu Sep  3 02:17:10 AM CDT 2026;Converting 71789286_139 at Thu Sep  3 02:18:23 AM CDT 2026;' user_mem=10.04GiB(8.0%) job_mem=0.02GiB sys_used=15.2% mem_avail=106.1GiB zombies=0 batch_running=yes
[2026-09-03 03:45:53] PROGRESS done=30/238 converted=21 workers=1/0 active current='Converting 71789176_29 at Thu Sep  3 02:15:38 AM CDT 2026;Converting 71789222_75 at Thu Sep  3 02:17:10 AM CDT 2026;Converting 71789286_139 at Thu Sep  3 02:18:23 AM CDT 2026;' user_mem=10.12GiB(8.1%) job_mem=0.02GiB sys_used=15.8% mem_avail=105.4GiB zombies=0 batch_running=yes
[2026-09-03 03:50:54] PROGRESS done=30/238 converted=21 workers=1/0 active current='Converting 71789176_29 at Thu Sep  3 02:15:38 AM CDT 2026;Converting 71789222_75 at Thu Sep  3 02:17:10 AM CDT 2026;Converting 71789286_139 at Thu Sep  3 02:18:23 AM CDT 2026;' user_mem=10.33GiB(8.3%) job_mem=0.02GiB sys_used=16.3% mem_avail=104.7GiB zombies=0 batch_running=yes
[2026-09-03 03:55:55] PROGRESS done=30/238 converted=21 workers=1/0 active current='Converting 71789176_29 at Thu Sep  3 02:15:38 AM CDT 2026;Converting 71789222_75 at Thu Sep  3 02:17:10 AM CDT 2026;Converting 71789286_139 at Thu Sep  3 02:18:23 AM CDT 2026;' user_mem=10.36GiB(8.3%) job_mem=0.02GiB sys_used=16.9% mem_avail=104.0GiB zombies=0 batch_running=yes
[2026-09-03 04:00:56] PROGRESS done=30/238 converted=21 workers=1/0 active current='Converting 71789176_29 at Thu Sep  3 02:15:38 AM CDT 2026;Converting 71789222_75 at Thu Sep  3 02:17:10 AM CDT 2026;Converting 71789286_139 at Thu Sep  3 02:18:23 AM CDT 2026;' user_mem=10.38GiB(8.3%) job_mem=0.02GiB sys_used=17.6% mem_avail=103.1GiB zombies=0 batch_running=yes
[2026-09-03 04:05:57] PROGRESS done=30/238 converted=21 workers=1/0 active current='Converting 71789176_29 at Thu Sep  3 02:15:38 AM CDT 2026;Converting 71789222_75 at Thu Sep  3 02:17:10 AM CDT 2026;Converting 71789286_139 at Thu Sep  3 02:18:23 AM CDT 2026;' user_mem=10.34GiB(8.3%) job_mem=0.02GiB sys_used=18.6% mem_avail=101.9GiB zombies=0 batch_running=yes
[2026-09-03 04:10:58] PROGRESS done=30/238 converted=21 workers=1/0 active current='Converting 71789176_29 at Thu Sep  3 02:15:38 AM CDT 2026;Converting 71789222_75 at Thu Sep  3 02:17:10 AM CDT 2026;Converting 71789286_139 at Thu Sep  3 02:18:23 AM CDT 2026;' user_mem=10.42GiB(8.4%) job_mem=0.02GiB sys_used=19.2% mem_avail=101.1GiB zombies=0 batch_running=yes
[2026-09-03 04:15:58] PROGRESS done=30/238 converted=21 workers=1/0 active current='Converting 71789176_29 at Thu Sep  3 02:15:38 AM CDT 2026;Converting 71789222_75 at Thu Sep  3 02:17:10 AM CDT 2026;Converting 71789286_139 at Thu Sep  3 02:18:23 AM CDT 2026;' user_mem=10.43GiB(8.3%) job_mem=0.02GiB sys_used=19.8% mem_avail=100.4GiB zombies=0 batch_running=yes
[2026-09-03 04:20:59] PROGRESS done=30/238 converted=21 workers=1/0 active current='Converting 71789176_29 at Thu Sep  3 02:15:38 AM CDT 2026;Converting 71789222_75 at Thu Sep  3 02:17:10 AM CDT 2026;Converting 71789286_139 at Thu Sep  3 02:18:23 AM CDT 2026;' user_mem=10.40GiB(8.3%) job_mem=0.02GiB sys_used=20.5% mem_avail=99.5GiB zombies=0 batch_running=yes
[2026-09-03 04:26:00] PROGRESS done=30/238 converted=21 workers=1/0 active current='Converting 71789176_29 at Thu Sep  3 02:15:38 AM CDT 2026;Converting 71789222_75 at Thu Sep  3 02:17:10 AM CDT 2026;Converting 71789286_139 at Thu Sep  3 02:18:23 AM CDT 2026;' user_mem=10.41GiB(8.3%) job_mem=0.02GiB sys_used=20.9% mem_avail=98.9GiB zombies=0 batch_running=yes
[2026-09-03 04:31:01] PROGRESS done=30/238 converted=21 workers=1/0 active current='Converting 71789176_29 at Thu Sep  3 02:15:38 AM CDT 2026;Converting 71789222_75 at Thu Sep  3 02:17:10 AM CDT 2026;Converting 71789286_139 at Thu Sep  3 02:18:23 AM CDT 2026;' user_mem=10.40GiB(8.3%) job_mem=0.02GiB sys_used=21.7% mem_avail=98.0GiB zombies=0 batch_running=yes
[2026-09-03 04:36:02] PROGRESS done=30/238 converted=21 workers=1/0 active current='Converting 71789176_29 at Thu Sep  3 02:15:38 AM CDT 2026;Converting 71789222_75 at Thu Sep  3 02:17:10 AM CDT 2026;Converting 71789286_139 at Thu Sep  3 02:18:23 AM CDT 2026;' user_mem=10.41GiB(8.3%) job_mem=0.02GiB sys_used=22.2% mem_avail=97.4GiB zombies=0 batch_running=yes
[2026-09-03 04:41:03] PROGRESS done=30/238 converted=21 workers=1/0 active current='Converting 71789176_29 at Thu Sep  3 02:15:38 AM CDT 2026;Converting 71789222_75 at Thu Sep  3 02:17:10 AM CDT 2026;Converting 71789286_139 at Thu Sep  3 02:18:23 AM CDT 2026;' user_mem=10.38GiB(8.3%) job_mem=0.02GiB sys_used=22.9% mem_avail=96.5GiB zombies=0 batch_running=yes
[2026-09-03 04:46:04] PROGRESS done=30/238 converted=21 workers=1/0 active current='Converting 71789176_29 at Thu Sep  3 02:15:38 AM CDT 2026;Converting 71789222_75 at Thu Sep  3 02:17:10 AM CDT 2026;Converting 71789286_139 at Thu Sep  3 02:18:23 AM CDT 2026;' user_mem=10.42GiB(8.3%) job_mem=0.02GiB sys_used=23.5% mem_avail=95.7GiB zombies=0 batch_running=yes
[2026-09-03 04:51:05] PROGRESS done=30/238 converted=21 workers=1/0 active current='Converting 71789176_29 at Thu Sep  3 02:15:38 AM CDT 2026;Converting 71789222_75 at Thu Sep  3 02:17:10 AM CDT 2026;Converting 71789286_139 at Thu Sep  3 02:18:23 AM CDT 2026;' user_mem=10.40GiB(8.3%) job_mem=0.02GiB sys_used=24.1% mem_avail=95.0GiB zombies=0 batch_running=yes
[2026-09-03 04:56:06] PROGRESS done=30/238 converted=21 workers=1/0 active current='Converting 71789176_29 at Thu Sep  3 02:15:38 AM CDT 2026;Converting 71789222_75 at Thu Sep  3 02:17:10 AM CDT 2026;Converting 71789286_139 at Thu Sep  3 02:18:23 AM CDT 2026;' user_mem=10.46GiB(8.4%) job_mem=0.02GiB sys_used=24.7% mem_avail=94.2GiB zombies=0 batch_running=yes
[2026-09-03 05:01:06] PROGRESS done=30/238 converted=21 workers=1/0 active current='Converting 71789176_29 at Thu Sep  3 02:15:38 AM CDT 2026;Converting 71789222_75 at Thu Sep  3 02:17:10 AM CDT 2026;Converting 71789286_139 at Thu Sep  3 02:18:23 AM CDT 2026;' user_mem=10.44GiB(8.3%) job_mem=0.02GiB sys_used=25.2% mem_avail=93.6GiB zombies=0 batch_running=yes
[2026-09-03 05:06:07] PROGRESS done=30/238 converted=21 workers=1/0 active current='Converting 71789176_29 at Thu Sep  3 02:15:38 AM CDT 2026;Converting 71789222_75 at Thu Sep  3 02:17:10 AM CDT 2026;Converting 71789286_139 at Thu Sep  3 02:18:23 AM CDT 2026;' user_mem=10.44GiB(8.3%) job_mem=0.02GiB sys_used=25.8% mem_avail=92.9GiB zombies=0 batch_running=yes
[2026-09-03 05:11:08] PROGRESS done=30/238 converted=21 workers=1/0 active current='Converting 71789176_29 at Thu Sep  3 02:15:38 AM CDT 2026;Converting 71789222_75 at Thu Sep  3 02:17:10 AM CDT 2026;Converting 71789286_139 at Thu Sep  3 02:18:23 AM CDT 2026;' user_mem=10.37GiB(8.3%) job_mem=0.02GiB sys_used=26.0% mem_avail=92.6GiB zombies=0 batch_running=yes
[2026-09-03 05:16:09] PROGRESS done=30/238 converted=21 workers=1/0 active current='Converting 71789176_29 at Thu Sep  3 02:15:38 AM CDT 2026;Converting 71789222_75 at Thu Sep  3 02:17:10 AM CDT 2026;Converting 71789286_139 at Thu Sep  3 02:18:23 AM CDT 2026;' user_mem=10.18GiB(8.1%) job_mem=0.02GiB sys_used=26.2% mem_avail=92.4GiB zombies=0 batch_running=yes
[2026-09-03 05:21:10] PROGRESS done=30/238 converted=21 workers=1/0 active current='Converting 71789176_29 at Thu Sep  3 02:15:38 AM CDT 2026;Converting 71789222_75 at Thu Sep  3 02:17:10 AM CDT 2026;Converting 71789286_139 at Thu Sep  3 02:18:23 AM CDT 2026;' user_mem=10.27GiB(8.2%) job_mem=0.02GiB sys_used=26.8% mem_avail=91.6GiB zombies=0 batch_running=yes
[2026-09-03 05:26:11] PROGRESS done=30/238 converted=21 workers=1/0 active current='Converting 71789176_29 at Thu Sep  3 02:15:38 AM CDT 2026;Converting 71789222_75 at Thu Sep  3 02:17:10 AM CDT 2026;Converting 71789286_139 at Thu Sep  3 02:18:23 AM CDT 2026;' user_mem=10.31GiB(8.2%) job_mem=0.02GiB sys_used=27.7% mem_avail=90.5GiB zombies=0 batch_running=yes
[2026-09-03 05:31:12] PROGRESS done=30/238 converted=21 workers=1/1 active current='Converting 71789176_29 at Thu Sep  3 02:15:38 AM CDT 2026;Converting 71789222_75 at Thu Sep  3 02:17:10 AM CDT 2026;Converting 71789286_139 at Thu Sep  3 02:18:23 AM CDT 2026;' user_mem=10.28GiB(8.2%) job_mem=0.07GiB sys_used=28.5% mem_avail=89.4GiB zombies=0 batch_running=yes
[2026-09-03 05:36:13] PROGRESS done=30/238 converted=21 workers=1/0 active current='Converting 71789176_29 at Thu Sep  3 02:15:38 AM CDT 2026;Converting 71789222_75 at Thu Sep  3 02:17:10 AM CDT 2026;Converting 71789286_139 at Thu Sep  3 02:18:23 AM CDT 2026;' user_mem=10.34GiB(8.3%) job_mem=0.02GiB sys_used=29.2% mem_avail=88.6GiB zombies=0 batch_running=no
[2026-09-03 05:41:14] PROGRESS done=30/238 converted=21 workers=1/0 active current='Converting 71789176_29 at Thu Sep  3 02:15:38 AM CDT 2026;Converting 71789222_75 at Thu Sep  3 02:17:10 AM CDT 2026;Converting 71789286_139 at Thu Sep  3 02:18:23 AM CDT 2026;' user_mem=10.30GiB(8.2%) job_mem=0.01GiB sys_used=29.7% mem_avail=87.9GiB zombies=0 batch_running=no
[2026-09-03 05:46:15] PROGRESS done=30/238 converted=21 workers=1/0 active current='Converting 71789176_29 at Thu Sep  3 02:15:38 AM CDT 2026;Converting 71789222_75 at Thu Sep  3 02:17:10 AM CDT 2026;Converting 71789286_139 at Thu Sep  3 02:18:23 AM CDT 2026;' user_mem=10.34GiB(8.3%) job_mem=0.01GiB sys_used=30.5% mem_avail=87.0GiB zombies=0 batch_running=no
[2026-09-03 05:46:16] STARTING batch from checkpoint
[2026-09-03 05:46:16] Started batch pid=3688194
[2026-09-03 05:51:17] PROGRESS done=30/238 converted=21 workers=1/1 active current='Converting 71789176_29 at Thu Sep  3 05:46:16 AM CDT 2026;Converting 71789222_75 at Thu Sep  3 05:48:19 AM CDT 2026;Converting 71789286_139 at Thu Sep  3 05:49:48 AM CDT 2026;' user_mem=19.60GiB(15.6%) job_mem=9.18GiB sys_used=38.8% mem_avail=76.6GiB zombies=0 batch_running=yes
[2026-09-03 05:56:18] PROGRESS done=31/238 converted=22 workers=1/1 active current='Converting 71789286_139 at Thu Sep  3 05:49:48 AM CDT 2026;DONE 71789286_139 at Thu Sep  3 05:55:18 AM CDT 2026;Converting 71789287_140 at Thu Sep  3 05:55:51 AM CDT 2026;' user_mem=19.68GiB(15.6%) job_mem=9.39GiB sys_used=39.3% mem_avail=75.9GiB zombies=0 batch_running=yes
[2026-09-03 06:01:19] PROGRESS done=32/238 converted=23 workers=1/1 active current='Converting 71789287_140 at Thu Sep  3 05:55:51 AM CDT 2026;DONE 71789287_140 at Thu Sep  3 05:59:07 AM CDT 2026;Converting 71789288_141 at Thu Sep  3 05:59:39 AM CDT 2026;' user_mem=22.48GiB(18.0%) job_mem=12.32GiB sys_used=42.1% mem_avail=72.4GiB zombies=0 batch_running=yes
[2026-09-03 06:01:19] STOPPING batch (memory limit (user_mem=18.1%, job_mem=12.53GiB, limits=30%/12GiB))
[2026-09-03 06:01:19] Sending TERM to wvfm2h5.py pid=3715285
[2026-09-03 06:01:20] Sending TERM to batch pid=3688194
[2026-09-03 06:01:30] Sending KILL to batch pid=3718870
[2026-09-03 06:01:32] Batch stopped. Checkpoint saved to /exp/sbnd/app/users/munjung/anomaly-detection/logs/wvfm2h5_checkpoint_crossingmuon.txt
[2026-09-03 06:01:32] Cooling down for 60s before resume
[2026-09-03 06:02:32] PROGRESS done=32/238 converted=23 workers=1/0 active current='Converting 71789287_140 at Thu Sep  3 05:55:51 AM CDT 2026;DONE 71789287_140 at Thu Sep  3 05:59:07 AM CDT 2026;Converting 71789288_141 at Thu Sep  3 05:59:39 AM CDT 2026;' user_mem=10.13GiB(8.1%) job_mem=0.01GiB sys_used=32.9% mem_avail=84.0GiB zombies=0 batch_running=no
[2026-09-03 06:02:33] STARTING batch from checkpoint
[2026-09-03 06:02:33] Started batch pid=3721888
[2026-09-03 06:07:33] PROGRESS done=32/238 converted=23 workers=1/0 active current='Converting 71789176_29 at Thu Sep  3 06:02:33 AM CDT 2026;Converting 71789222_75 at Thu Sep  3 06:04:06 AM CDT 2026;Converting 71789288_141 at Thu Sep  3 06:05:34 AM CDT 2026;' user_mem=10.11GiB(8.1%) job_mem=0.01GiB sys_used=33.8% mem_avail=82.8GiB zombies=0 batch_running=no
[2026-09-03 06:07:34] STARTING batch from checkpoint
[2026-09-03 06:07:34] Started batch pid=3731435
[2026-09-03 06:12:35] PROGRESS done=32/238 converted=23 workers=1/1 active current='Converting 71789176_29 at Thu Sep  3 06:07:35 AM CDT 2026;Converting 71789222_75 at Thu Sep  3 06:09:01 AM CDT 2026;Converting 71789288_141 at Thu Sep  3 06:10:13 AM CDT 2026;' user_mem=20.72GiB(16.6%) job_mem=10.61GiB sys_used=41.9% mem_avail=72.7GiB zombies=0 batch_running=yes
[2026-09-03 06:17:36] PROGRESS done=32/238 converted=23 workers=1/0 active current='Converting 71789176_29 at Thu Sep  3 06:07:35 AM CDT 2026;Converting 71789222_75 at Thu Sep  3 06:09:01 AM CDT 2026;Converting 71789288_141 at Thu Sep  3 06:10:13 AM CDT 2026;' user_mem=10.10GiB(8.0%) job_mem=0.01GiB sys_used=34.9% mem_avail=81.5GiB zombies=0 batch_running=no
[2026-09-03 06:17:37] STARTING batch from checkpoint
[2026-09-03 06:17:37] Started batch pid=3752403
[2026-09-03 06:22:37] PROGRESS done=32/238 converted=23 workers=1/1 active current='Converting 71789176_29 at Thu Sep  3 06:17:37 AM CDT 2026;Converting 71789222_75 at Thu Sep  3 06:19:19 AM CDT 2026;Converting 71789288_141 at Thu Sep  3 06:20:44 AM CDT 2026;' user_mem=23.85GiB(19.1%) job_mem=13.68GiB sys_used=46.4% mem_avail=67.1GiB zombies=0 batch_running=yes
[2026-09-03 06:22:38] STOPPING batch (memory limit (user_mem=19.2%, job_mem=13.78GiB, limits=30%/12GiB))
[2026-09-03 06:22:38] Sending TERM to wvfm2h5.py pid=3759654
[2026-09-03 06:22:38] Sending TERM to batch pid=3752403
[2026-09-03 06:22:50] Batch stopped. Checkpoint saved to /exp/sbnd/app/users/munjung/anomaly-detection/logs/wvfm2h5_checkpoint_crossingmuon.txt
[2026-09-03 06:22:50] Cooling down for 60s before resume
[2026-09-03 06:23:52] PROGRESS done=32/238 converted=23 workers=1/0 active current='Converting 71789176_29 at Thu Sep  3 06:17:37 AM CDT 2026;Converting 71789222_75 at Thu Sep  3 06:19:19 AM CDT 2026;Converting 71789288_141 at Thu Sep  3 06:20:44 AM CDT 2026;' user_mem=10.20GiB(8.2%) job_mem=0.01GiB sys_used=35.5% mem_avail=80.7GiB zombies=0 batch_running=no
[2026-09-03 06:23:52] STARTING batch from checkpoint
[2026-09-03 06:23:52] Started batch pid=3765171
[2026-09-03 06:28:52] PROGRESS done=32/238 converted=23 workers=1/1 active current='Converting 71789176_29 at Thu Sep  3 06:23:53 AM CDT 2026;Converting 71789222_75 at Thu Sep  3 06:25:20 AM CDT 2026;Converting 71789288_141 at Thu Sep  3 06:26:35 AM CDT 2026;' user_mem=22.23GiB(17.8%) job_mem=12.09GiB sys_used=45.5% mem_avail=68.2GiB zombies=0 batch_running=yes
[2026-09-03 06:28:53] STOPPING batch (memory limit (user_mem=17.9%, job_mem=12.31GiB, limits=30%/12GiB))
[2026-09-03 06:28:53] Sending TERM to wvfm2h5.py pid=3771015
[2026-09-03 06:28:53] Sending TERM to batch pid=3765171
[2026-09-03 06:29:05] Batch stopped. Checkpoint saved to /exp/sbnd/app/users/munjung/anomaly-detection/logs/wvfm2h5_checkpoint_crossingmuon.txt
[2026-09-03 06:29:05] Cooling down for 60s before resume
[2026-09-03 06:30:06] PROGRESS done=32/238 converted=23 workers=1/0 active current='Converting 71789176_29 at Thu Sep  3 06:23:53 AM CDT 2026;Converting 71789222_75 at Thu Sep  3 06:25:20 AM CDT 2026;Converting 71789288_141 at Thu Sep  3 06:26:35 AM CDT 2026;' user_mem=10.16GiB(8.1%) job_mem=0.02GiB sys_used=37.1% mem_avail=78.7GiB zombies=0 batch_running=yes
[2026-09-03 06:30:06] Batch already running; not starting another instance
[2026-09-03 06:35:07] PROGRESS done=32/238 converted=23 workers=1/0 active current='Converting 71789176_29 at Thu Sep  3 06:23:53 AM CDT 2026;Converting 71789222_75 at Thu Sep  3 06:25:20 AM CDT 2026;Converting 71789288_141 at Thu Sep  3 06:26:35 AM CDT 2026;' user_mem=10.18GiB(8.1%) job_mem=0.02GiB sys_used=37.1% mem_avail=78.7GiB zombies=0 batch_running=yes
[2026-09-03 06:40:08] PROGRESS done=32/238 converted=23 workers=1/0 active current='Converting 71789176_29 at Thu Sep  3 06:23:53 AM CDT 2026;Converting 71789222_75 at Thu Sep  3 06:25:20 AM CDT 2026;Converting 71789288_141 at Thu Sep  3 06:26:35 AM CDT 2026;' user_mem=9.94GiB(7.9%) job_mem=0.02GiB sys_used=37.5% mem_avail=78.2GiB zombies=0 batch_running=yes
[2026-09-03 06:45:09] PROGRESS done=32/238 converted=23 workers=1/0 active current='Converting 71789176_29 at Thu Sep  3 06:23:53 AM CDT 2026;Converting 71789222_75 at Thu Sep  3 06:25:20 AM CDT 2026;Converting 71789288_141 at Thu Sep  3 06:26:35 AM CDT 2026;' user_mem=10.18GiB(8.1%) job_mem=0.02GiB sys_used=38.3% mem_avail=77.2GiB zombies=0 batch_running=yes
[2026-09-03 06:50:09] PROGRESS done=32/238 converted=23 workers=1/0 active current='Converting 71789176_29 at Thu Sep  3 06:23:53 AM CDT 2026;Converting 71789222_75 at Thu Sep  3 06:25:20 AM CDT 2026;Converting 71789288_141 at Thu Sep  3 06:26:35 AM CDT 2026;' user_mem=10.13GiB(8.1%) job_mem=0.02GiB sys_used=37.9% mem_avail=77.7GiB zombies=0 batch_running=yes
[2026-09-03 06:55:10] PROGRESS done=32/238 converted=23 workers=1/0 active current='Converting 71789176_29 at Thu Sep  3 06:23:53 AM CDT 2026;Converting 71789222_75 at Thu Sep  3 06:25:20 AM CDT 2026;Converting 71789288_141 at Thu Sep  3 06:26:35 AM CDT 2026;' user_mem=10.19GiB(8.1%) job_mem=0.02GiB sys_used=37.9% mem_avail=77.7GiB zombies=0 batch_running=yes
[2026-09-03 07:00:11] PROGRESS done=32/238 converted=23 workers=1/0 active current='Converting 71789176_29 at Thu Sep  3 06:23:53 AM CDT 2026;Converting 71789222_75 at Thu Sep  3 06:25:20 AM CDT 2026;Converting 71789288_141 at Thu Sep  3 06:26:35 AM CDT 2026;' user_mem=10.09GiB(8.1%) job_mem=0.02GiB sys_used=39.0% mem_avail=76.3GiB zombies=0 batch_running=yes
[2026-09-03 07:05:12] PROGRESS done=32/238 converted=23 workers=1/0 active current='Converting 71789176_29 at Thu Sep  3 06:23:53 AM CDT 2026;Converting 71789222_75 at Thu Sep  3 06:25:20 AM CDT 2026;Converting 71789288_141 at Thu Sep  3 06:26:35 AM CDT 2026;' user_mem=10.11GiB(8.0%) job_mem=0.02GiB sys_used=39.0% mem_avail=76.3GiB zombies=0 batch_running=yes
[2026-09-03 07:10:13] PROGRESS done=32/238 converted=23 workers=1/0 active current='Converting 71789176_29 at Thu Sep  3 06:23:53 AM CDT 2026;Converting 71789222_75 at Thu Sep  3 06:25:20 AM CDT 2026;Converting 71789288_141 at Thu Sep  3 06:26:35 AM CDT 2026;' user_mem=10.11GiB(8.1%) job_mem=0.02GiB sys_used=40.1% mem_avail=75.0GiB zombies=0 batch_running=yes
[2026-09-03 07:15:14] PROGRESS done=32/238 converted=23 workers=1/0 active current='Converting 71789176_29 at Thu Sep  3 06:23:53 AM CDT 2026;Converting 71789222_75 at Thu Sep  3 06:25:20 AM CDT 2026;Converting 71789288_141 at Thu Sep  3 06:26:35 AM CDT 2026;' user_mem=10.20GiB(8.1%) job_mem=0.02GiB sys_used=40.8% mem_avail=74.1GiB zombies=0 batch_running=yes
[2026-09-03 07:20:15] PROGRESS done=32/238 converted=23 workers=1/0 active current='Converting 71789176_29 at Thu Sep  3 06:23:53 AM CDT 2026;Converting 71789222_75 at Thu Sep  3 06:25:20 AM CDT 2026;Converting 71789288_141 at Thu Sep  3 06:26:35 AM CDT 2026;' user_mem=10.09GiB(8.1%) job_mem=0.02GiB sys_used=41.3% mem_avail=73.5GiB zombies=0 batch_running=yes
[2026-09-03 07:25:16] PROGRESS done=32/238 converted=23 workers=1/0 active current='Converting 71789176_29 at Thu Sep  3 06:23:53 AM CDT 2026;Converting 71789222_75 at Thu Sep  3 06:25:20 AM CDT 2026;Converting 71789288_141 at Thu Sep  3 06:26:35 AM CDT 2026;' user_mem=10.12GiB(8.1%) job_mem=0.02GiB sys_used=42.0% mem_avail=72.5GiB zombies=0 batch_running=yes
[2026-09-03 07:30:17] PROGRESS done=32/238 converted=23 workers=1/0 active current='Converting 71789176_29 at Thu Sep  3 06:23:53 AM CDT 2026;Converting 71789222_75 at Thu Sep  3 06:25:20 AM CDT 2026;Converting 71789288_141 at Thu Sep  3 06:26:35 AM CDT 2026;' user_mem=10.24GiB(8.2%) job_mem=0.02GiB sys_used=43.0% mem_avail=71.3GiB zombies=0 batch_running=yes
[2026-09-03 07:35:17] PROGRESS done=32/238 converted=23 workers=1/0 active current='Converting 71789176_29 at Thu Sep  3 06:23:53 AM CDT 2026;Converting 71789222_75 at Thu Sep  3 06:25:20 AM CDT 2026;Converting 71789288_141 at Thu Sep  3 06:26:35 AM CDT 2026;' user_mem=10.12GiB(8.1%) job_mem=0.02GiB sys_used=44.1% mem_avail=69.9GiB zombies=0 batch_running=yes
[2026-09-03 07:40:18] PROGRESS done=32/238 converted=23 workers=1/1 active current='Converting 71789176_29 at Thu Sep  3 06:23:53 AM CDT 2026;Converting 71789222_75 at Thu Sep  3 06:25:20 AM CDT 2026;Converting 71789288_141 at Thu Sep  3 06:26:35 AM CDT 2026;' user_mem=10.18GiB(8.1%) job_mem=0.07GiB sys_used=44.8% mem_avail=69.1GiB zombies=0 batch_running=yes
[2026-09-03 07:45:19] PROGRESS done=32/238 converted=23 workers=1/0 active current='Converting 71789176_29 at Thu Sep  3 06:23:53 AM CDT 2026;Converting 71789222_75 at Thu Sep  3 06:25:20 AM CDT 2026;Converting 71789288_141 at Thu Sep  3 06:26:35 AM CDT 2026;' user_mem=10.21GiB(8.2%) job_mem=0.02GiB sys_used=44.7% mem_avail=69.2GiB zombies=0 batch_running=yes
[2026-09-03 07:50:20] PROGRESS done=32/238 converted=23 workers=1/0 active current='Converting 71789176_29 at Thu Sep  3 06:23:53 AM CDT 2026;Converting 71789222_75 at Thu Sep  3 06:25:20 AM CDT 2026;Converting 71789288_141 at Thu Sep  3 06:26:35 AM CDT 2026;' user_mem=10.24GiB(8.2%) job_mem=0.02GiB sys_used=45.2% mem_avail=68.5GiB zombies=0 batch_running=yes
[2026-09-03 07:55:21] PROGRESS done=32/238 converted=23 workers=1/0 active current='Converting 71789176_29 at Thu Sep  3 06:23:53 AM CDT 2026;Converting 71789222_75 at Thu Sep  3 06:25:20 AM CDT 2026;Converting 71789288_141 at Thu Sep  3 06:26:35 AM CDT 2026;' user_mem=10.16GiB(8.1%) job_mem=0.02GiB sys_used=46.0% mem_avail=67.5GiB zombies=0 batch_running=yes
[2026-09-03 08:00:22] PROGRESS done=32/238 converted=23 workers=1/0 active current='Converting 71789176_29 at Thu Sep  3 06:23:53 AM CDT 2026;Converting 71789222_75 at Thu Sep  3 06:25:20 AM CDT 2026;Converting 71789288_141 at Thu Sep  3 06:26:35 AM CDT 2026;' user_mem=9.93GiB(7.9%) job_mem=0.02GiB sys_used=46.4% mem_avail=67.1GiB zombies=0 batch_running=yes
[2026-09-03 08:05:23] PROGRESS done=32/238 converted=23 workers=1/0 active current='Converting 71789176_29 at Thu Sep  3 06:23:53 AM CDT 2026;Converting 71789222_75 at Thu Sep  3 06:25:20 AM CDT 2026;Converting 71789288_141 at Thu Sep  3 06:26:35 AM CDT 2026;' user_mem=10.03GiB(8.0%) job_mem=0.02GiB sys_used=48.2% mem_avail=64.8GiB zombies=0 batch_running=yes
[2026-09-03 08:10:24] PROGRESS done=32/238 converted=23 workers=1/0 active current='Converting 71789176_29 at Thu Sep  3 06:23:53 AM CDT 2026;Converting 71789222_75 at Thu Sep  3 06:25:20 AM CDT 2026;Converting 71789288_141 at Thu Sep  3 06:26:35 AM CDT 2026;' user_mem=10.09GiB(8.0%) job_mem=0.02GiB sys_used=51.8% mem_avail=60.3GiB zombies=0 batch_running=yes
[2026-09-03 08:15:25] PROGRESS done=32/238 converted=23 workers=1/0 active current='Converting 71789176_29 at Thu Sep  3 06:23:53 AM CDT 2026;Converting 71789222_75 at Thu Sep  3 06:25:20 AM CDT 2026;Converting 71789288_141 at Thu Sep  3 06:26:35 AM CDT 2026;' user_mem=10.13GiB(8.1%) job_mem=0.02GiB sys_used=55.0% mem_avail=56.4GiB zombies=0 batch_running=yes
[2026-09-03 08:20:26] PROGRESS done=32/238 converted=23 workers=1/0 active current='Converting 71789176_29 at Thu Sep  3 06:23:53 AM CDT 2026;Converting 71789222_75 at Thu Sep  3 06:25:20 AM CDT 2026;Converting 71789288_141 at Thu Sep  3 06:26:35 AM CDT 2026;' user_mem=10.10GiB(8.1%) job_mem=0.02GiB sys_used=57.9% mem_avail=52.7GiB zombies=0 batch_running=yes
[2026-09-03 08:25:27] PROGRESS done=32/238 converted=23 workers=1/0 active current='Converting 71789176_29 at Thu Sep  3 06:23:53 AM CDT 2026;Converting 71789222_75 at Thu Sep  3 06:25:20 AM CDT 2026;Converting 71789288_141 at Thu Sep  3 06:26:35 AM CDT 2026;' user_mem=9.97GiB(8.0%) job_mem=0.02GiB sys_used=60.1% mem_avail=50.0GiB zombies=0 batch_running=yes
[2026-09-03 08:30:28] PROGRESS done=32/238 converted=23 workers=1/0 active current='Converting 71789176_29 at Thu Sep  3 06:23:53 AM CDT 2026;Converting 71789222_75 at Thu Sep  3 06:25:20 AM CDT 2026;Converting 71789288_141 at Thu Sep  3 06:26:35 AM CDT 2026;' user_mem=9.99GiB(8.0%) job_mem=0.02GiB sys_used=61.6% mem_avail=48.0GiB zombies=0 batch_running=yes
[2026-09-03 08:35:29] PROGRESS done=32/238 converted=23 workers=1/0 active current='Converting 71789176_29 at Thu Sep  3 06:23:53 AM CDT 2026;Converting 71789222_75 at Thu Sep  3 06:25:20 AM CDT 2026;Converting 71789288_141 at Thu Sep  3 06:26:35 AM CDT 2026;' user_mem=9.96GiB(8.0%) job_mem=0.02GiB sys_used=63.8% mem_avail=45.3GiB zombies=0 batch_running=yes
[2026-09-03 08:40:30] PROGRESS done=32/238 converted=23 workers=1/0 active current='Converting 71789176_29 at Thu Sep  3 06:23:53 AM CDT 2026;Converting 71789222_75 at Thu Sep  3 06:25:20 AM CDT 2026;Converting 71789288_141 at Thu Sep  3 06:26:35 AM CDT 2026;' user_mem=9.76GiB(7.8%) job_mem=0.02GiB sys_used=66.4% mem_avail=42.1GiB zombies=0 batch_running=yes
[2026-09-03 08:45:31] PROGRESS done=32/238 converted=23 workers=1/0 active current='Converting 71789176_29 at Thu Sep  3 06:23:53 AM CDT 2026;Converting 71789222_75 at Thu Sep  3 06:25:20 AM CDT 2026;Converting 71789288_141 at Thu Sep  3 06:26:35 AM CDT 2026;' user_mem=9.45GiB(7.6%) job_mem=0.02GiB sys_used=66.7% mem_avail=41.7GiB zombies=0 batch_running=yes
[2026-09-03 08:50:31] PROGRESS done=32/238 converted=23 workers=1/0 active current='Converting 71789176_29 at Thu Sep  3 06:23:53 AM CDT 2026;Converting 71789222_75 at Thu Sep  3 06:25:20 AM CDT 2026;Converting 71789288_141 at Thu Sep  3 06:26:35 AM CDT 2026;' user_mem=8.91GiB(7.1%) job_mem=0.02GiB sys_used=68.9% mem_avail=38.9GiB zombies=0 batch_running=yes
[2026-09-03 08:55:32] PROGRESS done=32/238 converted=23 workers=1/0 active current='Converting 71789176_29 at Thu Sep  3 06:23:53 AM CDT 2026;Converting 71789222_75 at Thu Sep  3 06:25:20 AM CDT 2026;Converting 71789288_141 at Thu Sep  3 06:26:35 AM CDT 2026;' user_mem=8.73GiB(7.0%) job_mem=0.02GiB sys_used=69.8% mem_avail=37.8GiB zombies=0 batch_running=yes
[2026-09-03 09:00:33] PROGRESS done=32/238 converted=23 workers=1/1 active current='Converting 71789176_29 at Thu Sep  3 06:23:53 AM CDT 2026;Converting 71789222_75 at Thu Sep  3 06:25:20 AM CDT 2026;Converting 71789288_141 at Thu Sep  3 06:26:35 AM CDT 2026;' user_mem=7.66GiB(6.1%) job_mem=0.03GiB sys_used=71.8% mem_avail=35.3GiB zombies=0 batch_running=yes
[2026-09-03 09:05:34] PROGRESS done=32/238 converted=23 workers=1/0 active current='Converting 71789176_29 at Thu Sep  3 06:23:53 AM CDT 2026;Converting 71789222_75 at Thu Sep  3 06:25:20 AM CDT 2026;Converting 71789288_141 at Thu Sep  3 06:26:35 AM CDT 2026;' user_mem=1.60GiB(1.3%) job_mem=0.01GiB sys_used=69.6% mem_avail=38.0GiB zombies=0 batch_running=no
[2026-09-03 09:05:35] STARTING batch from checkpoint
[2026-09-03 09:05:35] Started batch pid=4094899
[2026-09-03 09:10:35] PROGRESS done=32/238 converted=23 workers=1/1 active current='Converting 71789176_29 at Thu Sep  3 09:05:35 AM CDT 2026;Converting 71789222_75 at Thu Sep  3 09:08:16 AM CDT 2026;Converting 71789288_141 at Thu Sep  3 09:09:57 AM CDT 2026;' user_mem=10.79GiB(8.6%) job_mem=9.21GiB sys_used=76.8% mem_avail=29.0GiB zombies=0 batch_running=yes
[2026-09-03 09:15:36] PROGRESS done=32/238 converted=23 workers=1/1 active current='Converting 71789176_29 at Thu Sep  3 09:05:35 AM CDT 2026;Converting 71789222_75 at Thu Sep  3 09:08:16 AM CDT 2026;Converting 71789288_141 at Thu Sep  3 09:09:57 AM CDT 2026;' user_mem=13.86GiB(11.1%) job_mem=12.37GiB sys_used=80.8% mem_avail=24.1GiB zombies=0 batch_running=yes
[2026-09-03 09:15:37] STOPPING batch (memory limit (user_mem=11.2%, job_mem=12.50GiB, limits=30%/12GiB))
[2026-09-03 09:15:37] Sending TERM to wvfm2h5.py pid=4102572
[2026-09-03 09:15:37] Sending TERM to batch pid=4094899
[2026-09-03 09:15:47] Sending KILL to wvfm2h5.py pid=4117410
[2026-09-03 09:15:47] Sending KILL to batch pid=4117334
[2026-09-03 09:15:47] Sending KILL to batch pid=4117505
[2026-09-03 09:15:49] Batch stopped. Checkpoint saved to /exp/sbnd/app/users/munjung/anomaly-detection/logs/wvfm2h5_checkpoint_crossingmuon.txt
[2026-09-03 09:15:49] Cooling down for 60s before resume
[2026-09-03 09:16:50] PROGRESS done=32/238 converted=23 workers=1/0 active current='Converting 71789176_29 at Thu Sep  3 09:05:35 AM CDT 2026;Converting 71789222_75 at Thu Sep  3 09:08:16 AM CDT 2026;Converting 71789288_141 at Thu Sep  3 09:09:57 AM CDT 2026;' user_mem=1.53GiB(1.2%) job_mem=0.01GiB sys_used=72.8% mem_avail=34.1GiB zombies=0 batch_running=no
[2026-09-03 09:16:50] STARTING batch from checkpoint
[2026-09-03 09:16:50] Started batch pid=4119192
[2026-09-03 09:21:51] PROGRESS done=32/238 converted=23 workers=1/1 active current='Converting 71789176_29 at Thu Sep  3 09:16:50 AM CDT 2026;Converting 71789222_75 at Thu Sep  3 09:19:07 AM CDT 2026;Converting 71789288_141 at Thu Sep  3 09:21:05 AM CDT 2026;' user_mem=11.41GiB(9.1%) job_mem=9.96GiB sys_used=83.0% mem_avail=21.2GiB zombies=0 batch_running=yes
[2026-09-03 09:26:52] PROGRESS done=32/238 converted=23 workers=1/1 active current='Converting 71789176_29 at Thu Sep  3 09:16:50 AM CDT 2026;Converting 71789222_75 at Thu Sep  3 09:19:07 AM CDT 2026;Converting 71789288_141 at Thu Sep  3 09:21:05 AM CDT 2026;' user_mem=14.55GiB(11.6%) job_mem=13.09GiB sys_used=89.2% mem_avail=13.6GiB zombies=0 batch_running=yes
[2026-09-03 09:26:53] STOPPING batch (memory limit (user_mem=11.7%, job_mem=13.18GiB, limits=30%/12GiB))
[2026-09-03 09:26:53] Sending TERM to wvfm2h5.py pid=4128456
[2026-09-03 09:26:53] Sending TERM to batch pid=4119192
[2026-09-03 09:27:05] Batch stopped. Checkpoint saved to /exp/sbnd/app/users/munjung/anomaly-detection/logs/wvfm2h5_checkpoint_crossingmuon.txt
[2026-09-03 09:27:05] Cooling down for 60s before resume
[2026-09-03 09:28:06] PROGRESS done=32/238 converted=23 workers=1/0 active current='Converting 71789176_29 at Thu Sep  3 09:16:50 AM CDT 2026;Converting 71789222_75 at Thu Sep  3 09:19:07 AM CDT 2026;Converting 71789288_141 at Thu Sep  3 09:21:05 AM CDT 2026;' user_mem=1.53GiB(1.2%) job_mem=0.01GiB sys_used=80.2% mem_avail=24.8GiB zombies=0 batch_running=no
[2026-09-03 09:28:06] STARTING batch from checkpoint
[2026-09-03 09:28:06] Started batch pid=4141780
[2026-09-03 09:33:07] PROGRESS done=32/238 converted=23 workers=1/1 active current='Converting 71789176_29 at Thu Sep  3 09:28:07 AM CDT 2026;Converting 71789222_75 at Thu Sep  3 09:30:14 AM CDT 2026;Converting 71789288_141 at Thu Sep  3 09:32:04 AM CDT 2026;' user_mem=13.95GiB(11.1%) job_mem=12.50GiB sys_used=89.2% mem_avail=13.5GiB zombies=0 batch_running=yes
[2026-09-03 09:33:07] STOPPING batch (memory limit (user_mem=11.2%, job_mem=12.53GiB, limits=30%/12GiB))
[2026-09-03 09:33:07] Sending TERM to wvfm2h5.py pid=4150325
[2026-09-03 09:33:08] Sending TERM to batch pid=4141780
[2026-09-03 09:33:20] Batch stopped. Checkpoint saved to /exp/sbnd/app/users/munjung/anomaly-detection/logs/wvfm2h5_checkpoint_crossingmuon.txt
[2026-09-03 09:33:20] Cooling down for 60s before resume
[2026-09-03 09:34:20] PROGRESS done=32/238 converted=23 workers=1/0 active current='Converting 71789176_29 at Thu Sep  3 09:28:07 AM CDT 2026;Converting 71789222_75 at Thu Sep  3 09:30:14 AM CDT 2026;Converting 71789288_141 at Thu Sep  3 09:32:04 AM CDT 2026;' user_mem=1.49GiB(1.2%) job_mem=0.01GiB sys_used=80.8% mem_avail=24.1GiB zombies=0 batch_running=no
[2026-09-03 09:34:21] STARTING batch from checkpoint
[2026-09-03 09:34:21] Started batch pid=4155899
[2026-09-03 09:39:21] PROGRESS done=32/238 converted=23 workers=1/0 active current='Converting 71789222_75 at Thu Sep  3 09:30:14 AM CDT 2026;Converting 71789288_141 at Thu Sep  3 09:32:04 AM CDT 2026;Converting 71789176_29 at Thu Sep  3 09:34:21 AM CDT 2026;' user_mem=7.70GiB(6.2%) job_mem=0.01GiB sys_used=86.0% mem_avail=17.5GiB zombies=0 batch_running=no
[2026-09-03 09:39:22] STARTING batch from checkpoint
[2026-09-03 09:39:22] Started batch pid=4166971
[2026-09-03 09:44:23] PROGRESS done=32/238 converted=23 workers=1/1 active current='Converting 71789176_29 at Thu Sep  3 09:39:22 AM CDT 2026;Converting 71789222_75 at Thu Sep  3 09:41:52 AM CDT 2026;Converting 71789288_141 at Thu Sep  3 09:43:50 AM CDT 2026;' user_mem=13.58GiB(10.9%) job_mem=6.00GiB sys_used=91.3% mem_avail=10.9GiB zombies=0 batch_running=yes
[2026-09-03 09:49:24] PROGRESS done=32/238 converted=23 workers=1/0 active current='Converting 71789176_29 at Thu Sep  3 09:39:22 AM CDT 2026;Converting 71789222_75 at Thu Sep  3 09:41:52 AM CDT 2026;Converting 71789288_141 at Thu Sep  3 09:43:50 AM CDT 2026;' user_mem=7.57GiB(6.0%) job_mem=0.01GiB sys_used=11.9% mem_avail=110.2GiB zombies=0 batch_running=yes
[2026-09-03 09:54:25] PROGRESS done=32/238 converted=23 workers=1/0 active current='Converting 71789176_29 at Thu Sep  3 09:39:22 AM CDT 2026;Converting 71789222_75 at Thu Sep  3 09:41:52 AM CDT 2026;Converting 71789288_141 at Thu Sep  3 09:43:50 AM CDT 2026;' user_mem=7.59GiB(6.1%) job_mem=0.01GiB sys_used=14.5% mem_avail=107.0GiB zombies=0 batch_running=yes
[2026-09-03 09:59:26] PROGRESS done=32/238 converted=23 workers=1/0 active current='Converting 71789176_29 at Thu Sep  3 09:39:22 AM CDT 2026;Converting 71789222_75 at Thu Sep  3 09:41:52 AM CDT 2026;Converting 71789288_141 at Thu Sep  3 09:43:50 AM CDT 2026;' user_mem=7.64GiB(6.1%) job_mem=0.01GiB sys_used=14.7% mem_avail=106.7GiB zombies=0 batch_running=yes
[2026-09-03 10:04:27] PROGRESS done=32/238 converted=23 workers=1/0 active current='Converting 71789176_29 at Thu Sep  3 09:39:22 AM CDT 2026;Converting 71789222_75 at Thu Sep  3 09:41:52 AM CDT 2026;Converting 71789288_141 at Thu Sep  3 09:43:50 AM CDT 2026;' user_mem=7.66GiB(6.1%) job_mem=0.02GiB sys_used=24.8% mem_avail=94.1GiB zombies=0 batch_running=yes
[2026-09-03 10:09:28] PROGRESS done=32/238 converted=23 workers=1/0 active current='Converting 71789176_29 at Thu Sep  3 09:39:22 AM CDT 2026;Converting 71789222_75 at Thu Sep  3 09:41:52 AM CDT 2026;Converting 71789288_141 at Thu Sep  3 09:43:50 AM CDT 2026;' user_mem=7.61GiB(6.1%) job_mem=0.01GiB sys_used=14.7% mem_avail=106.8GiB zombies=0 batch_running=yes
[2026-09-03 10:14:28] PROGRESS done=32/238 converted=23 workers=1/0 active current='Converting 71789176_29 at Thu Sep  3 09:39:22 AM CDT 2026;Converting 71789222_75 at Thu Sep  3 09:41:52 AM CDT 2026;Converting 71789288_141 at Thu Sep  3 09:43:50 AM CDT 2026;' user_mem=7.67GiB(6.1%) job_mem=0.01GiB sys_used=16.3% mem_avail=104.7GiB zombies=0 batch_running=yes
[2026-09-03 10:19:29] PROGRESS done=32/238 converted=23 workers=1/0 active current='Converting 71789176_29 at Thu Sep  3 09:39:22 AM CDT 2026;Converting 71789222_75 at Thu Sep  3 09:41:52 AM CDT 2026;Converting 71789288_141 at Thu Sep  3 09:43:50 AM CDT 2026;' user_mem=7.64GiB(6.1%) job_mem=0.01GiB sys_used=30.7% mem_avail=86.7GiB zombies=0 batch_running=yes
[2026-09-03 10:24:31] PROGRESS done=32/238 converted=23 workers=1/0 active current='Converting 71789176_29 at Thu Sep  3 09:39:22 AM CDT 2026;Converting 71789222_75 at Thu Sep  3 09:41:52 AM CDT 2026;Converting 71789288_141 at Thu Sep  3 09:43:50 AM CDT 2026;' user_mem=7.66GiB(6.1%) job_mem=0.01GiB sys_used=40.4% mem_avail=74.6GiB zombies=0 batch_running=yes
[2026-09-03 10:29:32] PROGRESS done=32/238 converted=23 workers=1/0 active current='Converting 71789176_29 at Thu Sep  3 09:39:22 AM CDT 2026;Converting 71789222_75 at Thu Sep  3 09:41:52 AM CDT 2026;Converting 71789288_141 at Thu Sep  3 09:43:50 AM CDT 2026;' user_mem=7.62GiB(6.1%) job_mem=0.01GiB sys_used=48.2% mem_avail=64.9GiB zombies=0 batch_running=yes
[2026-09-03 10:34:33] PROGRESS done=32/238 converted=23 workers=1/0 active current='Converting 71789176_29 at Thu Sep  3 09:39:22 AM CDT 2026;Converting 71789222_75 at Thu Sep  3 09:41:52 AM CDT 2026;Converting 71789288_141 at Thu Sep  3 09:43:50 AM CDT 2026;' user_mem=7.76GiB(6.2%) job_mem=0.01GiB sys_used=16.5% mem_avail=104.5GiB zombies=0 batch_running=yes
[2026-09-03 10:39:34] PROGRESS done=32/238 converted=23 workers=1/0 active current='Converting 71789176_29 at Thu Sep  3 09:39:22 AM CDT 2026;Converting 71789222_75 at Thu Sep  3 09:41:52 AM CDT 2026;Converting 71789288_141 at Thu Sep  3 09:43:50 AM CDT 2026;' user_mem=7.65GiB(6.1%) job_mem=0.01GiB sys_used=17.2% mem_avail=103.6GiB zombies=0 batch_running=yes
[2026-09-03 10:44:35] PROGRESS done=32/238 converted=23 workers=1/0 active current='Converting 71789176_29 at Thu Sep  3 09:39:22 AM CDT 2026;Converting 71789222_75 at Thu Sep  3 09:41:52 AM CDT 2026;Converting 71789288_141 at Thu Sep  3 09:43:50 AM CDT 2026;' user_mem=7.63GiB(6.1%) job_mem=0.01GiB sys_used=17.6% mem_avail=103.2GiB zombies=0 batch_running=yes
[2026-09-03 10:49:36] PROGRESS done=32/238 converted=23 workers=1/0 active current='Converting 71789176_29 at Thu Sep  3 09:39:22 AM CDT 2026;Converting 71789222_75 at Thu Sep  3 09:41:52 AM CDT 2026;Converting 71789288_141 at Thu Sep  3 09:43:50 AM CDT 2026;' user_mem=7.69GiB(6.1%) job_mem=0.01GiB sys_used=20.0% mem_avail=100.1GiB zombies=0 batch_running=yes
[2026-09-03 10:54:37] PROGRESS done=32/238 converted=23 workers=1/0 active current='Converting 71789176_29 at Thu Sep  3 09:39:22 AM CDT 2026;Converting 71789222_75 at Thu Sep  3 09:41:52 AM CDT 2026;Converting 71789288_141 at Thu Sep  3 09:43:50 AM CDT 2026;' user_mem=6.90GiB(5.5%) job_mem=0.01GiB sys_used=40.1% mem_avail=75.0GiB zombies=0 batch_running=yes
[2026-09-03 10:59:38] PROGRESS done=32/238 converted=23 workers=1/0 active current='Converting 71789176_29 at Thu Sep  3 09:39:22 AM CDT 2026;Converting 71789222_75 at Thu Sep  3 09:41:52 AM CDT 2026;Converting 71789288_141 at Thu Sep  3 09:43:50 AM CDT 2026;' user_mem=7.69GiB(6.1%) job_mem=0.01GiB sys_used=52.0% mem_avail=60.1GiB zombies=0 batch_running=yes
[2026-09-03 11:04:39] PROGRESS done=32/238 converted=23 workers=1/0 active current='Converting 71789176_29 at Thu Sep  3 09:39:22 AM CDT 2026;Converting 71789222_75 at Thu Sep  3 09:41:52 AM CDT 2026;Converting 71789288_141 at Thu Sep  3 09:43:50 AM CDT 2026;' user_mem=7.77GiB(6.2%) job_mem=0.01GiB sys_used=52.5% mem_avail=59.4GiB zombies=0 batch_running=yes
[2026-09-03 11:09:39] PROGRESS done=32/238 converted=23 workers=1/0 active current='Converting 71789176_29 at Thu Sep  3 09:39:22 AM CDT 2026;Converting 71789222_75 at Thu Sep  3 09:41:52 AM CDT 2026;Converting 71789288_141 at Thu Sep  3 09:43:50 AM CDT 2026;' user_mem=7.84GiB(6.3%) job_mem=0.01GiB sys_used=20.3% mem_avail=99.7GiB zombies=0 batch_running=yes
[2026-09-03 11:14:40] PROGRESS done=32/238 converted=23 workers=1/0 active current='Converting 71789176_29 at Thu Sep  3 09:39:22 AM CDT 2026;Converting 71789222_75 at Thu Sep  3 09:41:52 AM CDT 2026;Converting 71789288_141 at Thu Sep  3 09:43:50 AM CDT 2026;' user_mem=7.98GiB(6.4%) job_mem=0.01GiB sys_used=23.4% mem_avail=95.9GiB zombies=0 batch_running=yes
[2026-09-03 11:19:41] PROGRESS done=32/238 converted=23 workers=1/0 active current='Converting 71789176_29 at Thu Sep  3 09:39:22 AM CDT 2026;Converting 71789222_75 at Thu Sep  3 09:41:52 AM CDT 2026;Converting 71789288_141 at Thu Sep  3 09:43:50 AM CDT 2026;' user_mem=7.63GiB(6.1%) job_mem=0.01GiB sys_used=34.3% mem_avail=82.2GiB zombies=0 batch_running=yes
[2026-09-03 11:24:42] PROGRESS done=32/238 converted=23 workers=1/0 active current='Converting 71789176_29 at Thu Sep  3 09:39:22 AM CDT 2026;Converting 71789222_75 at Thu Sep  3 09:41:52 AM CDT 2026;Converting 71789288_141 at Thu Sep  3 09:43:50 AM CDT 2026;' user_mem=7.74GiB(6.2%) job_mem=0.01GiB sys_used=21.8% mem_avail=97.9GiB zombies=0 batch_running=yes
[2026-09-03 11:29:43] PROGRESS done=32/238 converted=23 workers=1/0 active current='Converting 71789176_29 at Thu Sep  3 09:39:22 AM CDT 2026;Converting 71789222_75 at Thu Sep  3 09:41:52 AM CDT 2026;Converting 71789288_141 at Thu Sep  3 09:43:50 AM CDT 2026;' user_mem=7.86GiB(6.3%) job_mem=0.01GiB sys_used=23.2% mem_avail=96.1GiB zombies=0 batch_running=yes
[2026-09-03 11:34:44] PROGRESS done=32/238 converted=23 workers=1/1 active current='Converting 71789176_29 at Thu Sep  3 09:39:22 AM CDT 2026;Converting 71789222_75 at Thu Sep  3 09:41:52 AM CDT 2026;Converting 71789288_141 at Thu Sep  3 09:43:50 AM CDT 2026;' user_mem=7.74GiB(6.2%) job_mem=0.06GiB sys_used=25.8% mem_avail=92.9GiB zombies=0 batch_running=yes
[2026-09-03 11:39:45] PROGRESS done=32/238 converted=23 workers=1/0 active current='Converting 71789176_29 at Thu Sep  3 09:39:22 AM CDT 2026;Converting 71789222_75 at Thu Sep  3 09:41:52 AM CDT 2026;Converting 71789288_141 at Thu Sep  3 09:43:50 AM CDT 2026;' user_mem=7.76GiB(6.2%) job_mem=0.01GiB sys_used=26.4% mem_avail=92.1GiB zombies=0 batch_running=no
[2026-09-03 11:39:46] STARTING batch from checkpoint
[2026-09-03 11:39:46] Started batch pid=329439
[2026-09-03 11:44:46] PROGRESS done=32/238 converted=23 workers=1/1 active current='Converting 71789176_29 at Thu Sep  3 11:39:46 AM CDT 2026;Converting 71789222_75 at Thu Sep  3 11:41:54 AM CDT 2026;Converting 71789288_141 at Thu Sep  3 11:43:26 AM CDT 2026;' user_mem=19.38GiB(15.5%) job_mem=11.73GiB sys_used=32.3% mem_avail=84.7GiB zombies=0 batch_running=yes
[2026-09-03 11:49:47] PROGRESS done=32/238 converted=23 workers=1/0 active current='Converting 71789176_29 at Thu Sep  3 11:39:46 AM CDT 2026;Converting 71789222_75 at Thu Sep  3 11:41:54 AM CDT 2026;Converting 71789288_141 at Thu Sep  3 11:43:26 AM CDT 2026;' user_mem=7.67GiB(6.1%) job_mem=0.01GiB sys_used=24.0% mem_avail=95.1GiB zombies=0 batch_running=no
[2026-09-03 11:49:48] STARTING batch from checkpoint
[2026-09-03 11:49:48] Started batch pid=347112
[2026-09-03 11:54:49] PROGRESS done=32/238 converted=23 workers=1/1 active current='Converting 71789176_29 at Thu Sep  3 11:49:49 AM CDT 2026;Converting 71789222_75 at Thu Sep  3 11:51:25 AM CDT 2026;Converting 71789288_141 at Thu Sep  3 11:52:57 AM CDT 2026;' user_mem=16.75GiB(13.4%) job_mem=8.75GiB sys_used=33.1% mem_avail=83.8GiB zombies=0 batch_running=yes
[2026-09-03 11:59:50] PROGRESS done=33/238 converted=24 workers=1/1 active current='Converting 71789288_141 at Thu Sep  3 11:52:57 AM CDT 2026;DONE 71789288_141 at Thu Sep  3 11:57:25 AM CDT 2026;Converting 71789289_142 at Thu Sep  3 11:57:57 AM CDT 2026;' user_mem=19.25GiB(15.4%) job_mem=11.50GiB sys_used=37.1% mem_avail=78.7GiB zombies=0 batch_running=yes
[2026-09-03 12:04:52] PROGRESS done=34/238 converted=25 workers=1/1 active current='Converting 71789289_142 at Thu Sep  3 11:57:57 AM CDT 2026;DONE 71789289_142 at Thu Sep  3 12:01:40 PM CDT 2026;Converting 71789290_143 at Thu Sep  3 12:02:12 PM CDT 2026;' user_mem=16.55GiB(13.2%) job_mem=8.92GiB sys_used=34.5% mem_avail=82.0GiB zombies=0 batch_running=yes
[2026-09-03 12:09:53] PROGRESS done=36/238 converted=27 workers=1/1 active current='Converting 71789291_144 at Thu Sep  3 12:05:43 PM CDT 2026;DONE 71789291_144 at Thu Sep  3 12:07:42 PM CDT 2026;Converting 71789292_145 at Thu Sep  3 12:08:15 PM CDT 2026;' user_mem=19.85GiB(15.9%) job_mem=12.58GiB sys_used=36.6% mem_avail=79.4GiB zombies=0 batch_running=yes
[2026-09-03 12:09:53] STOPPING batch (memory limit (user_mem=16.1%, job_mem=12.79GiB, limits=30%/12GiB))
[2026-09-03 12:09:53] Sending TERM to wvfm2h5.py pid=515090
[2026-09-03 12:09:53] Sending TERM to batch pid=347112
[2026-09-03 12:10:06] Batch stopped. Checkpoint saved to /exp/sbnd/app/users/munjung/anomaly-detection/logs/wvfm2h5_checkpoint_crossingmuon.txt
[2026-09-03 12:10:06] Cooling down for 60s before resume
[2026-09-03 12:11:07] PROGRESS done=36/238 converted=27 workers=1/0 active current='Converting 71789291_144 at Thu Sep  3 12:05:43 PM CDT 2026;DONE 71789291_144 at Thu Sep  3 12:07:42 PM CDT 2026;Converting 71789292_145 at Thu Sep  3 12:08:15 PM CDT 2026;' user_mem=6.96GiB(5.6%) job_mem=0.01GiB sys_used=39.0% mem_avail=76.3GiB zombies=0 batch_running=no
[2026-09-03 12:11:07] STARTING batch from checkpoint
[2026-09-03 12:11:07] Started batch pid=522557
[2026-09-03 12:16:08] PROGRESS done=36/238 converted=27 workers=1/1 active current='Converting 71789176_29 at Thu Sep  3 12:11:08 PM CDT 2026;Converting 71789222_75 at Thu Sep  3 12:13:15 PM CDT 2026;Converting 71789292_145 at Thu Sep  3 12:15:08 PM CDT 2026;' user_mem=16.63GiB(13.3%) job_mem=9.19GiB sys_used=52.4% mem_avail=59.6GiB zombies=0 batch_running=yes
[2026-09-03 12:21:09] PROGRESS done=36/238 converted=27 workers=1/0 active current='Converting 71789176_29 at Thu Sep  3 12:11:08 PM CDT 2026;Converting 71789222_75 at Thu Sep  3 12:13:15 PM CDT 2026;Converting 71789292_145 at Thu Sep  3 12:15:08 PM CDT 2026;' user_mem=7.54GiB(6.0%) job_mem=0.01GiB sys_used=57.8% mem_avail=52.9GiB zombies=0 batch_running=no
[2026-09-03 12:21:10] STARTING batch from checkpoint
[2026-09-03 12:21:10] Started batch pid=545667
[2026-09-03 12:26:11] PROGRESS done=36/238 converted=27 workers=1/1 active current='Converting 71789176_29 at Thu Sep  3 12:21:10 PM CDT 2026;Converting 71789222_75 at Thu Sep  3 12:23:35 PM CDT 2026;Converting 71789292_145 at Thu Sep  3 12:25:07 PM CDT 2026;' user_mem=21.17GiB(16.9%) job_mem=13.53GiB sys_used=39.7% mem_avail=75.4GiB zombies=0 batch_running=yes
[2026-09-03 12:26:11] STOPPING batch (memory limit (user_mem=17.1%, job_mem=13.78GiB, limits=30%/12GiB))
[2026-09-03 12:26:11] Sending TERM to wvfm2h5.py pid=554389
[2026-09-03 12:26:11] Sending TERM to batch pid=545667
[2026-09-03 12:26:24] Batch stopped. Checkpoint saved to /exp/sbnd/app/users/munjung/anomaly-detection/logs/wvfm2h5_checkpoint_crossingmuon.txt
[2026-09-03 12:26:24] Cooling down for 60s before resume
[2026-09-03 12:27:25] PROGRESS done=36/238 converted=27 workers=1/0 active current='Converting 71789176_29 at Thu Sep  3 12:21:10 PM CDT 2026;Converting 71789222_75 at Thu Sep  3 12:23:35 PM CDT 2026;Converting 71789292_145 at Thu Sep  3 12:25:07 PM CDT 2026;' user_mem=7.73GiB(6.2%) job_mem=0.01GiB sys_used=30.7% mem_avail=86.7GiB zombies=0 batch_running=no
[2026-09-03 12:27:25] STARTING batch from checkpoint
[2026-09-03 12:27:25] Started batch pid=558853
[2026-09-03 12:32:25] PROGRESS done=37/238 converted=28 workers=1/1 active current='Converting 71789292_145 at Thu Sep  3 12:30:08 PM CDT 2026;DONE 71789292_145 at Thu Sep  3 12:31:21 PM CDT 2026;Converting 71789293_146 at Thu Sep  3 12:31:53 PM CDT 2026;' user_mem=18.93GiB(15.1%) job_mem=11.29GiB sys_used=41.1% mem_avail=73.7GiB zombies=0 batch_running=yes
[2026-09-03 12:37:27] PROGRESS done=40/238 converted=31 workers=1/1 active current='Converting 71789295_148 at Thu Sep  3 12:35:51 PM CDT 2026;DONE 71789295_148 at Thu Sep  3 12:36:46 PM CDT 2026;Converting 71789296_149 at Thu Sep  3 12:37:18 PM CDT 2026;' user_mem=10.22GiB(8.2%) job_mem=2.43GiB sys_used=43.0% mem_avail=71.4GiB zombies=0 batch_running=yes
[2026-09-03 12:42:30] PROGRESS done=236/238 converted=33 workers=1/0 active current='SKIP (empty waveform.root): 71789489_342;SKIP (empty waveform.root): 71789490_343;SKIP (empty waveform.root): 71789491_344;' user_mem=7.65GiB(6.1%) job_mem=0.01GiB sys_used=44.0% mem_avail=70.1GiB zombies=0 batch_running=no
[2026-09-03 12:42:30] STARTING batch from checkpoint
[2026-09-03 12:42:31] Started batch pid=592531
[2026-09-03 12:47:32] PROGRESS done=236/238 converted=33 workers=1/0 active current='SKIP (empty waveform.root): 71789491_344;Converting 71789176_29 at Thu Sep  3 12:42:31 PM CDT 2026;Converting 71789222_75 at Thu Sep  3 12:44:09 PM CDT 2026;' user_mem=7.58GiB(6.1%) job_mem=0.01GiB sys_used=29.1% mem_avail=88.7GiB zombies=0 batch_running=no
[2026-09-03 12:47:33] STARTING batch from checkpoint
[2026-09-03 12:47:33] Started batch pid=605546
[2026-09-03 12:52:34] PROGRESS done=236/238 converted=33 workers=1/0 active current='Converting 71789222_75 at Thu Sep  3 12:44:09 PM CDT 2026;Converting 71789176_29 at Thu Sep  3 12:47:34 PM CDT 2026;Converting 71789222_75 at Thu Sep  3 12:49:00 PM CDT 2026;' user_mem=7.70GiB(6.2%) job_mem=0.01GiB sys_used=30.0% mem_avail=87.6GiB zombies=0 batch_running=no
[2026-09-03 12:52:35] STARTING batch from checkpoint
[2026-09-03 12:52:35] Started batch pid=617177
[2026-09-03 12:57:36] PROGRESS done=236/238 converted=33 workers=1/0 active current='Converting 71789222_75 at Thu Sep  3 12:49:00 PM CDT 2026;Converting 71789176_29 at Thu Sep  3 12:52:36 PM CDT 2026;Converting 71789222_75 at Thu Sep  3 12:54:00 PM CDT 2026;' user_mem=7.73GiB(6.2%) job_mem=0.01GiB sys_used=32.5% mem_avail=84.4GiB zombies=0 batch_running=no
[2026-09-03 12:57:37] STARTING batch from checkpoint
[2026-09-03 12:57:37] Started batch pid=625564
[2026-09-03 13:02:38] PROGRESS done=236/238 converted=33 workers=1/0 active current='Converting 71789222_75 at Thu Sep  3 12:54:00 PM CDT 2026;Converting 71789176_29 at Thu Sep  3 12:57:37 PM CDT 2026;Converting 71789222_75 at Thu Sep  3 12:59:03 PM CDT 2026;' user_mem=8.02GiB(6.4%) job_mem=0.01GiB sys_used=32.9% mem_avail=84.0GiB zombies=0 batch_running=no
[2026-09-03 13:02:39] STARTING batch from checkpoint
[2026-09-03 13:02:39] Started batch pid=638986
/exp/sbnd/app/users/munjung/anomaly-detection/monitor_wvfm2h5_batch.sh: line 296: 638986 Killed                  nohup "$BATCH_SCRIPT" >> "$LOG_DIR/wvfm2h5_batch_${BATCH_TAG}_tpc${TPC}.nohup.out" 2>&1
[2026-09-03 13:07:40] PROGRESS done=238/238 converted=35 workers=1/1 active current='Converting 71789176_29 at Thu Sep  3 12:57:37 PM CDT 2026;Converting 71789222_75 at Thu Sep  3 12:59:03 PM CDT 2026;Converting 71789176_29 at Thu Sep  3 01:02:39 PM CDT 2026;' user_mem=20.57GiB(16.4%) job_mem=12.57GiB sys_used=40.1% mem_avail=75.0GiB zombies=0 batch_running=yes
[2026-09-03 13:07:40] COMPLETE: all 238 directories converted
[2026-09-03 13:07:40] STOPPING batch (job complete)
[2026-09-03 13:07:40] Sending TERM to wvfm2h5.py pid=645533
[2026-09-03 13:07:40] Sending TERM to batch pid=645495
[2026-09-03 13:07:51] Sending KILL to batch pid=641958
[2026-09-03 13:07:53] Batch stopped. Checkpoint saved to /exp/sbnd/app/users/munjung/anomaly-detection/logs/wvfm2h5_checkpoint_crossingmuon.txt
/exp/sbnd/app/users/munjung/anomaly-detection/monitor_wvfm2h5_batch.sh: line 297: syntax error near unexpected token `)'
/exp/sbnd/app/users/munjung/anomaly-detection/monitor_wvfm2h5_batch.sh: line 297: `GiB)"'
