[2026-09-02 05:51:32] Monitor started (pid=207160, interval=300s, user=munjung, user_mem_max=30%)
[2026-09-02 05:51:33] PROGRESS done=0/514 converted=0 workers=3/1 active current='idle' user_mem=27.18GiB(21.8%) job_mem=7.91GiB sys_used=30.1% mem_avail=87.5GiB zombies=0 batch_running=yes
[2026-09-02 05:52:24] Monitor started (pid=208183, interval=300s, user=munjung, user_mem_max=30%)
[2026-09-02 05:52:24] PROGRESS done=4/514 converted=0 workers=1/1 active current='SKIP (empty waveform.root): 86414700_18;SKIP (empty waveform.root): 86414723_41;Converting 86414724_42 at Wed Sep  2 05:52:19 AM CDT 2026;' user_mem=21.21GiB(16.9%) job_mem=1.95GiB sys_used=25.7% mem_avail=93.0GiB zombies=0 batch_running=yes
[2026-09-02 05:57:25] PROGRESS done=8/514 converted=1 workers=1/2 active current='SKIP (empty waveform.root): 86414738_56;SKIP (empty waveform.root): 86414741_59;Converting 86414744_62 at Wed Sep  2 05:54:34 AM CDT 2026;' user_mem=42.76GiB(34.2%) job_mem=23.49GiB sys_used=44.8% mem_avail=69.1GiB zombies=0 batch_running=yes
[2026-09-02 05:57:25] STOPPING batch (memory limit (user_mem=34.4%, job_mem=23.77GiB, limits=30%/12GiB))
[2026-09-02 05:57:26] Sending TERM to wvfm2h5.py pid=209661
[2026-09-02 05:57:26] Sending TERM to wvfm2h5.py pid=210688
[2026-09-02 05:57:26] Sending TERM to batch pid=192652
[2026-09-02 05:57:26] Sending TERM to batch pid=208019
[2026-09-02 05:57:38] Batch stopped. Checkpoint saved to /exp/sbnd/app/users/munjung/anomaly-detection/logs/wvfm2h5_checkpoint_offbeamlight_tpc1.txt
[2026-09-02 05:57:38] Cooling down for 60s before resume
[2026-09-02 05:58:39] PROGRESS done=8/514 converted=1 workers=1/1 active current='SKIP (empty waveform.root): 86414738_56;SKIP (empty waveform.root): 86414741_59;Converting 86414744_62 at Wed Sep  2 05:54:34 AM CDT 2026;' user_mem=32.51GiB(26.0%) job_mem=13.24GiB sys_used=37.6% mem_avail=78.1GiB zombies=0 batch_running=yes
[2026-09-02 05:58:39] Batch already running; not starting another instance
[2026-09-02 06:03:39] PROGRESS done=8/514 converted=1 workers=1/1 active current='SKIP (empty waveform.root): 86414738_56;SKIP (empty waveform.root): 86414741_59;Converting 86414744_62 at Wed Sep  2 05:54:34 AM CDT 2026;' user_mem=31.89GiB(25.5%) job_mem=12.38GiB sys_used=37.2% mem_avail=78.6GiB zombies=0 batch_running=yes
[2026-09-02 06:03:40] STOPPING batch (memory limit (user_mem=25.6%, job_mem=12.58GiB, limits=30%/12GiB))
[2026-09-02 06:03:40] Sending TERM to wvfm2h5.py pid=222356
[2026-09-02 06:03:40] Sending TERM to batch pid=217108
[2026-09-02 06:03:52] Batch stopped. Checkpoint saved to /exp/sbnd/app/users/munjung/anomaly-detection/logs/wvfm2h5_checkpoint_offbeamlight_tpc1.txt
[2026-09-02 06:03:52] Cooling down for 60s before resume
[2026-09-02 06:04:53] PROGRESS done=8/514 converted=1 workers=1/0 active current='SKIP (empty waveform.root): 86414738_56;SKIP (empty waveform.root): 86414741_59;Converting 86414744_62 at Wed Sep  2 05:54:34 AM CDT 2026;' user_mem=19.27GiB(15.4%) job_mem=0.01GiB sys_used=27.8% mem_avail=90.3GiB zombies=0 batch_running=no
[2026-09-02 06:04:53] STARTING batch from checkpoint
[2026-09-02 06:04:53] Started batch pid=229678
[2026-09-02 06:09:54] PROGRESS done=10/514 converted=3 workers=1/1 active current='DONE 86414724_42 at Wed Sep  2 06:07:25 AM CDT 2026;Converting 86414729_47 at Wed Sep  2 06:07:57 AM CDT 2026;DONE 86414729_47 at Wed Sep  2 06:09:21 AM CDT 2026;' user_mem=19.72GiB(15.8%) job_mem=0.02GiB sys_used=28.5% mem_avail=89.5GiB zombies=0 batch_running=yes
[2026-09-02 06:14:55] PROGRESS done=11/514 converted=4 workers=1/1 active current='Converting 86414744_62 at Wed Sep  2 06:09:54 AM CDT 2026;DONE 86414744_62 at Wed Sep  2 06:12:23 AM CDT 2026;Converting 86414745_63 at Wed Sep  2 06:12:55 AM CDT 2026;' user_mem=29.76GiB(23.7%) job_mem=9.74GiB sys_used=37.7% mem_avail=78.0GiB zombies=0 batch_running=yes
[2026-09-02 06:19:56] PROGRESS done=16/514 converted=7 workers=1/0 active current='SKIP (empty waveform.root): 86414750_68;Converting 86414751_69 at Wed Sep  2 06:18:55 AM CDT 2026;DONE 86414751_69 at Wed Sep  2 06:19:47 AM CDT 2026;' user_mem=19.29GiB(15.4%) job_mem=0.02GiB sys_used=30.4% mem_avail=87.1GiB zombies=0 batch_running=yes
[2026-09-02 06:24:57] PROGRESS done=18/514 converted=8 workers=1/1 active current='Converting 86414756_74 at Wed Sep  2 06:20:19 AM CDT 2026;DONE 86414756_74 at Wed Sep  2 06:22:12 AM CDT 2026;Converting 86414757_75 at Wed Sep  2 06:22:44 AM CDT 2026;' user_mem=32.39GiB(25.9%) job_mem=12.90GiB sys_used=41.6% mem_avail=73.1GiB zombies=0 batch_running=yes
[2026-09-02 06:24:57] STOPPING batch (memory limit (user_mem=25.9%, job_mem=12.98GiB, limits=30%/12GiB))
[2026-09-02 06:24:58] Sending TERM to wvfm2h5.py pid=259845
[2026-09-02 06:24:58] Sending TERM to batch pid=229678
[2026-09-02 06:25:10] Batch stopped. Checkpoint saved to /exp/sbnd/app/users/munjung/anomaly-detection/logs/wvfm2h5_checkpoint_offbeamlight_tpc1.txt
[2026-09-02 06:25:10] Cooling down for 60s before resume
[2026-09-02 06:26:11] PROGRESS done=18/514 converted=8 workers=1/0 active current='Converting 86414756_74 at Wed Sep  2 06:20:19 AM CDT 2026;DONE 86414756_74 at Wed Sep  2 06:22:12 AM CDT 2026;Converting 86414757_75 at Wed Sep  2 06:22:44 AM CDT 2026;' user_mem=19.56GiB(15.6%) job_mem=0.01GiB sys_used=32.3% mem_avail=84.7GiB zombies=0 batch_running=no
[2026-09-02 06:26:11] STARTING batch from checkpoint
[2026-09-02 06:26:11] Started batch pid=265536
[2026-09-02 06:31:12] PROGRESS done=18/514 converted=8 workers=1/1 active current='DONE 86414756_74 at Wed Sep  2 06:22:12 AM CDT 2026;Converting 86414757_75 at Wed Sep  2 06:22:44 AM CDT 2026;Converting 86414757_75 at Wed Sep  2 06:26:12 AM CDT 2026;' user_mem=28.07GiB(22.4%) job_mem=8.75GiB sys_used=41.2% mem_avail=73.6GiB zombies=0 batch_running=yes
[2026-09-02 06:36:13] PROGRESS done=18/514 converted=8 workers=1/1 active current='DONE 86414756_74 at Wed Sep  2 06:22:12 AM CDT 2026;Converting 86414757_75 at Wed Sep  2 06:22:44 AM CDT 2026;Converting 86414757_75 at Wed Sep  2 06:26:12 AM CDT 2026;' user_mem=31.29GiB(25.0%) job_mem=11.76GiB sys_used=43.9% mem_avail=70.2GiB zombies=0 batch_running=yes
[2026-09-02 06:36:13] STOPPING batch (memory limit (user_mem=25.2%, job_mem=12.10GiB, limits=30%/12GiB))
[2026-09-02 06:36:14] Sending TERM to wvfm2h5.py pid=281961
[2026-09-02 06:36:14] Sending TERM to batch pid=281916
[2026-09-02 06:36:26] Batch stopped. Checkpoint saved to /exp/sbnd/app/users/munjung/anomaly-detection/logs/wvfm2h5_checkpoint_offbeamlight_tpc1.txt
[2026-09-02 06:36:26] Cooling down for 60s before resume
[2026-09-02 06:37:27] PROGRESS done=18/514 converted=8 workers=1/0 active current='DONE 86414756_74 at Wed Sep  2 06:22:12 AM CDT 2026;Converting 86414757_75 at Wed Sep  2 06:22:44 AM CDT 2026;Converting 86414757_75 at Wed Sep  2 06:26:12 AM CDT 2026;' user_mem=19.53GiB(15.6%) job_mem=0.01GiB sys_used=35.4% mem_avail=80.8GiB zombies=0 batch_running=no
[2026-09-02 06:37:27] STARTING batch from checkpoint
[2026-09-02 06:37:27] Started batch pid=285671
[2026-09-02 06:42:27] PROGRESS done=18/514 converted=8 workers=1/1 active current='Converting 86414757_75 at Wed Sep  2 06:22:44 AM CDT 2026;Converting 86414757_75 at Wed Sep  2 06:26:12 AM CDT 2026;Converting 86414757_75 at Wed Sep  2 06:37:27 AM CDT 2026;' user_mem=31.91GiB(25.5%) job_mem=12.53GiB sys_used=46.0% mem_avail=67.5GiB zombies=0 batch_running=yes
[2026-09-02 06:42:28] STOPPING batch (memory limit (user_mem=25.6%, job_mem=12.66GiB, limits=30%/12GiB))
[2026-09-02 06:42:28] Sending TERM to wvfm2h5.py pid=293933
[2026-09-02 06:42:28] Sending TERM to batch pid=293891
[2026-09-02 06:42:40] Batch stopped. Checkpoint saved to /exp/sbnd/app/users/munjung/anomaly-detection/logs/wvfm2h5_checkpoint_offbeamlight_tpc1.txt
[2026-09-02 06:42:40] Cooling down for 60s before resume
[2026-09-02 06:43:41] PROGRESS done=18/514 converted=8 workers=1/0 active current='Converting 86414757_75 at Wed Sep  2 06:22:44 AM CDT 2026;Converting 86414757_75 at Wed Sep  2 06:26:12 AM CDT 2026;Converting 86414757_75 at Wed Sep  2 06:37:27 AM CDT 2026;' user_mem=19.36GiB(15.5%) job_mem=0.01GiB sys_used=37.0% mem_avail=78.8GiB zombies=0 batch_running=no
[2026-09-02 06:43:41] STARTING batch from checkpoint
[2026-09-02 06:43:41] Started batch pid=297420
[2026-09-02 06:48:42] PROGRESS done=20/514 converted=10 workers=1/1 active current='Converting 86414759_77 at Wed Sep  2 06:46:13 AM CDT 2026;DONE 86414759_77 at Wed Sep  2 06:46:55 AM CDT 2026;Converting 86414762_80 at Wed Sep  2 06:47:27 AM CDT 2026;' user_mem=28.68GiB(22.8%) job_mem=9.39GiB sys_used=44.4% mem_avail=69.6GiB zombies=0 batch_running=yes
[2026-09-02 06:53:43] PROGRESS done=26/514 converted=12 workers=1/1 active current='SKIP (empty waveform.root): 86414769_87;SKIP (empty waveform.root): 86414772_90;Converting 86414773_91 at Wed Sep  2 06:50:52 AM CDT 2026;' user_mem=28.73GiB(22.9%) job_mem=9.44GiB sys_used=46.1% mem_avail=67.4GiB zombies=0 batch_running=yes
[2026-09-02 06:58:44] PROGRESS done=26/514 converted=12 workers=1/1 active current='SKIP (empty waveform.root): 86414769_87;SKIP (empty waveform.root): 86414772_90;Converting 86414773_91 at Wed Sep  2 06:50:52 AM CDT 2026;' user_mem=31.35GiB(25.1%) job_mem=12.07GiB sys_used=49.8% mem_avail=62.9GiB zombies=0 batch_running=yes
[2026-09-02 06:58:44] STOPPING batch (memory limit (user_mem=25.2%, job_mem=12.22GiB, limits=30%/12GiB))
[2026-09-02 06:58:44] Sending TERM to wvfm2h5.py pid=315617
[2026-09-02 06:58:44] Sending TERM to batch pid=311932
[2026-09-02 06:58:57] Batch stopped. Checkpoint saved to /exp/sbnd/app/users/munjung/anomaly-detection/logs/wvfm2h5_checkpoint_offbeamlight_tpc1.txt
[2026-09-02 06:58:57] Cooling down for 60s before resume
[2026-09-02 06:59:57] PROGRESS done=26/514 converted=12 workers=1/0 active current='SKIP (empty waveform.root): 86414769_87;SKIP (empty waveform.root): 86414772_90;Converting 86414773_91 at Wed Sep  2 06:50:52 AM CDT 2026;' user_mem=19.31GiB(15.4%) job_mem=0.01GiB sys_used=40.8% mem_avail=74.0GiB zombies=0 batch_running=no
[2026-09-02 06:59:58] STARTING batch from checkpoint
[2026-09-02 06:59:58] Started batch pid=322541
[2026-09-02 07:04:58] PROGRESS done=26/514 converted=12 workers=1/1 active current='SKIP (empty waveform.root): 86414772_90;Converting 86414773_91 at Wed Sep  2 06:50:52 AM CDT 2026;Converting 86414773_91 at Wed Sep  2 06:59:58 AM CDT 2026;' user_mem=29.26GiB(23.4%) job_mem=9.97GiB sys_used=49.3% mem_avail=63.5GiB zombies=0 batch_running=yes
[2026-09-02 07:09:59] PROGRESS done=26/514 converted=12 workers=1/1 active current='SKIP (empty waveform.root): 86414772_90;Converting 86414773_91 at Wed Sep  2 06:50:52 AM CDT 2026;Converting 86414773_91 at Wed Sep  2 06:59:58 AM CDT 2026;' user_mem=31.82GiB(25.4%) job_mem=12.53GiB sys_used=52.7% mem_avail=59.2GiB zombies=0 batch_running=yes
[2026-09-02 07:10:00] STOPPING batch (memory limit (user_mem=25.5%, job_mem=12.64GiB, limits=30%/12GiB))
[2026-09-02 07:10:00] Sending TERM to wvfm2h5.py pid=335891
[2026-09-02 07:10:00] Sending TERM to batch pid=330875
[2026-09-02 07:10:12] Batch stopped. Checkpoint saved to /exp/sbnd/app/users/munjung/anomaly-detection/logs/wvfm2h5_checkpoint_offbeamlight_tpc1.txt
[2026-09-02 07:10:12] Cooling down for 60s before resume
[2026-09-02 07:11:13] PROGRESS done=26/514 converted=12 workers=1/0 active current='SKIP (empty waveform.root): 86414772_90;Converting 86414773_91 at Wed Sep  2 06:50:52 AM CDT 2026;Converting 86414773_91 at Wed Sep  2 06:59:58 AM CDT 2026;' user_mem=19.31GiB(15.4%) job_mem=0.01GiB sys_used=43.3% mem_avail=70.9GiB zombies=0 batch_running=no
[2026-09-02 07:11:13] STARTING batch from checkpoint
[2026-09-02 07:11:13] Started batch pid=342677
[2026-09-02 07:16:14] PROGRESS done=31/514 converted=13 workers=1/1 active current='SKIP (empty waveform.root): 86414776_94;SKIP (empty waveform.root): 86414777_95;Converting 86414779_97 at Wed Sep  2 07:14:38 AM CDT 2026;' user_mem=30.53GiB(24.4%) job_mem=11.25GiB sys_used=53.0% mem_avail=58.9GiB zombies=0 batch_running=yes
[2026-09-02 07:21:15] PROGRESS done=35/514 converted=16 workers=1/0 active current='SKIP (empty waveform.root): 86414781_99;Converting 86414783_100 at Wed Sep  2 07:20:16 AM CDT 2026;DONE 86414783_100 at Wed Sep  2 07:21:02 AM CDT 2026;' user_mem=19.33GiB(15.4%) job_mem=0.02GiB sys_used=44.7% mem_avail=69.2GiB zombies=0 batch_running=yes
[2026-09-02 07:26:16] PROGRESS done=43/514 converted=17 workers=1/1 active current='SKIP (empty waveform.root): 86414796_113;SKIP (empty waveform.root): 86414797_114;Converting 86414799_116 at Wed Sep  2 07:24:52 AM CDT 2026;' user_mem=29.62GiB(23.7%) job_mem=10.33GiB sys_used=54.3% mem_avail=57.1GiB zombies=0 batch_running=yes
[2026-09-02 07:31:17] PROGRESS done=48/514 converted=18 workers=1/1 active current='SKIP (empty waveform.root): 86414806_123;SKIP (empty waveform.root): 86414807_124;Converting 86414808_125 at Wed Sep  2 07:28:22 AM CDT 2026;' user_mem=29.53GiB(23.6%) job_mem=10.26GiB sys_used=55.1% mem_avail=56.2GiB zombies=0 batch_running=yes
[2026-09-02 07:36:18] PROGRESS done=48/514 converted=18 workers=1/1 active current='SKIP (empty waveform.root): 86414806_123;SKIP (empty waveform.root): 86414807_124;Converting 86414808_125 at Wed Sep  2 07:28:22 AM CDT 2026;' user_mem=29.65GiB(23.7%) job_mem=10.37GiB sys_used=56.1% mem_avail=55.0GiB zombies=0 batch_running=yes
[2026-09-02 07:41:19] PROGRESS done=48/514 converted=18 workers=1/0 active current='SKIP (empty waveform.root): 86414806_123;SKIP (empty waveform.root): 86414807_124;Converting 86414808_125 at Wed Sep  2 07:28:22 AM CDT 2026;' user_mem=19.32GiB(15.4%) job_mem=0.02GiB sys_used=48.3% mem_avail=64.7GiB zombies=0 batch_running=yes
[2026-09-02 07:46:20] PROGRESS done=48/514 converted=18 workers=1/0 active current='SKIP (empty waveform.root): 86414806_123;SKIP (empty waveform.root): 86414807_124;Converting 86414808_125 at Wed Sep  2 07:28:22 AM CDT 2026;' user_mem=19.27GiB(15.4%) job_mem=0.01GiB sys_used=49.1% mem_avail=63.7GiB zombies=0 batch_running=no
[2026-09-02 07:46:20] STARTING batch from checkpoint
[2026-09-02 07:46:20] Started batch pid=419392
[2026-09-02 07:51:21] PROGRESS done=54/514 converted=19 workers=1/1 active current='SKIP (empty waveform.root): 86414813_130;SKIP (empty waveform.root): 86414814_131;Converting 86414816_133 at Wed Sep  2 07:49:53 AM CDT 2026;' user_mem=31.09GiB(24.8%) job_mem=11.82GiB sys_used=58.9% mem_avail=51.5GiB zombies=0 batch_running=yes
[2026-09-02 07:56:22] PROGRESS done=61/514 converted=21 workers=1/1 active current='SKIP (empty waveform.root): 86414823_140;SKIP (empty waveform.root): 86414824_141;Converting 86414825_142 at Wed Sep  2 07:55:36 AM CDT 2026;' user_mem=31.92GiB(25.5%) job_mem=12.65GiB sys_used=59.4% mem_avail=50.8GiB zombies=0 batch_running=yes
[2026-09-02 07:56:23] STOPPING batch (memory limit (user_mem=25.6%, job_mem=12.69GiB, limits=30%/12GiB))
[2026-09-02 07:56:23] Sending TERM to wvfm2h5.py pid=434912
[2026-09-02 07:56:23] Sending TERM to batch pid=419392
[2026-09-02 07:56:35] Batch stopped. Checkpoint saved to /exp/sbnd/app/users/munjung/anomaly-detection/logs/wvfm2h5_checkpoint_offbeamlight_tpc1.txt
[2026-09-02 07:56:35] Cooling down for 60s before resume
[2026-09-02 07:57:36] PROGRESS done=61/514 converted=21 workers=1/1 active current='SKIP (empty waveform.root): 86414823_140;SKIP (empty waveform.root): 86414824_141;Converting 86414825_142 at Wed Sep  2 07:55:36 AM CDT 2026;' user_mem=27.24GiB(21.7%) job_mem=7.95GiB sys_used=55.7% mem_avail=55.4GiB zombies=0 batch_running=yes
[2026-09-02 07:57:36] Batch already running; not starting another instance
[2026-09-02 08:02:37] PROGRESS done=61/514 converted=21 workers=1/0 active current='SKIP (empty waveform.root): 86414823_140;SKIP (empty waveform.root): 86414824_141;Converting 86414825_142 at Wed Sep  2 07:55:36 AM CDT 2026;' user_mem=19.31GiB(15.4%) job_mem=0.01GiB sys_used=51.0% mem_avail=61.4GiB zombies=0 batch_running=no
[2026-09-02 08:02:37] STARTING batch from checkpoint
[2026-09-02 08:02:37] Started batch pid=447794
[2026-09-02 08:07:38] PROGRESS done=63/514 converted=23 workers=1/1 active current='Converting 86414826_143 at Wed Sep  2 08:06:06 AM CDT 2026;DONE 86414826_143 at Wed Sep  2 08:07:01 AM CDT 2026;Converting 86414827_144 at Wed Sep  2 08:07:34 AM CDT 2026;' user_mem=20.94GiB(16.7%) job_mem=1.66GiB sys_used=52.7% mem_avail=59.1GiB zombies=0 batch_running=yes
[2026-09-02 08:12:39] PROGRESS done=75/514 converted=25 workers=1/0 active current='SKIP (empty waveform.root): 86414837_154;Converting 86414838_155 at Wed Sep  2 08:10:26 AM CDT 2026;DONE 86414838_155 at Wed Sep  2 08:12:17 AM CDT 2026;' user_mem=19.31GiB(15.4%) job_mem=0.02GiB sys_used=52.3% mem_avail=59.8GiB zombies=0 batch_running=yes
[2026-09-02 08:17:40] PROGRESS done=83/514 converted=28 workers=1/0 active current='SKIP (empty waveform.root): 86414845_162;Converting 86414846_163 at Wed Sep  2 08:16:31 AM CDT 2026;DONE 86414846_163 at Wed Sep  2 08:17:18 AM CDT 2026;' user_mem=19.32GiB(15.4%) job_mem=0.02GiB sys_used=52.8% mem_avail=59.0GiB zombies=0 batch_running=yes
[2026-09-02 08:22:42] PROGRESS done=87/514 converted=30 workers=1/1 active current='Converting 86414850_167 at Wed Sep  2 08:20:58 AM CDT 2026;DONE 86414850_167 at Wed Sep  2 08:21:46 AM CDT 2026;Converting 86414851_168 at Wed Sep  2 08:22:18 AM CDT 2026;' user_mem=27.64GiB(22.1%) job_mem=8.34GiB sys_used=47.3% mem_avail=65.9GiB zombies=0 batch_running=yes
[2026-09-02 08:27:43] PROGRESS done=87/514 converted=30 workers=1/1 active current='Converting 86414850_167 at Wed Sep  2 08:20:58 AM CDT 2026;DONE 86414850_167 at Wed Sep  2 08:21:46 AM CDT 2026;Converting 86414851_168 at Wed Sep  2 08:22:18 AM CDT 2026;' user_mem=20.84GiB(16.7%) job_mem=1.55GiB sys_used=42.8% mem_avail=71.5GiB zombies=0 batch_running=yes
[2026-09-02 08:32:44] PROGRESS done=87/514 converted=30 workers=1/0 active current='Converting 86414850_167 at Wed Sep  2 08:20:58 AM CDT 2026;DONE 86414850_167 at Wed Sep  2 08:21:46 AM CDT 2026;Converting 86414851_168 at Wed Sep  2 08:22:18 AM CDT 2026;' user_mem=19.32GiB(15.4%) job_mem=0.02GiB sys_used=41.3% mem_avail=73.4GiB zombies=0 batch_running=yes
[2026-09-02 08:37:45] PROGRESS done=87/514 converted=30 workers=1/0 active current='Converting 86414850_167 at Wed Sep  2 08:20:58 AM CDT 2026;DONE 86414850_167 at Wed Sep  2 08:21:46 AM CDT 2026;Converting 86414851_168 at Wed Sep  2 08:22:18 AM CDT 2026;' user_mem=19.32GiB(15.4%) job_mem=0.02GiB sys_used=41.8% mem_avail=72.8GiB zombies=0 batch_running=yes
[2026-09-02 08:42:46] PROGRESS done=87/514 converted=30 workers=1/0 active current='Converting 86414850_167 at Wed Sep  2 08:20:58 AM CDT 2026;DONE 86414850_167 at Wed Sep  2 08:21:46 AM CDT 2026;Converting 86414851_168 at Wed Sep  2 08:22:18 AM CDT 2026;' user_mem=19.31GiB(15.4%) job_mem=0.01GiB sys_used=43.5% mem_avail=70.8GiB zombies=0 batch_running=no
[2026-09-02 08:42:47] STARTING batch from checkpoint
[2026-09-02 08:42:47] Started batch pid=524543
[2026-09-02 08:47:48] PROGRESS done=93/514 converted=33 workers=1/0 active current='SKIP (empty waveform.root): 86414855_172;Converting 86414856_173 at Wed Sep  2 08:46:39 AM CDT 2026;DONE 86414856_173 at Wed Sep  2 08:47:29 AM CDT 2026;' user_mem=19.32GiB(15.4%) job_mem=0.02GiB sys_used=43.4% mem_avail=70.8GiB zombies=0 batch_running=yes
[2026-09-02 08:52:49] PROGRESS done=123/514 converted=36 workers=1/0 active current='DONE 86414885_202 at Wed Sep  2 08:50:52 AM CDT 2026;Converting 86414886_203 at Wed Sep  2 08:51:24 AM CDT 2026;DONE 86414886_203 at Wed Sep  2 08:52:19 AM CDT 2026;' user_mem=19.33GiB(15.5%) job_mem=0.02GiB sys_used=47.0% mem_avail=66.3GiB zombies=0 batch_running=yes
[2026-09-02 08:57:51] PROGRESS done=224/514 converted=39 workers=1/1 active current='SKIP (empty waveform.root): 86414986_303;SKIP (empty waveform.root): 86414987_304;Converting 86414988_305 at Wed Sep  2 08:57:00 AM CDT 2026;' user_mem=33.77GiB(27.0%) job_mem=14.48GiB sys_used=56.3% mem_avail=54.7GiB zombies=0 batch_running=yes
[2026-09-02 08:57:51] STOPPING batch (memory limit (user_mem=27.0%, job_mem=14.52GiB, limits=30%/12GiB))
[2026-09-02 08:57:52] Sending TERM to wvfm2h5.py pid=568689
[2026-09-02 08:57:52] Sending TERM to batch pid=524543
[2026-09-02 08:58:04] Batch stopped. Checkpoint saved to /exp/sbnd/app/users/munjung/anomaly-detection/logs/wvfm2h5_checkpoint_offbeamlight_tpc1.txt
[2026-09-02 08:58:04] Cooling down for 60s before resume
[2026-09-02 08:59:05] PROGRESS done=224/514 converted=39 workers=1/0 active current='SKIP (empty waveform.root): 86414986_303;SKIP (empty waveform.root): 86414987_304;Converting 86414988_305 at Wed Sep  2 08:57:00 AM CDT 2026;' user_mem=19.32GiB(15.4%) job_mem=0.02GiB sys_used=44.8% mem_avail=69.1GiB zombies=0 batch_running=yes
[2026-09-02 08:59:05] Batch already running; not starting another instance
[2026-09-02 09:04:06] PROGRESS done=224/514 converted=39 workers=1/0 active current='SKIP (empty waveform.root): 86414986_303;SKIP (empty waveform.root): 86414987_304;Converting 86414988_305 at Wed Sep  2 08:57:00 AM CDT 2026;' user_mem=19.32GiB(15.4%) job_mem=0.01GiB sys_used=46.1% mem_avail=67.5GiB zombies=0 batch_running=no
[2026-09-02 09:04:07] STARTING batch from checkpoint
[2026-09-02 09:04:07] Started batch pid=583354
[2026-09-02 09:09:08] PROGRESS done=266/514 converted=42 workers=1/0 active current='SKIP (empty waveform.root): 86415028_345;Converting 86415029_346 at Wed Sep  2 09:08:07 AM CDT 2026;DONE 86415029_346 at Wed Sep  2 09:08:52 AM CDT 2026;' user_mem=19.30GiB(15.4%) job_mem=0.02GiB sys_used=46.5% mem_avail=66.9GiB zombies=0 batch_running=yes
[2026-09-02 09:14:12] PROGRESS done=512/514 converted=42 workers=1/0 active current='SKIP (empty waveform.root): 86415276_590;SKIP (empty waveform.root): 86415277_591;SKIP (empty waveform.root): 86415278_592;' user_mem=19.32GiB(15.4%) job_mem=0.01GiB sys_used=47.6% mem_avail=65.5GiB zombies=0 batch_running=no
[2026-09-02 09:14:13] STARTING batch from checkpoint
[2026-09-02 09:14:13] Started batch pid=603657
[2026-09-02 09:19:14] PROGRESS done=512/514 converted=42 workers=1/0 active current='SKIP (empty waveform.root): 86415278_592;Converting 86414790_107 at Wed Sep  2 09:14:13 AM CDT 2026;Converting 86414795_112 at Wed Sep  2 09:14:46 AM CDT 2026;' user_mem=19.31GiB(15.4%) job_mem=0.01GiB sys_used=49.2% mem_avail=63.6GiB zombies=0 batch_running=no
[2026-09-02 09:19:15] STARTING batch from checkpoint
[2026-09-02 09:19:15] Started batch pid=612998
[2026-09-02 09:24:17] PROGRESS done=512/514 converted=42 workers=1/0 active current='Converting 86414795_112 at Wed Sep  2 09:14:46 AM CDT 2026;Converting 86414790_107 at Wed Sep  2 09:19:16 AM CDT 2026;Converting 86414795_112 at Wed Sep  2 09:19:48 AM CDT 2026;' user_mem=19.31GiB(15.4%) job_mem=0.01GiB sys_used=48.7% mem_avail=64.2GiB zombies=0 batch_running=no
[2026-09-02 09:24:18] STARTING batch from checkpoint
[2026-09-02 09:24:18] Started batch pid=626430
[2026-09-02 09:29:19] PROGRESS done=512/514 converted=42 workers=1/0 active current='Converting 86414795_112 at Wed Sep  2 09:19:48 AM CDT 2026;Converting 86414790_107 at Wed Sep  2 09:24:18 AM CDT 2026;Converting 86414795_112 at Wed Sep  2 09:24:51 AM CDT 2026;' user_mem=19.32GiB(15.4%) job_mem=0.01GiB sys_used=49.0% mem_avail=63.8GiB zombies=0 batch_running=no
[2026-09-02 09:29:20] STARTING batch from checkpoint
[2026-09-02 09:29:20] Started batch pid=641971
[2026-09-02 09:34:22] PROGRESS done=512/514 converted=42 workers=1/0 active current='Converting 86414795_112 at Wed Sep  2 09:24:51 AM CDT 2026;Converting 86414790_107 at Wed Sep  2 09:29:21 AM CDT 2026;Converting 86414795_112 at Wed Sep  2 09:29:53 AM CDT 2026;' user_mem=19.33GiB(15.4%) job_mem=0.01GiB sys_used=49.7% mem_avail=63.0GiB zombies=0 batch_running=no
[2026-09-02 09:34:23] Batch already running; not starting another instance
[2026-09-02 09:39:24] PROGRESS done=512/514 converted=42 workers=1/0 active current='Converting 86414795_112 at Wed Sep  2 09:24:51 AM CDT 2026;Converting 86414790_107 at Wed Sep  2 09:29:21 AM CDT 2026;Converting 86414795_112 at Wed Sep  2 09:29:53 AM CDT 2026;' user_mem=30.20GiB(24.1%) job_mem=0.02GiB sys_used=58.6% mem_avail=51.8GiB zombies=0 batch_running=no
[2026-09-02 09:39:25] STARTING batch from checkpoint
[2026-09-02 09:39:25] Started batch pid=669537
[2026-09-02 09:44:27] PROGRESS done=512/514 converted=42 workers=1/1 active current='Converting 86414790_107 at Wed Sep  2 09:29:21 AM CDT 2026;Converting 86414795_112 at Wed Sep  2 09:29:53 AM CDT 2026;Converting 86414790_107 at Wed Sep  2 09:39:25 AM CDT 2026;' user_mem=26.74GiB(21.4%) job_mem=7.45GiB sys_used=56.4% mem_avail=54.5GiB zombies=0 batch_running=yes
[2026-09-02 09:49:28] PROGRESS done=512/514 converted=42 workers=1/0 active current='Converting 86414790_107 at Wed Sep  2 09:29:21 AM CDT 2026;Converting 86414795_112 at Wed Sep  2 09:29:53 AM CDT 2026;Converting 86414790_107 at Wed Sep  2 09:39:25 AM CDT 2026;' user_mem=19.33GiB(15.5%) job_mem=0.02GiB sys_used=52.0% mem_avail=60.0GiB zombies=0 batch_running=yes
[2026-09-02 09:54:30] PROGRESS done=512/514 converted=42 workers=1/1 active current='Converting 86414790_107 at Wed Sep  2 09:29:21 AM CDT 2026;Converting 86414795_112 at Wed Sep  2 09:29:53 AM CDT 2026;Converting 86414790_107 at Wed Sep  2 09:39:25 AM CDT 2026;' user_mem=33.37GiB(26.7%) job_mem=14.08GiB sys_used=62.7% mem_avail=46.7GiB zombies=0 batch_running=yes
[2026-09-02 09:54:31] STOPPING batch (memory limit (user_mem=26.9%, job_mem=14.31GiB, limits=30%/12GiB))
[2026-09-02 09:54:31] Sending TERM to wvfm2h5.py pid=689038
[2026-09-02 09:54:32] Sending TERM to batch pid=682455
[2026-09-02 09:54:44] Batch stopped. Checkpoint saved to /exp/sbnd/app/users/munjung/anomaly-detection/logs/wvfm2h5_checkpoint_offbeamlight_tpc1.txt
[2026-09-02 09:54:44] Cooling down for 60s before resume
[2026-09-02 09:55:45] PROGRESS done=512/514 converted=42 workers=1/0 active current='Converting 86414790_107 at Wed Sep  2 09:29:21 AM CDT 2026;Converting 86414795_112 at Wed Sep  2 09:29:53 AM CDT 2026;Converting 86414790_107 at Wed Sep  2 09:39:25 AM CDT 2026;' user_mem=19.33GiB(15.4%) job_mem=0.01GiB sys_used=53.5% mem_avail=58.1GiB zombies=0 batch_running=no
[2026-09-02 09:55:45] STARTING batch from checkpoint
[2026-09-02 09:55:45] Started batch pid=710987
[2026-09-02 10:00:47] PROGRESS done=512/514 converted=42 workers=1/0 active current='Converting 86414790_107 at Wed Sep  2 09:39:25 AM CDT 2026;Converting 86414790_107 at Wed Sep  2 09:55:46 AM CDT 2026;Converting 86414795_112 at Wed Sep  2 09:56:18 AM CDT 2026;' user_mem=19.33GiB(15.4%) job_mem=0.01GiB sys_used=53.2% mem_avail=58.6GiB zombies=0 batch_running=no
[2026-09-02 10:00:48] STARTING batch from checkpoint
[2026-09-02 10:00:48] Started batch pid=720937
[2026-09-02 10:05:49] PROGRESS done=512/514 converted=42 workers=1/0 active current='Converting 86414795_112 at Wed Sep  2 09:56:18 AM CDT 2026;Converting 86414790_107 at Wed Sep  2 10:00:48 AM CDT 2026;Converting 86414795_112 at Wed Sep  2 10:01:21 AM CDT 2026;' user_mem=19.33GiB(15.4%) job_mem=0.01GiB sys_used=53.7% mem_avail=58.0GiB zombies=0 batch_running=no
[2026-09-02 10:05:50] STARTING batch from checkpoint
[2026-09-02 10:05:50] Started batch pid=730209
[2026-09-02 10:10:52] PROGRESS done=512/514 converted=42 workers=1/0 active current='Converting 86414795_112 at Wed Sep  2 10:01:21 AM CDT 2026;Converting 86414790_107 at Wed Sep  2 10:05:51 AM CDT 2026;Converting 86414795_112 at Wed Sep  2 10:06:24 AM CDT 2026;' user_mem=19.33GiB(15.4%) job_mem=0.01GiB sys_used=54.9% mem_avail=56.4GiB zombies=0 batch_running=no
[2026-09-02 10:10:53] STARTING batch from checkpoint
[2026-09-02 10:10:53] Started batch pid=739616
[2026-09-02 10:15:55] PROGRESS done=512/514 converted=42 workers=1/0 active current='Converting 86414795_112 at Wed Sep  2 10:06:24 AM CDT 2026;Converting 86414790_107 at Wed Sep  2 10:10:53 AM CDT 2026;Converting 86414795_112 at Wed Sep  2 10:11:26 AM CDT 2026;' user_mem=17.84GiB(14.3%) job_mem=0.01GiB sys_used=53.2% mem_avail=58.6GiB zombies=0 batch_running=no
[2026-09-02 10:15:56] STARTING batch from checkpoint
[2026-09-02 10:15:56] Started batch pid=748139
[2026-09-02 10:20:57] PROGRESS done=512/514 converted=42 workers=1/0 active current='Converting 86414795_112 at Wed Sep  2 10:11:26 AM CDT 2026;Converting 86414790_107 at Wed Sep  2 10:15:56 AM CDT 2026;Converting 86414795_112 at Wed Sep  2 10:16:29 AM CDT 2026;' user_mem=17.75GiB(14.2%) job_mem=0.01GiB sys_used=53.9% mem_avail=57.7GiB zombies=0 batch_running=no
[2026-09-02 10:20:58] STARTING batch from checkpoint
[2026-09-02 10:20:58] Started batch pid=756799
[2026-09-02 10:26:00] PROGRESS done=512/514 converted=42 workers=1/0 active current='Converting 86414795_112 at Wed Sep  2 10:16:29 AM CDT 2026;Converting 86414790_107 at Wed Sep  2 10:20:58 AM CDT 2026;Converting 86414795_112 at Wed Sep  2 10:21:31 AM CDT 2026;' user_mem=17.75GiB(14.2%) job_mem=0.01GiB sys_used=54.4% mem_avail=57.1GiB zombies=0 batch_running=no
[2026-09-02 10:26:01] STARTING batch from checkpoint
[2026-09-02 10:26:01] Started batch pid=764498
[2026-09-02 10:31:02] PROGRESS done=512/514 converted=42 workers=1/0 active current='Converting 86414795_112 at Wed Sep  2 10:21:31 AM CDT 2026;Converting 86414790_107 at Wed Sep  2 10:26:01 AM CDT 2026;Converting 86414795_112 at Wed Sep  2 10:26:34 AM CDT 2026;' user_mem=17.76GiB(14.2%) job_mem=0.01GiB sys_used=55.5% mem_avail=55.7GiB zombies=0 batch_running=no
[2026-09-02 10:31:03] STARTING batch from checkpoint
[2026-09-02 10:31:03] Started batch pid=772897
[2026-09-02 10:36:05] PROGRESS done=512/514 converted=42 workers=1/0 active current='Converting 86414795_112 at Wed Sep  2 10:26:34 AM CDT 2026;Converting 86414790_107 at Wed Sep  2 10:31:04 AM CDT 2026;Converting 86414795_112 at Wed Sep  2 10:31:37 AM CDT 2026;' user_mem=17.74GiB(14.2%) job_mem=0.01GiB sys_used=56.4% mem_avail=54.6GiB zombies=0 batch_running=no
[2026-09-02 10:36:06] STARTING batch from checkpoint
[2026-09-02 10:36:06] Started batch pid=782654
[2026-09-02 10:41:08] PROGRESS done=512/514 converted=42 workers=1/0 active current='Converting 86414795_112 at Wed Sep  2 10:31:37 AM CDT 2026;Converting 86414790_107 at Wed Sep  2 10:36:06 AM CDT 2026;Converting 86414795_112 at Wed Sep  2 10:36:39 AM CDT 2026;' user_mem=17.74GiB(14.2%) job_mem=0.01GiB sys_used=59.4% mem_avail=50.8GiB zombies=0 batch_running=no
[2026-09-02 10:41:09] STARTING batch from checkpoint
[2026-09-02 10:41:09] Started batch pid=796862
[2026-09-02 10:46:11] PROGRESS done=512/514 converted=42 workers=1/0 active current='Converting 86414795_112 at Wed Sep  2 10:36:39 AM CDT 2026;Converting 86414790_107 at Wed Sep  2 10:41:09 AM CDT 2026;Converting 86414795_112 at Wed Sep  2 10:41:42 AM CDT 2026;' user_mem=17.73GiB(14.2%) job_mem=0.01GiB sys_used=62.1% mem_avail=47.5GiB zombies=0 batch_running=no
[2026-09-02 10:46:12] STARTING batch from checkpoint
[2026-09-02 10:46:12] Started batch pid=808257
[2026-09-02 10:51:13] PROGRESS done=512/514 converted=42 workers=1/0 active current='Converting 86414795_112 at Wed Sep  2 10:41:42 AM CDT 2026;Converting 86414790_107 at Wed Sep  2 10:46:12 AM CDT 2026;Converting 86414795_112 at Wed Sep  2 10:46:45 AM CDT 2026;' user_mem=17.72GiB(14.2%) job_mem=0.01GiB sys_used=66.4% mem_avail=42.0GiB zombies=0 batch_running=no
[2026-09-02 10:51:14] STARTING batch from checkpoint
[2026-09-02 10:51:14] Started batch pid=818245
[2026-09-02 10:56:16] PROGRESS done=512/514 converted=42 workers=1/0 active current='Converting 86414795_112 at Wed Sep  2 10:46:45 AM CDT 2026;Converting 86414790_107 at Wed Sep  2 10:51:14 AM CDT 2026;Converting 86414795_112 at Wed Sep  2 10:51:47 AM CDT 2026;' user_mem=17.71GiB(14.2%) job_mem=0.01GiB sys_used=68.4% mem_avail=39.5GiB zombies=0 batch_running=no
[2026-09-02 10:56:17] STARTING batch from checkpoint
[2026-09-02 10:56:17] Started batch pid=828175
[2026-09-02 11:01:19] PROGRESS done=512/514 converted=42 workers=1/0 active current='Converting 86414795_112 at Wed Sep  2 10:51:47 AM CDT 2026;Converting 86414790_107 at Wed Sep  2 10:56:17 AM CDT 2026;Converting 86414795_112 at Wed Sep  2 10:56:57 AM CDT 2026;' user_mem=17.71GiB(14.2%) job_mem=0.01GiB sys_used=71.4% mem_avail=35.8GiB zombies=0 batch_running=no
[2026-09-02 11:01:20] STARTING batch from checkpoint
[2026-09-02 11:01:20] Started batch pid=837607
[2026-09-02 11:06:22] PROGRESS done=512/514 converted=42 workers=1/0 active current='Converting 86414795_112 at Wed Sep  2 10:56:57 AM CDT 2026;Converting 86414790_107 at Wed Sep  2 11:01:20 AM CDT 2026;Converting 86414795_112 at Wed Sep  2 11:01:53 AM CDT 2026;' user_mem=17.71GiB(14.2%) job_mem=0.01GiB sys_used=73.7% mem_avail=32.9GiB zombies=0 batch_running=no
[2026-09-02 11:06:23] STARTING batch from checkpoint
[2026-09-02 11:06:23] Started batch pid=847441
[2026-09-02 11:11:25] PROGRESS done=512/514 converted=42 workers=1/0 active current='Converting 86414795_112 at Wed Sep  2 11:01:53 AM CDT 2026;Converting 86414790_107 at Wed Sep  2 11:06:23 AM CDT 2026;Converting 86414795_112 at Wed Sep  2 11:06:58 AM CDT 2026;' user_mem=18.08GiB(14.5%) job_mem=0.01GiB sys_used=78.4% mem_avail=27.0GiB zombies=0 batch_running=no
[2026-09-02 11:11:26] STARTING batch from checkpoint
[2026-09-02 11:11:26] Started batch pid=857107
[2026-09-02 11:16:27] PROGRESS done=512/514 converted=42 workers=1/0 active current='Converting 86414795_112 at Wed Sep  2 11:06:58 AM CDT 2026;Converting 86414790_107 at Wed Sep  2 11:11:26 AM CDT 2026;Converting 86414795_112 at Wed Sep  2 11:11:59 AM CDT 2026;' user_mem=17.59GiB(14.1%) job_mem=0.01GiB sys_used=79.2% mem_avail=26.1GiB zombies=0 batch_running=no
[2026-09-02 11:16:28] STARTING batch from checkpoint
[2026-09-02 11:16:28] Started batch pid=866825
[2026-09-02 11:21:30] PROGRESS done=512/514 converted=42 workers=1/0 active current='Converting 86414795_112 at Wed Sep  2 11:11:59 AM CDT 2026;Converting 86414790_107 at Wed Sep  2 11:16:28 AM CDT 2026;Converting 86414795_112 at Wed Sep  2 11:17:01 AM CDT 2026;' user_mem=17.69GiB(14.1%) job_mem=0.01GiB sys_used=80.8% mem_avail=24.0GiB zombies=0 batch_running=no
[2026-09-02 11:21:31] STARTING batch from checkpoint
[2026-09-02 11:21:31] Started batch pid=876612
[2026-09-02 11:26:32] PROGRESS done=512/514 converted=42 workers=1/0 active current='Converting 86414795_112 at Wed Sep  2 11:17:01 AM CDT 2026;Converting 86414790_107 at Wed Sep  2 11:21:31 AM CDT 2026;Converting 86414795_112 at Wed Sep  2 11:22:04 AM CDT 2026;' user_mem=17.74GiB(14.2%) job_mem=0.01GiB sys_used=83.9% mem_avail=20.2GiB zombies=0 batch_running=no
[2026-09-02 11:26:33] STARTING batch from checkpoint
[2026-09-02 11:26:33] Started batch pid=885816
[2026-09-02 11:31:35] PROGRESS done=512/514 converted=42 workers=1/0 active current='Converting 86414795_112 at Wed Sep  2 11:22:04 AM CDT 2026;Converting 86414790_107 at Wed Sep  2 11:26:33 AM CDT 2026;Converting 86414795_112 at Wed Sep  2 11:27:06 AM CDT 2026;' user_mem=18.43GiB(14.7%) job_mem=0.01GiB sys_used=85.3% mem_avail=18.5GiB zombies=0 batch_running=no
[2026-09-02 11:31:36] STARTING batch from checkpoint
[2026-09-02 11:31:36] Started batch pid=897765
[2026-09-02 11:36:41] PROGRESS done=512/514 converted=42 workers=1/0 active current='Converting 86414795_112 at Wed Sep  2 11:27:06 AM CDT 2026;Converting 86414790_107 at Wed Sep  2 11:31:36 AM CDT 2026;Converting 86414795_112 at Wed Sep  2 11:32:09 AM CDT 2026;' user_mem=19.11GiB(15.2%) job_mem=0.01GiB sys_used=88.6% mem_avail=14.3GiB zombies=0 batch_running=no
[2026-09-02 11:36:42] STARTING batch from checkpoint
[2026-09-02 11:36:42] Started batch pid=907898
[2026-09-02 11:41:47] PROGRESS done=512/514 converted=42 workers=1/0 active current='Converting 86414795_112 at Wed Sep  2 11:32:09 AM CDT 2026;Converting 86414790_107 at Wed Sep  2 11:36:42 AM CDT 2026;Converting 86414795_112 at Wed Sep  2 11:37:21 AM CDT 2026;' user_mem=18.02GiB(14.4%) job_mem=0.01GiB sys_used=89.6% mem_avail=13.0GiB zombies=0 batch_running=no
[2026-09-02 11:41:48] STARTING batch from checkpoint
[2026-09-02 11:41:48] Started batch pid=921011
[2026-09-02 11:46:54] PROGRESS done=512/514 converted=42 workers=1/0 active current='Converting 86414795_112 at Wed Sep  2 11:37:21 AM CDT 2026;Converting 86414790_107 at Wed Sep  2 11:41:48 AM CDT 2026;Converting 86414795_112 at Wed Sep  2 11:42:23 AM CDT 2026;' user_mem=1.85GiB(1.5%) job_mem=0.01GiB sys_used=79.8% mem_avail=25.3GiB zombies=0 batch_running=no
[2026-09-02 11:46:55] STARTING batch from checkpoint
[2026-09-02 11:46:55] Started batch pid=933987
[2026-09-02 11:51:57] PROGRESS done=512/514 converted=42 workers=1/0 active current='Converting 86414795_112 at Wed Sep  2 11:42:23 AM CDT 2026;Converting 86414790_107 at Wed Sep  2 11:46:56 AM CDT 2026;Converting 86414795_112 at Wed Sep  2 11:47:32 AM CDT 2026;' user_mem=1.88GiB(1.5%) job_mem=0.01GiB sys_used=11.6% mem_avail=110.7GiB zombies=0 batch_running=no
[2026-09-02 11:51:58] STARTING batch from checkpoint
[2026-09-02 11:51:58] Started batch pid=952119
[2026-09-02 11:56:59] PROGRESS done=512/514 converted=42 workers=1/0 active current='Converting 86414795_112 at Wed Sep  2 11:47:32 AM CDT 2026;Converting 86414790_107 at Wed Sep  2 11:51:58 AM CDT 2026;Converting 86414795_112 at Wed Sep  2 11:52:31 AM CDT 2026;' user_mem=13.43GiB(10.6%) job_mem=0.01GiB sys_used=21.2% mem_avail=98.6GiB zombies=0 batch_running=no
[2026-09-02 11:57:00] STARTING batch from checkpoint
[2026-09-02 11:57:00] Started batch pid=966463
[2026-09-02 12:02:02] PROGRESS done=512/514 converted=42 workers=1/0 active current='Converting 86414795_112 at Wed Sep  2 11:52:31 AM CDT 2026;Converting 86414790_107 at Wed Sep  2 11:57:00 AM CDT 2026;Converting 86414795_112 at Wed Sep  2 11:57:33 AM CDT 2026;' user_mem=14.40GiB(11.6%) job_mem=0.01GiB sys_used=23.3% mem_avail=96.0GiB zombies=0 batch_running=no
[2026-09-02 12:02:03] STARTING batch from checkpoint
[2026-09-02 12:02:03] Started batch pid=1001101
[2026-09-02 12:07:04] PROGRESS done=512/514 converted=42 workers=1/0 active current='Converting 86414795_112 at Wed Sep  2 11:57:33 AM CDT 2026;Converting 86414790_107 at Wed Sep  2 12:02:03 PM CDT 2026;Converting 86414795_112 at Wed Sep  2 12:02:36 PM CDT 2026;' user_mem=14.07GiB(11.1%) job_mem=0.01GiB sys_used=23.0% mem_avail=96.4GiB zombies=0 batch_running=no
[2026-09-02 12:07:05] STARTING batch from checkpoint
[2026-09-02 12:07:05] Started batch pid=1011346
[2026-09-02 12:12:07] PROGRESS done=512/514 converted=42 workers=1/0 active current='Converting 86414795_112 at Wed Sep  2 12:02:36 PM CDT 2026;Converting 86414790_107 at Wed Sep  2 12:07:06 PM CDT 2026;Converting 86414795_112 at Wed Sep  2 12:07:39 PM CDT 2026;' user_mem=12.86GiB(10.4%) job_mem=0.01GiB sys_used=22.7% mem_avail=96.7GiB zombies=0 batch_running=no
[2026-09-02 12:12:08] STARTING batch from checkpoint
[2026-09-02 12:12:08] Started batch pid=1023247
[2026-09-02 12:17:10] PROGRESS done=512/514 converted=42 workers=1/0 active current='Converting 86414795_112 at Wed Sep  2 12:07:39 PM CDT 2026;Converting 86414790_107 at Wed Sep  2 12:12:08 PM CDT 2026;Converting 86414795_112 at Wed Sep  2 12:12:41 PM CDT 2026;' user_mem=12.79GiB(10.2%) job_mem=0.01GiB sys_used=23.1% mem_avail=96.2GiB zombies=0 batch_running=no
[2026-09-02 12:17:11] STARTING batch from checkpoint
[2026-09-02 12:17:11] Started batch pid=1041307
[2026-09-02 12:22:12] PROGRESS done=512/514 converted=42 workers=1/0 active current='Converting 86414795_112 at Wed Sep  2 12:12:41 PM CDT 2026;Converting 86414790_107 at Wed Sep  2 12:17:11 PM CDT 2026;Converting 86414795_112 at Wed Sep  2 12:17:44 PM CDT 2026;' user_mem=14.55GiB(11.5%) job_mem=0.01GiB sys_used=24.5% mem_avail=94.5GiB zombies=0 batch_running=no
[2026-09-02 12:22:13] STARTING batch from checkpoint
[2026-09-02 12:22:13] Started batch pid=1060014
[2026-09-02 12:27:15] PROGRESS done=512/514 converted=42 workers=1/0 active current='Converting 86414795_112 at Wed Sep  2 12:17:44 PM CDT 2026;Converting 86414790_107 at Wed Sep  2 12:22:13 PM CDT 2026;Converting 86414795_112 at Wed Sep  2 12:22:46 PM CDT 2026;' user_mem=15.14GiB(12.2%) job_mem=0.01GiB sys_used=25.7% mem_avail=93.0GiB zombies=0 batch_running=no
[2026-09-02 12:27:16] STARTING batch from checkpoint
[2026-09-02 12:27:16] Started batch pid=1072951
[2026-09-02 12:32:17] PROGRESS done=512/514 converted=42 workers=1/0 active current='Converting 86414795_112 at Wed Sep  2 12:22:46 PM CDT 2026;Converting 86414790_107 at Wed Sep  2 12:27:16 PM CDT 2026;Converting 86414795_112 at Wed Sep  2 12:27:49 PM CDT 2026;' user_mem=14.90GiB(11.9%) job_mem=0.01GiB sys_used=26.3% mem_avail=92.3GiB zombies=0 batch_running=no
[2026-09-02 12:32:18] STARTING batch from checkpoint
[2026-09-02 12:32:18] Started batch pid=1091194
[2026-09-02 12:37:20] PROGRESS done=512/514 converted=42 workers=1/0 active current='Converting 86414795_112 at Wed Sep  2 12:27:49 PM CDT 2026;Converting 86414790_107 at Wed Sep  2 12:32:19 PM CDT 2026;Converting 86414795_112 at Wed Sep  2 12:32:52 PM CDT 2026;' user_mem=14.87GiB(11.8%) job_mem=0.01GiB sys_used=27.7% mem_avail=90.5GiB zombies=0 batch_running=no
[2026-09-02 12:37:21] STARTING batch from checkpoint
[2026-09-02 12:37:21] Started batch pid=1121011
[2026-09-02 12:42:23] PROGRESS done=512/514 converted=42 workers=1/0 active current='Converting 86414795_112 at Wed Sep  2 12:32:52 PM CDT 2026;Converting 86414790_107 at Wed Sep  2 12:37:21 PM CDT 2026;Converting 86414795_112 at Wed Sep  2 12:37:54 PM CDT 2026;' user_mem=14.13GiB(11.4%) job_mem=0.01GiB sys_used=28.1% mem_avail=89.9GiB zombies=0 batch_running=no
[2026-09-02 12:42:24] STARTING batch from checkpoint
[2026-09-02 12:42:24] Started batch pid=1133486
[2026-09-02 12:47:25] PROGRESS done=512/514 converted=42 workers=1/0 active current='Converting 86414795_112 at Wed Sep  2 12:37:54 PM CDT 2026;Converting 86414790_107 at Wed Sep  2 12:42:24 PM CDT 2026;Converting 86414795_112 at Wed Sep  2 12:42:57 PM CDT 2026;' user_mem=15.37GiB(12.2%) job_mem=0.01GiB sys_used=29.0% mem_avail=88.8GiB zombies=0 batch_running=yes
[2026-09-02 12:52:27] PROGRESS done=512/514 converted=42 workers=1/0 active current='Converting 86414795_112 at Wed Sep  2 12:37:54 PM CDT 2026;Converting 86414790_107 at Wed Sep  2 12:42:24 PM CDT 2026;Converting 86414795_112 at Wed Sep  2 12:42:57 PM CDT 2026;' user_mem=15.15GiB(12.0%) job_mem=0.01GiB sys_used=29.7% mem_avail=88.0GiB zombies=0 batch_running=no
[2026-09-02 12:52:28] STARTING batch from checkpoint
[2026-09-02 12:52:28] Started batch pid=1159708
[2026-09-02 12:57:30] PROGRESS done=512/514 converted=42 workers=1/1 active current='Converting 86414790_107 at Wed Sep  2 12:42:24 PM CDT 2026;Converting 86414795_112 at Wed Sep  2 12:42:57 PM CDT 2026;Converting 86414790_107 at Wed Sep  2 12:52:28 PM CDT 2026;' user_mem=28.60GiB(22.9%) job_mem=14.11GiB sys_used=50.8% mem_avail=61.6GiB zombies=0 batch_running=yes
[2026-09-02 12:57:30] STOPPING batch (memory limit (user_mem=23.2%, job_mem=14.52GiB, limits=30%/12GiB))
[2026-09-02 12:57:31] Sending TERM to wvfm2h5.py pid=1170480
[2026-09-02 12:57:31] Sending TERM to batch pid=1163354
[2026-09-02 12:57:43] Batch stopped. Checkpoint saved to /exp/sbnd/app/users/munjung/anomaly-detection/logs/wvfm2h5_checkpoint_offbeamlight_tpc1.txt
[2026-09-02 12:57:43] Cooling down for 60s before resume
[2026-09-02 12:58:45] PROGRESS done=512/514 converted=42 workers=1/1 active current='Converting 86414790_107 at Wed Sep  2 12:42:24 PM CDT 2026;Converting 86414795_112 at Wed Sep  2 12:42:57 PM CDT 2026;Converting 86414790_107 at Wed Sep  2 12:52:28 PM CDT 2026;' user_mem=15.27GiB(12.4%) job_mem=0.81GiB sys_used=38.4% mem_avail=77.1GiB zombies=0 batch_running=yes
[2026-09-02 12:58:45] Batch already running; not starting another instance
[2026-09-02 13:03:47] PROGRESS done=512/514 converted=42 workers=1/0 active current='Converting 86414790_107 at Wed Sep  2 12:42:24 PM CDT 2026;Converting 86414795_112 at Wed Sep  2 12:42:57 PM CDT 2026;Converting 86414790_107 at Wed Sep  2 12:52:28 PM CDT 2026;' user_mem=15.73GiB(12.5%) job_mem=0.01GiB sys_used=37.8% mem_avail=77.8GiB zombies=0 batch_running=no
[2026-09-02 13:03:48] STARTING batch from checkpoint
[2026-09-02 13:03:48] Started batch pid=1192903
[2026-09-02 13:08:50] PROGRESS done=512/514 converted=42 workers=1/1 active current='Converting 86414795_112 at Wed Sep  2 12:42:57 PM CDT 2026;Converting 86414790_107 at Wed Sep  2 12:52:28 PM CDT 2026;Converting 86414790_107 at Wed Sep  2 01:03:48 PM CDT 2026;' user_mem=26.49GiB(21.1%) job_mem=11.41GiB sys_used=42.7% mem_avail=71.7GiB zombies=0 batch_running=yes
[2026-09-02 13:13:52] PROGRESS done=512/514 converted=42 workers=1/1 active current='Converting 86414795_112 at Wed Sep  2 12:42:57 PM CDT 2026;Converting 86414790_107 at Wed Sep  2 12:52:28 PM CDT 2026;Converting 86414790_107 at Wed Sep  2 01:03:48 PM CDT 2026;' user_mem=17.39GiB(13.9%) job_mem=13.07GiB sys_used=34.8% mem_avail=81.6GiB zombies=0 batch_running=yes
[2026-09-02 13:13:52] STOPPING batch (memory limit (user_mem=13.9%, job_mem=13.22GiB, limits=30%/12GiB))
[2026-09-02 13:13:53] Sending TERM to wvfm2h5.py pid=1204829
[2026-09-02 13:13:53] Sending TERM to batch pid=1195881
[2026-09-02 13:14:05] Batch stopped. Checkpoint saved to /exp/sbnd/app/users/munjung/anomaly-detection/logs/wvfm2h5_checkpoint_offbeamlight_tpc1.txt
[2026-09-02 13:14:05] Cooling down for 60s before resume
[2026-09-02 13:15:06] PROGRESS done=512/514 converted=42 workers=1/1 active current='Converting 86414795_112 at Wed Sep  2 12:42:57 PM CDT 2026;Converting 86414790_107 at Wed Sep  2 12:52:28 PM CDT 2026;Converting 86414790_107 at Wed Sep  2 01:03:48 PM CDT 2026;' user_mem=6.45GiB(5.2%) job_mem=2.43GiB sys_used=31.6% mem_avail=85.6GiB zombies=0 batch_running=yes
[2026-09-02 13:15:06] Batch already running; not starting another instance
[2026-09-02 13:20:08] PROGRESS done=512/514 converted=42 workers=1/0 active current='Converting 86414795_112 at Wed Sep  2 12:42:57 PM CDT 2026;Converting 86414790_107 at Wed Sep  2 12:52:28 PM CDT 2026;Converting 86414790_107 at Wed Sep  2 01:03:48 PM CDT 2026;' user_mem=4.26GiB(3.4%) job_mem=0.01GiB sys_used=30.8% mem_avail=86.6GiB zombies=0 batch_running=no
[2026-09-02 13:20:09] STARTING batch from checkpoint
[2026-09-02 13:20:09] Started batch pid=1242568
[2026-09-02 13:25:10] PROGRESS done=512/514 converted=42 workers=1/1 active current='Converting 86414790_107 at Wed Sep  2 12:52:28 PM CDT 2026;Converting 86414790_107 at Wed Sep  2 01:03:48 PM CDT 2026;Converting 86414790_107 at Wed Sep  2 01:20:09 PM CDT 2026;' user_mem=18.66GiB(14.9%) job_mem=13.94GiB sys_used=46.2% mem_avail=67.3GiB zombies=0 batch_running=yes
[2026-09-02 13:25:11] STOPPING batch (memory limit (user_mem=14.8%, job_mem=13.96GiB, limits=30%/12GiB))
[2026-09-02 13:25:11] Sending TERM to wvfm2h5.py pid=1252569
[2026-09-02 13:25:11] Sending TERM to batch pid=1245693
[2026-09-02 13:25:24] Batch stopped. Checkpoint saved to /exp/sbnd/app/users/munjung/anomaly-detection/logs/wvfm2h5_checkpoint_offbeamlight_tpc1.txt
[2026-09-02 13:25:24] Cooling down for 60s before resume
[2026-09-02 13:26:25] PROGRESS done=512/514 converted=42 workers=1/1 active current='Converting 86414790_107 at Wed Sep  2 12:52:28 PM CDT 2026;Converting 86414790_107 at Wed Sep  2 01:03:48 PM CDT 2026;Converting 86414790_107 at Wed Sep  2 01:20:09 PM CDT 2026;' user_mem=8.05GiB(6.4%) job_mem=3.26GiB sys_used=35.0% mem_avail=81.3GiB zombies=0 batch_running=yes
[2026-09-02 13:26:25] Batch already running; not starting another instance
[2026-09-02 13:31:27] PROGRESS done=512/514 converted=42 workers=1/0 active current='Converting 86414790_107 at Wed Sep  2 12:52:28 PM CDT 2026;Converting 86414790_107 at Wed Sep  2 01:03:48 PM CDT 2026;Converting 86414790_107 at Wed Sep  2 01:20:09 PM CDT 2026;' user_mem=4.71GiB(3.8%) job_mem=0.01GiB sys_used=35.9% mem_avail=80.2GiB zombies=0 batch_running=no
[2026-09-02 13:31:28] STARTING batch from checkpoint
[2026-09-02 13:31:28] Started batch pid=1285165
[2026-09-02 13:36:29] PROGRESS done=512/514 converted=42 workers=1/0 active current='Converting 86414790_107 at Wed Sep  2 01:20:09 PM CDT 2026;Converting 86414790_107 at Wed Sep  2 01:31:28 PM CDT 2026;Converting 86414795_112 at Wed Sep  2 01:32:01 PM CDT 2026;' user_mem=5.38GiB(4.1%) job_mem=0.01GiB sys_used=36.5% mem_avail=79.4GiB zombies=0 batch_running=no
[2026-09-02 13:36:30] STARTING batch from checkpoint
[2026-09-02 13:36:30] Started batch pid=1299248
[2026-09-02 13:41:32] PROGRESS done=512/514 converted=42 workers=1/0 active current='Converting 86414795_112 at Wed Sep  2 01:32:01 PM CDT 2026;Converting 86414790_107 at Wed Sep  2 01:36:30 PM CDT 2026;Converting 86414795_112 at Wed Sep  2 01:37:03 PM CDT 2026;' user_mem=5.08GiB(4.0%) job_mem=0.01GiB sys_used=24.6% mem_avail=94.4GiB zombies=0 batch_running=no
[2026-09-02 13:41:33] STARTING batch from checkpoint
[2026-09-02 13:41:33] Started batch pid=1310248
[2026-09-02 13:46:34] PROGRESS done=512/514 converted=42 workers=1/0 active current='Converting 86414795_112 at Wed Sep  2 01:37:03 PM CDT 2026;Converting 86414790_107 at Wed Sep  2 01:41:33 PM CDT 2026;Converting 86414795_112 at Wed Sep  2 01:42:06 PM CDT 2026;' user_mem=5.25GiB(4.3%) job_mem=0.01GiB sys_used=25.9% mem_avail=92.7GiB zombies=0 batch_running=no
[2026-09-02 13:46:35] STARTING batch from checkpoint
[2026-09-02 13:46:35] Started batch pid=1327992
[2026-09-02 13:51:37] PROGRESS done=512/514 converted=42 workers=1/0 active current='Converting 86414795_112 at Wed Sep  2 01:42:06 PM CDT 2026;Converting 86414790_107 at Wed Sep  2 01:46:35 PM CDT 2026;Converting 86414795_112 at Wed Sep  2 01:47:08 PM CDT 2026;' user_mem=5.72GiB(4.6%) job_mem=0.01GiB sys_used=34.5% mem_avail=81.9GiB zombies=0 batch_running=no
[2026-09-02 13:51:38] STARTING batch from checkpoint
[2026-09-02 13:51:38] Started batch pid=1344090
[2026-09-02 13:56:40] PROGRESS done=512/514 converted=42 workers=1/0 active current='Converting 86414795_112 at Wed Sep  2 01:47:08 PM CDT 2026;Converting 86414790_107 at Wed Sep  2 01:51:38 PM CDT 2026;Converting 86414795_112 at Wed Sep  2 01:52:11 PM CDT 2026;' user_mem=5.21GiB(4.2%) job_mem=0.01GiB sys_used=34.2% mem_avail=82.3GiB zombies=0 batch_running=no
[2026-09-02 13:56:41] STARTING batch from checkpoint
[2026-09-02 13:56:41] Started batch pid=1355153
[2026-09-02 14:01:43] PROGRESS done=512/514 converted=42 workers=1/0 active current='Converting 86414795_112 at Wed Sep  2 01:52:11 PM CDT 2026;Converting 86414790_107 at Wed Sep  2 01:56:42 PM CDT 2026;Converting 86414795_112 at Wed Sep  2 01:57:15 PM CDT 2026;' user_mem=5.30GiB(4.3%) job_mem=0.01GiB sys_used=33.7% mem_avail=82.9GiB zombies=0 batch_running=no
[2026-09-02 14:01:45] STARTING batch from checkpoint
[2026-09-02 14:01:45] Started batch pid=1367059
[2026-09-02 14:06:47] PROGRESS done=512/514 converted=42 workers=1/0 active current='Converting 86414795_112 at Wed Sep  2 01:57:15 PM CDT 2026;Converting 86414790_107 at Wed Sep  2 02:01:45 PM CDT 2026;Converting 86414795_112 at Wed Sep  2 02:02:18 PM CDT 2026;' user_mem=5.28GiB(4.2%) job_mem=0.01GiB sys_used=36.1% mem_avail=79.9GiB zombies=0 batch_running=no
[2026-09-02 14:06:48] STARTING batch from checkpoint
[2026-09-02 14:06:48] Started batch pid=1378644
[2026-09-02 14:11:51] PROGRESS done=512/514 converted=42 workers=1/0 active current='Converting 86414795_112 at Wed Sep  2 02:02:18 PM CDT 2026;Converting 86414790_107 at Wed Sep  2 02:06:49 PM CDT 2026;Converting 86414795_112 at Wed Sep  2 02:07:22 PM CDT 2026;' user_mem=5.44GiB(4.4%) job_mem=0.01GiB sys_used=40.2% mem_avail=74.9GiB zombies=0 batch_running=no
[2026-09-02 14:11:52] STARTING batch from checkpoint
[2026-09-02 14:11:52] Started batch pid=1390306
[2026-09-02 14:16:54] PROGRESS done=512/514 converted=42 workers=1/0 active current='Converting 86414795_112 at Wed Sep  2 02:07:22 PM CDT 2026;Converting 86414790_107 at Wed Sep  2 02:11:52 PM CDT 2026;Converting 86414795_112 at Wed Sep  2 02:12:26 PM CDT 2026;' user_mem=5.37GiB(4.3%) job_mem=0.01GiB sys_used=35.1% mem_avail=81.2GiB zombies=0 batch_running=no
[2026-09-02 14:16:55] STARTING batch from checkpoint
[2026-09-02 14:16:55] Started batch pid=1402153
[2026-09-02 14:21:56] PROGRESS done=512/514 converted=42 workers=1/0 active current='Converting 86414795_112 at Wed Sep  2 02:12:26 PM CDT 2026;Converting 86414790_107 at Wed Sep  2 02:16:55 PM CDT 2026;Converting 86414795_112 at Wed Sep  2 02:17:28 PM CDT 2026;' user_mem=5.95GiB(4.8%) job_mem=0.01GiB sys_used=30.8% mem_avail=86.6GiB zombies=0 batch_running=no
[2026-09-02 14:21:57] STARTING batch from checkpoint
[2026-09-02 14:21:57] Started batch pid=1413838
[2026-09-02 14:26:59] PROGRESS done=512/514 converted=42 workers=1/0 active current='Converting 86414795_112 at Wed Sep  2 02:17:28 PM CDT 2026;Converting 86414790_107 at Wed Sep  2 02:21:57 PM CDT 2026;Converting 86414795_112 at Wed Sep  2 02:22:31 PM CDT 2026;' user_mem=5.85GiB(4.8%) job_mem=0.01GiB sys_used=37.8% mem_avail=77.8GiB zombies=0 batch_running=no
[2026-09-02 14:27:00] STARTING batch from checkpoint
[2026-09-02 14:27:00] Started batch pid=1425066
[2026-09-02 14:32:02] PROGRESS done=512/514 converted=42 workers=1/0 active current='Converting 86414795_112 at Wed Sep  2 02:22:31 PM CDT 2026;Converting 86414790_107 at Wed Sep  2 02:27:00 PM CDT 2026;Converting 86414795_112 at Wed Sep  2 02:27:33 PM CDT 2026;' user_mem=5.73GiB(4.6%) job_mem=0.01GiB sys_used=38.7% mem_avail=76.7GiB zombies=0 batch_running=no
[2026-09-02 14:32:03] STARTING batch from checkpoint
[2026-09-02 14:32:03] Started batch pid=1436824
[2026-09-02 14:37:04] PROGRESS done=512/514 converted=42 workers=1/0 active current='Converting 86414795_112 at Wed Sep  2 02:27:33 PM CDT 2026;Converting 86414790_107 at Wed Sep  2 02:32:03 PM CDT 2026;Converting 86414795_112 at Wed Sep  2 02:32:36 PM CDT 2026;' user_mem=5.13GiB(4.1%) job_mem=0.01GiB sys_used=43.4% mem_avail=70.9GiB zombies=0 batch_running=no
[2026-09-02 14:37:05] STARTING batch from checkpoint
[2026-09-02 14:37:05] Started batch pid=1450589
[2026-09-02 14:42:07] PROGRESS done=512/514 converted=42 workers=1/0 active current='Converting 86414795_112 at Wed Sep  2 02:32:36 PM CDT 2026;Converting 86414790_107 at Wed Sep  2 02:37:06 PM CDT 2026;Converting 86414795_112 at Wed Sep  2 02:37:39 PM CDT 2026;' user_mem=5.43GiB(4.3%) job_mem=0.01GiB sys_used=45.1% mem_avail=68.7GiB zombies=0 batch_running=no
[2026-09-02 14:42:08] STARTING batch from checkpoint
[2026-09-02 14:42:08] Started batch pid=1463817
[2026-09-02 14:47:10] PROGRESS done=512/514 converted=42 workers=1/0 active current='Converting 86414795_112 at Wed Sep  2 02:37:39 PM CDT 2026;Converting 86414790_107 at Wed Sep  2 02:42:08 PM CDT 2026;Converting 86414795_112 at Wed Sep  2 02:42:41 PM CDT 2026;' user_mem=5.65GiB(4.5%) job_mem=0.01GiB sys_used=51.4% mem_avail=60.8GiB zombies=0 batch_running=no
[2026-09-02 14:47:11] STARTING batch from checkpoint
[2026-09-02 14:47:11] Started batch pid=1494831
[2026-09-02 14:52:13] PROGRESS done=512/514 converted=42 workers=1/0 active current='Converting 86414795_112 at Wed Sep  2 02:42:41 PM CDT 2026;Converting 86414790_107 at Wed Sep  2 02:47:11 PM CDT 2026;Converting 86414795_112 at Wed Sep  2 02:47:44 PM CDT 2026;' user_mem=5.76GiB(4.6%) job_mem=0.01GiB sys_used=51.4% mem_avail=60.8GiB zombies=0 batch_running=no
[2026-09-02 14:52:14] STARTING batch from checkpoint
[2026-09-02 14:52:14] Started batch pid=1560056
[2026-09-02 14:57:16] PROGRESS done=512/514 converted=42 workers=1/0 active current='Converting 86414795_112 at Wed Sep  2 02:47:44 PM CDT 2026;Converting 86414790_107 at Wed Sep  2 02:52:14 PM CDT 2026;Converting 86414795_112 at Wed Sep  2 02:52:47 PM CDT 2026;' user_mem=5.63GiB(4.5%) job_mem=0.01GiB sys_used=55.5% mem_avail=55.7GiB zombies=0 batch_running=no
[2026-09-02 14:57:17] STARTING batch from checkpoint
[2026-09-02 14:57:17] Started batch pid=1593086
[2026-09-02 15:02:18] PROGRESS done=512/514 converted=42 workers=1/0 active current='Converting 86414795_112 at Wed Sep  2 02:52:47 PM CDT 2026;Converting 86414790_107 at Wed Sep  2 02:57:17 PM CDT 2026;Converting 86414795_112 at Wed Sep  2 02:57:50 PM CDT 2026;' user_mem=5.75GiB(4.6%) job_mem=0.01GiB sys_used=56.1% mem_avail=54.9GiB zombies=0 batch_running=no
[2026-09-02 15:02:19] STARTING batch from checkpoint
[2026-09-02 15:02:19] Started batch pid=1657698
[2026-09-02 15:07:21] PROGRESS done=512/514 converted=42 workers=1/0 active current='Converting 86414795_112 at Wed Sep  2 02:57:50 PM CDT 2026;Converting 86414790_107 at Wed Sep  2 03:02:20 PM CDT 2026;Converting 86414795_112 at Wed Sep  2 03:02:53 PM CDT 2026;' user_mem=5.56GiB(4.5%) job_mem=0.01GiB sys_used=52.3% mem_avail=59.7GiB zombies=0 batch_running=no
[2026-09-02 15:07:22] STARTING batch from checkpoint
[2026-09-02 15:07:22] Started batch pid=1683746
[2026-09-02 15:12:24] PROGRESS done=512/514 converted=42 workers=1/0 active current='Converting 86414795_112 at Wed Sep  2 03:02:53 PM CDT 2026;Converting 86414790_107 at Wed Sep  2 03:07:22 PM CDT 2026;Converting 86414795_112 at Wed Sep  2 03:07:55 PM CDT 2026;' user_mem=5.51GiB(4.4%) job_mem=0.01GiB sys_used=36.7% mem_avail=79.3GiB zombies=0 batch_running=no
[2026-09-02 15:12:25] STARTING batch from checkpoint
[2026-09-02 15:12:25] Started batch pid=1726040
[2026-09-02 15:17:27] PROGRESS done=512/514 converted=42 workers=1/0 active current='Converting 86414795_112 at Wed Sep  2 03:07:55 PM CDT 2026;Converting 86414790_107 at Wed Sep  2 03:12:25 PM CDT 2026;Converting 86414795_112 at Wed Sep  2 03:12:58 PM CDT 2026;' user_mem=5.57GiB(4.5%) job_mem=0.01GiB sys_used=19.1% mem_avail=101.2GiB zombies=0 batch_running=no
[2026-09-02 15:17:28] STARTING batch from checkpoint
[2026-09-02 15:17:28] Started batch pid=1758018
[2026-09-02 15:22:30] PROGRESS done=512/514 converted=42 workers=1/0 active current='Converting 86414795_112 at Wed Sep  2 03:12:58 PM CDT 2026;Converting 86414790_107 at Wed Sep  2 03:17:28 PM CDT 2026;Converting 86414795_112 at Wed Sep  2 03:18:02 PM CDT 2026;' user_mem=5.71GiB(4.4%) job_mem=0.01GiB sys_used=15.7% mem_avail=105.5GiB zombies=0 batch_running=no
[2026-09-02 15:22:32] STARTING batch from checkpoint
[2026-09-02 15:22:32] Started batch pid=1770441
[2026-09-02 15:27:34] PROGRESS done=512/514 converted=42 workers=1/0 active current='Converting 86414795_112 at Wed Sep  2 03:18:02 PM CDT 2026;Converting 86414790_107 at Wed Sep  2 03:22:32 PM CDT 2026;Converting 86414795_112 at Wed Sep  2 03:23:05 PM CDT 2026;' user_mem=5.75GiB(4.6%) job_mem=0.01GiB sys_used=17.1% mem_avail=103.7GiB zombies=0 batch_running=no
[2026-09-02 15:27:35] STARTING batch from checkpoint
[2026-09-02 15:27:35] Started batch pid=1781803
[2026-09-02 15:32:37] PROGRESS done=512/514 converted=42 workers=1/0 active current='Converting 86414795_112 at Wed Sep  2 03:23:05 PM CDT 2026;Converting 86414790_107 at Wed Sep  2 03:27:35 PM CDT 2026;Converting 86414795_112 at Wed Sep  2 03:28:08 PM CDT 2026;' user_mem=5.66GiB(4.6%) job_mem=0.01GiB sys_used=21.7% mem_avail=97.9GiB zombies=0 batch_running=no
[2026-09-02 15:32:38] STARTING batch from checkpoint
[2026-09-02 15:32:38] Started batch pid=1794631
[2026-09-02 15:37:40] PROGRESS done=512/514 converted=42 workers=1/0 active current='Converting 86414795_112 at Wed Sep  2 03:28:08 PM CDT 2026;Converting 86414790_107 at Wed Sep  2 03:32:39 PM CDT 2026;Converting 86414795_112 at Wed Sep  2 03:33:12 PM CDT 2026;' user_mem=5.79GiB(4.6%) job_mem=0.01GiB sys_used=12.5% mem_avail=109.5GiB zombies=0 batch_running=no
[2026-09-02 15:37:41] STARTING batch from checkpoint
[2026-09-02 15:37:41] Started batch pid=1807011
[2026-09-02 15:42:43] PROGRESS done=512/514 converted=42 workers=1/0 active current='Converting 86414795_112 at Wed Sep  2 03:33:12 PM CDT 2026;Converting 86414790_107 at Wed Sep  2 03:37:41 PM CDT 2026;Converting 86414795_112 at Wed Sep  2 03:38:14 PM CDT 2026;' user_mem=5.57GiB(4.5%) job_mem=0.01GiB sys_used=12.7% mem_avail=109.2GiB zombies=0 batch_running=no
[2026-09-02 15:42:44] STARTING batch from checkpoint
[2026-09-02 15:42:44] Started batch pid=1818904
[2026-09-02 15:47:45] PROGRESS done=512/514 converted=42 workers=1/0 active current='Converting 86414795_112 at Wed Sep  2 03:38:14 PM CDT 2026;Converting 86414790_107 at Wed Sep  2 03:42:44 PM CDT 2026;Converting 86414795_112 at Wed Sep  2 03:43:17 PM CDT 2026;' user_mem=5.68GiB(4.5%) job_mem=0.01GiB sys_used=16.5% mem_avail=104.5GiB zombies=0 batch_running=no
[2026-09-02 15:47:46] STARTING batch from checkpoint
[2026-09-02 15:47:46] Started batch pid=1830117
[2026-09-02 15:52:48] PROGRESS done=512/514 converted=42 workers=1/0 active current='Converting 86414795_112 at Wed Sep  2 03:43:17 PM CDT 2026;Converting 86414790_107 at Wed Sep  2 03:47:46 PM CDT 2026;Converting 86414795_112 at Wed Sep  2 03:48:19 PM CDT 2026;' user_mem=5.66GiB(4.6%) job_mem=0.01GiB sys_used=19.5% mem_avail=100.7GiB zombies=0 batch_running=no
[2026-09-02 15:52:49] STARTING batch from checkpoint
[2026-09-02 15:52:49] Started batch pid=1842065
[2026-09-02 15:57:50] PROGRESS done=512/514 converted=42 workers=1/0 active current='Converting 86414795_112 at Wed Sep  2 03:48:19 PM CDT 2026;Converting 86414790_107 at Wed Sep  2 03:52:49 PM CDT 2026;Converting 86414795_112 at Wed Sep  2 03:53:22 PM CDT 2026;' user_mem=5.73GiB(4.6%) job_mem=0.01GiB sys_used=18.5% mem_avail=102.0GiB zombies=0 batch_running=no
[2026-09-02 15:57:51] STARTING batch from checkpoint
[2026-09-02 15:57:51] Started batch pid=1853272
[2026-09-02 16:02:53] PROGRESS done=512/514 converted=42 workers=1/0 active current='Converting 86414795_112 at Wed Sep  2 03:53:22 PM CDT 2026;Converting 86414790_107 at Wed Sep  2 03:57:51 PM CDT 2026;Converting 86414795_112 at Wed Sep  2 03:58:24 PM CDT 2026;' user_mem=5.91GiB(4.7%) job_mem=0.01GiB sys_used=18.8% mem_avail=101.6GiB zombies=0 batch_running=no
[2026-09-02 16:02:54] STARTING batch from checkpoint
[2026-09-02 16:02:54] Started batch pid=1867145
[2026-09-02 16:07:55] PROGRESS done=512/514 converted=42 workers=1/0 active current='Converting 86414795_112 at Wed Sep  2 03:58:24 PM CDT 2026;Converting 86414790_107 at Wed Sep  2 04:02:54 PM CDT 2026;Converting 86414795_112 at Wed Sep  2 04:03:27 PM CDT 2026;' user_mem=5.71GiB(4.6%) job_mem=0.01GiB sys_used=13.2% mem_avail=108.6GiB zombies=0 batch_running=no
[2026-09-02 16:07:57] STARTING batch from checkpoint
[2026-09-02 16:07:57] Started batch pid=1881489
[2026-09-02 16:12:58] PROGRESS done=512/514 converted=42 workers=1/0 active current='Converting 86414795_112 at Wed Sep  2 04:03:27 PM CDT 2026;Converting 86414790_107 at Wed Sep  2 04:07:57 PM CDT 2026;Converting 86414795_112 at Wed Sep  2 04:08:30 PM CDT 2026;' user_mem=7.20GiB(5.8%) job_mem=0.01GiB sys_used=13.6% mem_avail=108.1GiB zombies=0 batch_running=no
[2026-09-02 16:12:59] STARTING batch from checkpoint
[2026-09-02 16:12:59] Started batch pid=1896893
[2026-09-02 16:18:01] PROGRESS done=512/514 converted=42 workers=1/0 active current='Converting 86414795_112 at Wed Sep  2 04:08:30 PM CDT 2026;Converting 86414790_107 at Wed Sep  2 04:12:59 PM CDT 2026;Converting 86414795_112 at Wed Sep  2 04:13:32 PM CDT 2026;' user_mem=7.23GiB(5.8%) job_mem=0.01GiB sys_used=15.4% mem_avail=105.9GiB zombies=0 batch_running=yes
[2026-09-02 16:23:03] PROGRESS done=512/514 converted=42 workers=1/2 active current='Converting 86414795_112 at Wed Sep  2 04:08:30 PM CDT 2026;Converting 86414790_107 at Wed Sep  2 04:12:59 PM CDT 2026;Converting 86414795_112 at Wed Sep  2 04:13:32 PM CDT 2026;' user_mem=16.88GiB(13.5%) job_mem=9.51GiB sys_used=21.6% mem_avail=98.2GiB zombies=0 batch_running=yes
[2026-09-02 16:23:04] STARTING batch from checkpoint
[2026-09-02 16:23:04] Started batch pid=1929289
[2026-09-02 16:28:05] PROGRESS done=512/514 converted=42 workers=1/1 active current='Converting 86414790_107 at Wed Sep  2 04:12:59 PM CDT 2026;Converting 86414795_112 at Wed Sep  2 04:13:32 PM CDT 2026;Converting 86414790_107 at Wed Sep  2 04:23:04 PM CDT 2026;' user_mem=12.92GiB(10.3%) job_mem=5.86GiB sys_used=18.7% mem_avail=101.7GiB zombies=0 batch_running=yes
[2026-09-02 16:33:07] PROGRESS done=512/514 converted=42 workers=1/1 active current='Converting 86414790_107 at Wed Sep  2 04:12:59 PM CDT 2026;Converting 86414795_112 at Wed Sep  2 04:13:32 PM CDT 2026;Converting 86414790_107 at Wed Sep  2 04:23:04 PM CDT 2026;' user_mem=20.86GiB(16.6%) job_mem=13.66GiB sys_used=23.3% mem_avail=95.9GiB zombies=0 batch_running=yes
[2026-09-02 16:33:08] STOPPING batch (memory limit (user_mem=16.9%, job_mem=13.74GiB, limits=30%/12GiB))
[2026-09-02 16:33:08] Sending TERM to wvfm2h5.py pid=1940648
[2026-09-02 16:33:08] Sending TERM to batch pid=1932763
[2026-09-02 16:33:21] Batch stopped. Checkpoint saved to /exp/sbnd/app/users/munjung/anomaly-detection/logs/wvfm2h5_checkpoint_offbeamlight_tpc1.txt
[2026-09-02 16:33:21] Cooling down for 60s before resume
[2026-09-02 16:34:22] PROGRESS done=512/514 converted=42 workers=1/1 active current='Converting 86414790_107 at Wed Sep  2 04:12:59 PM CDT 2026;Converting 86414795_112 at Wed Sep  2 04:13:32 PM CDT 2026;Converting 86414790_107 at Wed Sep  2 04:23:04 PM CDT 2026;' user_mem=7.78GiB(6.2%) job_mem=0.54GiB sys_used=13.1% mem_avail=108.7GiB zombies=0 batch_running=yes
[2026-09-02 16:34:22] Batch already running; not starting another instance
[2026-09-02 16:39:24] PROGRESS done=512/514 converted=42 workers=1/1 active current='Converting 86414790_107 at Wed Sep  2 04:12:59 PM CDT 2026;Converting 86414795_112 at Wed Sep  2 04:13:32 PM CDT 2026;Converting 86414790_107 at Wed Sep  2 04:23:04 PM CDT 2026;' user_mem=20.03GiB(16.0%) job_mem=12.79GiB sys_used=25.0% mem_avail=93.8GiB zombies=0 batch_running=yes
[2026-09-02 16:39:24] STOPPING batch (memory limit (user_mem=16.2%, job_mem=13.12GiB, limits=30%/12GiB))
[2026-09-02 16:39:25] Sending TERM to wvfm2h5.py pid=1966184
[2026-09-02 16:39:25] Sending TERM to batch pid=1957361
[2026-09-02 16:39:37] Batch stopped. Checkpoint saved to /exp/sbnd/app/users/munjung/anomaly-detection/logs/wvfm2h5_checkpoint_offbeamlight_tpc1.txt
[2026-09-02 16:39:37] Cooling down for 60s before resume
[2026-09-02 16:40:38] PROGRESS done=512/514 converted=42 workers=1/0 active current='Converting 86414790_107 at Wed Sep  2 04:12:59 PM CDT 2026;Converting 86414795_112 at Wed Sep  2 04:13:32 PM CDT 2026;Converting 86414790_107 at Wed Sep  2 04:23:04 PM CDT 2026;' user_mem=7.22GiB(5.8%) job_mem=0.01GiB sys_used=14.6% mem_avail=106.8GiB zombies=0 batch_running=no
[2026-09-02 16:40:39] STARTING batch from checkpoint
[2026-09-02 16:40:39] Started batch pid=1973128
[2026-09-02 16:45:40] PROGRESS done=512/514 converted=42 workers=1/0 active current='Converting 86414790_107 at Wed Sep  2 04:23:04 PM CDT 2026;Converting 86414790_107 at Wed Sep  2 04:40:39 PM CDT 2026;Converting 86414795_112 at Wed Sep  2 04:41:12 PM CDT 2026;' user_mem=7.15GiB(5.7%) job_mem=0.02GiB sys_used=13.1% mem_avail=108.7GiB zombies=0 batch_running=yes
[2026-09-02 16:50:42] PROGRESS done=512/514 converted=42 workers=1/1 active current='Converting 86414790_107 at Wed Sep  2 04:23:04 PM CDT 2026;Converting 86414790_107 at Wed Sep  2 04:40:39 PM CDT 2026;Converting 86414795_112 at Wed Sep  2 04:41:12 PM CDT 2026;' user_mem=15.07GiB(12.0%) job_mem=7.88GiB sys_used=18.6% mem_avail=101.9GiB zombies=0 batch_running=yes
[2026-09-02 16:55:44] PROGRESS done=512/514 converted=42 workers=1/1 active current='Converting 86414790_107 at Wed Sep  2 04:23:04 PM CDT 2026;Converting 86414790_107 at Wed Sep  2 04:40:39 PM CDT 2026;Converting 86414795_112 at Wed Sep  2 04:41:12 PM CDT 2026;' user_mem=16.65GiB(13.3%) job_mem=9.64GiB sys_used=20.0% mem_avail=100.1GiB zombies=0 batch_running=yes
[2026-09-02 17:00:46] PROGRESS done=512/514 converted=42 workers=1/0 active current='Converting 86414790_107 at Wed Sep  2 04:23:04 PM CDT 2026;Converting 86414790_107 at Wed Sep  2 04:40:39 PM CDT 2026;Converting 86414795_112 at Wed Sep  2 04:41:12 PM CDT 2026;' user_mem=7.46GiB(6.0%) job_mem=0.02GiB sys_used=12.0% mem_avail=110.1GiB zombies=0 batch_running=yes
[2026-09-02 17:05:48] PROGRESS done=512/514 converted=42 workers=1/0 active current='Converting 86414790_107 at Wed Sep  2 04:23:04 PM CDT 2026;Converting 86414790_107 at Wed Sep  2 04:40:39 PM CDT 2026;Converting 86414795_112 at Wed Sep  2 04:41:12 PM CDT 2026;' user_mem=7.82GiB(6.4%) job_mem=0.02GiB sys_used=15.5% mem_avail=105.7GiB zombies=0 batch_running=yes
[2026-09-02 17:10:50] PROGRESS done=512/514 converted=42 workers=1/1 active current='Converting 86414790_107 at Wed Sep  2 04:23:04 PM CDT 2026;Converting 86414790_107 at Wed Sep  2 04:40:39 PM CDT 2026;Converting 86414795_112 at Wed Sep  2 04:41:12 PM CDT 2026;' user_mem=12.56GiB(10.0%) job_mem=4.42GiB sys_used=19.2% mem_avail=101.1GiB zombies=0 batch_running=yes
[2026-09-02 17:15:52] PROGRESS done=512/514 converted=42 workers=1/1 active current='Converting 86414790_107 at Wed Sep  2 04:23:04 PM CDT 2026;Converting 86414790_107 at Wed Sep  2 04:40:39 PM CDT 2026;Converting 86414795_112 at Wed Sep  2 04:41:12 PM CDT 2026;' user_mem=22.32GiB(17.7%) job_mem=13.19GiB sys_used=25.3% mem_avail=93.5GiB zombies=0 batch_running=yes
[2026-09-02 17:15:52] STOPPING batch (memory limit (user_mem=18.0%, job_mem=13.52GiB, limits=30%/12GiB))
[2026-09-02 17:15:53] Sending TERM to wvfm2h5.py pid=2050293
[2026-09-02 17:15:53] Sending TERM to batch pid=2043690
[2026-09-02 17:16:05] Batch stopped. Checkpoint saved to /exp/sbnd/app/users/munjung/anomaly-detection/logs/wvfm2h5_checkpoint_offbeamlight_tpc1.txt
[2026-09-02 17:16:05] Cooling down for 60s before resume
[2026-09-02 17:17:06] PROGRESS done=512/514 converted=42 workers=1/0 active current='Converting 86414790_107 at Wed Sep  2 04:23:04 PM CDT 2026;Converting 86414790_107 at Wed Sep  2 04:40:39 PM CDT 2026;Converting 86414795_112 at Wed Sep  2 04:41:12 PM CDT 2026;' user_mem=8.91GiB(7.1%) job_mem=0.01GiB sys_used=14.1% mem_avail=107.5GiB zombies=0 batch_running=no
[2026-09-02 17:17:07] STARTING batch from checkpoint
[2026-09-02 17:17:07] Started batch pid=2058359
[2026-09-02 17:22:08] PROGRESS done=512/514 converted=42 workers=1/0 active current='Converting 86414795_112 at Wed Sep  2 04:41:12 PM CDT 2026;Converting 86414790_107 at Wed Sep  2 05:17:07 PM CDT 2026;Converting 86414795_112 at Wed Sep  2 05:17:40 PM CDT 2026;' user_mem=9.14GiB(7.3%) job_mem=0.02GiB sys_used=13.1% mem_avail=108.7GiB zombies=0 batch_running=yes
[2026-09-02 17:27:10] PROGRESS done=512/514 converted=42 workers=1/1 active current='Converting 86414795_112 at Wed Sep  2 04:41:12 PM CDT 2026;Converting 86414790_107 at Wed Sep  2 05:17:07 PM CDT 2026;Converting 86414795_112 at Wed Sep  2 05:17:40 PM CDT 2026;' user_mem=16.74GiB(13.4%) job_mem=6.21GiB sys_used=23.1% mem_avail=96.2GiB zombies=0 batch_running=yes
[2026-09-02 17:32:12] PROGRESS done=512/514 converted=42 workers=1/1 active current='Converting 86414795_112 at Wed Sep  2 04:41:12 PM CDT 2026;Converting 86414790_107 at Wed Sep  2 05:17:07 PM CDT 2026;Converting 86414795_112 at Wed Sep  2 05:17:40 PM CDT 2026;' user_mem=24.34GiB(19.5%) job_mem=14.30GiB sys_used=26.5% mem_avail=92.1GiB zombies=0 batch_running=yes
[2026-09-02 17:32:13] STOPPING batch (memory limit (user_mem=19.4%, job_mem=14.55GiB, limits=30%/12GiB))
[2026-09-02 17:32:13] Sending TERM to wvfm2h5.py pid=2089185
[2026-09-02 17:32:13] Sending TERM to batch pid=2082218
[2026-09-02 17:32:25] Batch stopped. Checkpoint saved to /exp/sbnd/app/users/munjung/anomaly-detection/logs/wvfm2h5_checkpoint_offbeamlight_tpc1.txt
[2026-09-02 17:32:25] Cooling down for 60s before resume
[2026-09-02 17:33:27] PROGRESS done=512/514 converted=42 workers=1/0 active current='Converting 86414795_112 at Wed Sep  2 04:41:12 PM CDT 2026;Converting 86414790_107 at Wed Sep  2 05:17:07 PM CDT 2026;Converting 86414795_112 at Wed Sep  2 05:17:40 PM CDT 2026;' user_mem=9.78GiB(7.9%) job_mem=0.01GiB sys_used=15.0% mem_avail=106.3GiB zombies=0 batch_running=no
[2026-09-02 17:33:27] STARTING batch from checkpoint
[2026-09-02 17:33:27] Started batch pid=2099192
[2026-09-02 17:38:29] PROGRESS done=512/514 converted=42 workers=1/1 active current='Converting 86414795_112 at Wed Sep  2 05:17:40 PM CDT 2026;Converting 86414790_107 at Wed Sep  2 05:33:28 PM CDT 2026;Converting 86414795_112 at Wed Sep  2 05:34:00 PM CDT 2026;' user_mem=11.83GiB(9.5%) job_mem=1.63GiB sys_used=15.2% mem_avail=106.1GiB zombies=0 batch_running=yes
[2026-09-02 17:43:31] PROGRESS done=512/514 converted=42 workers=1/1 active current='Converting 86414795_112 at Wed Sep  2 05:17:40 PM CDT 2026;Converting 86414790_107 at Wed Sep  2 05:33:28 PM CDT 2026;Converting 86414795_112 at Wed Sep  2 05:34:00 PM CDT 2026;' user_mem=18.14GiB(14.5%) job_mem=7.90GiB sys_used=22.9% mem_avail=96.5GiB zombies=0 batch_running=yes
[2026-09-02 17:48:33] PROGRESS done=512/514 converted=42 workers=1/1 active current='Converting 86414795_112 at Wed Sep  2 05:17:40 PM CDT 2026;Converting 86414790_107 at Wed Sep  2 05:33:28 PM CDT 2026;Converting 86414795_112 at Wed Sep  2 05:34:00 PM CDT 2026;' user_mem=18.56GiB(14.9%) job_mem=8.06GiB sys_used=24.4% mem_avail=94.6GiB zombies=0 batch_running=yes
[2026-09-02 17:53:35] PROGRESS done=512/514 converted=42 workers=1/0 active current='Converting 86414795_112 at Wed Sep  2 05:17:40 PM CDT 2026;Converting 86414790_107 at Wed Sep  2 05:33:28 PM CDT 2026;Converting 86414795_112 at Wed Sep  2 05:34:00 PM CDT 2026;' user_mem=10.74GiB(8.8%) job_mem=0.01GiB sys_used=17.2% mem_avail=103.6GiB zombies=0 batch_running=no
[2026-09-02 17:53:36] STARTING batch from checkpoint
[2026-09-02 17:53:36] Started batch pid=2155945
[2026-09-02 17:58:37] PROGRESS done=512/514 converted=42 workers=1/0 active current='Converting 86414795_112 at Wed Sep  2 05:34:00 PM CDT 2026;Converting 86414790_107 at Wed Sep  2 05:53:36 PM CDT 2026;Converting 86414795_112 at Wed Sep  2 05:54:09 PM CDT 2026;' user_mem=10.83GiB(8.6%) job_mem=0.01GiB sys_used=16.4% mem_avail=104.7GiB zombies=0 batch_running=no
[2026-09-02 17:58:38] STARTING batch from checkpoint
[2026-09-02 17:58:38] Started batch pid=2168539
[2026-09-02 18:03:40] PROGRESS done=512/514 converted=42 workers=1/0 active current='Converting 86414795_112 at Wed Sep  2 05:54:09 PM CDT 2026;Converting 86414790_107 at Wed Sep  2 05:58:38 PM CDT 2026;Converting 86414795_112 at Wed Sep  2 05:59:11 PM CDT 2026;' user_mem=10.80GiB(8.6%) job_mem=0.01GiB sys_used=15.6% mem_avail=105.6GiB zombies=0 batch_running=no
[2026-09-02 18:03:41] STARTING batch from checkpoint
[2026-09-02 18:03:41] Started batch pid=2182176
[2026-09-02 18:08:42] PROGRESS done=512/514 converted=42 workers=1/0 active current='Converting 86414795_112 at Wed Sep  2 05:59:11 PM CDT 2026;Converting 86414790_107 at Wed Sep  2 06:03:41 PM CDT 2026;Converting 86414795_112 at Wed Sep  2 06:04:14 PM CDT 2026;' user_mem=10.63GiB(8.5%) job_mem=0.01GiB sys_used=15.3% mem_avail=106.0GiB zombies=0 batch_running=no
[2026-09-02 18:08:43] STARTING batch from checkpoint
[2026-09-02 18:08:43] Started batch pid=2197642
[2026-09-02 18:13:45] PROGRESS done=512/514 converted=42 workers=1/0 active current='Converting 86414795_112 at Wed Sep  2 06:04:14 PM CDT 2026;Converting 86414790_107 at Wed Sep  2 06:08:43 PM CDT 2026;Converting 86414795_112 at Wed Sep  2 06:09:16 PM CDT 2026;' user_mem=10.63GiB(8.7%) job_mem=0.01GiB sys_used=15.0% mem_avail=106.3GiB zombies=0 batch_running=no
[2026-09-02 18:13:46] STARTING batch from checkpoint
[2026-09-02 18:13:46] Started batch pid=2210740
[2026-09-02 18:18:47] PROGRESS done=512/514 converted=42 workers=1/0 active current='Converting 86414795_112 at Wed Sep  2 06:09:16 PM CDT 2026;Converting 86414790_107 at Wed Sep  2 06:13:46 PM CDT 2026;Converting 86414795_112 at Wed Sep  2 06:14:19 PM CDT 2026;' user_mem=11.11GiB(8.8%) job_mem=0.01GiB sys_used=18.7% mem_avail=101.8GiB zombies=0 batch_running=no
[2026-09-02 18:18:48] STARTING batch from checkpoint
[2026-09-02 18:18:48] Started batch pid=2223644
[2026-09-02 18:23:50] PROGRESS done=512/514 converted=42 workers=1/0 active current='Converting 86414795_112 at Wed Sep  2 06:14:19 PM CDT 2026;Converting 86414790_107 at Wed Sep  2 06:18:49 PM CDT 2026;Converting 86414795_112 at Wed Sep  2 06:19:21 PM CDT 2026;' user_mem=10.77GiB(8.6%) job_mem=0.01GiB sys_used=17.7% mem_avail=103.0GiB zombies=0 batch_running=no
[2026-09-02 18:23:51] STARTING batch from checkpoint
[2026-09-02 18:23:51] Started batch pid=2237390
[2026-09-02 18:28:53] PROGRESS done=512/514 converted=42 workers=1/0 active current='Converting 86414795_112 at Wed Sep  2 06:19:21 PM CDT 2026;Converting 86414790_107 at Wed Sep  2 06:23:51 PM CDT 2026;Converting 86414795_112 at Wed Sep  2 06:24:24 PM CDT 2026;' user_mem=10.73GiB(8.7%) job_mem=0.01GiB sys_used=17.6% mem_avail=103.2GiB zombies=0 batch_running=no
[2026-09-02 18:28:54] STARTING batch from checkpoint
[2026-09-02 18:28:54] Started batch pid=2251751
[2026-09-02 18:33:55] PROGRESS done=512/514 converted=42 workers=1/0 active current='Converting 86414795_112 at Wed Sep  2 06:24:24 PM CDT 2026;Converting 86414790_107 at Wed Sep  2 06:28:54 PM CDT 2026;Converting 86414795_112 at Wed Sep  2 06:29:27 PM CDT 2026;' user_mem=10.87GiB(8.6%) job_mem=0.01GiB sys_used=16.5% mem_avail=104.5GiB zombies=0 batch_running=no
[2026-09-02 18:33:56] STARTING batch from checkpoint
[2026-09-02 18:33:56] Started batch pid=2264820
[2026-09-02 18:38:58] PROGRESS done=512/514 converted=42 workers=1/0 active current='Converting 86414795_112 at Wed Sep  2 06:29:27 PM CDT 2026;Converting 86414790_107 at Wed Sep  2 06:33:56 PM CDT 2026;Converting 86414795_112 at Wed Sep  2 06:34:29 PM CDT 2026;' user_mem=10.91GiB(8.7%) job_mem=0.01GiB sys_used=16.1% mem_avail=105.0GiB zombies=0 batch_running=no
[2026-09-02 18:38:59] STARTING batch from checkpoint
[2026-09-02 18:38:59] Started batch pid=2277271
[2026-09-02 18:44:00] PROGRESS done=512/514 converted=42 workers=1/0 active current='Converting 86414795_112 at Wed Sep  2 06:34:29 PM CDT 2026;Converting 86414790_107 at Wed Sep  2 06:38:59 PM CDT 2026;Converting 86414795_112 at Wed Sep  2 06:39:32 PM CDT 2026;' user_mem=10.65GiB(8.6%) job_mem=0.01GiB sys_used=16.4% mem_avail=104.6GiB zombies=0 batch_running=no
[2026-09-02 18:44:01] STARTING batch from checkpoint
[2026-09-02 18:44:01] Started batch pid=2290725
[2026-09-02 18:49:03] PROGRESS done=512/514 converted=42 workers=1/0 active current='Converting 86414795_112 at Wed Sep  2 06:39:32 PM CDT 2026;Converting 86414790_107 at Wed Sep  2 06:44:01 PM CDT 2026;Converting 86414795_112 at Wed Sep  2 06:44:34 PM CDT 2026;' user_mem=10.69GiB(8.6%) job_mem=0.01GiB sys_used=15.0% mem_avail=106.4GiB zombies=0 batch_running=no
[2026-09-02 18:49:04] STARTING batch from checkpoint
[2026-09-02 18:49:04] Started batch pid=2303001
[2026-09-02 18:54:05] PROGRESS done=512/514 converted=42 workers=1/0 active current='Converting 86414795_112 at Wed Sep  2 06:44:34 PM CDT 2026;Converting 86414790_107 at Wed Sep  2 06:49:04 PM CDT 2026;Converting 86414795_112 at Wed Sep  2 06:49:37 PM CDT 2026;' user_mem=10.81GiB(8.8%) job_mem=0.01GiB sys_used=14.5% mem_avail=106.9GiB zombies=0 batch_running=no
[2026-09-02 18:54:06] STARTING batch from checkpoint
[2026-09-02 18:54:06] Started batch pid=2316873
[2026-09-02 18:59:08] PROGRESS done=512/514 converted=42 workers=1/0 active current='Converting 86414795_112 at Wed Sep  2 06:49:37 PM CDT 2026;Converting 86414790_107 at Wed Sep  2 06:54:06 PM CDT 2026;Converting 86414795_112 at Wed Sep  2 06:54:39 PM CDT 2026;' user_mem=10.86GiB(8.8%) job_mem=0.01GiB sys_used=18.1% mem_avail=102.5GiB zombies=0 batch_running=no
[2026-09-02 18:59:09] STARTING batch from checkpoint
[2026-09-02 18:59:09] Started batch pid=2329168
[2026-09-02 19:04:10] PROGRESS done=512/514 converted=42 workers=1/0 active current='Converting 86414795_112 at Wed Sep  2 06:54:39 PM CDT 2026;Converting 86414790_107 at Wed Sep  2 06:59:09 PM CDT 2026;Converting 86414795_112 at Wed Sep  2 06:59:42 PM CDT 2026;' user_mem=10.74GiB(8.6%) job_mem=0.01GiB sys_used=16.5% mem_avail=104.5GiB zombies=0 batch_running=no
[2026-09-02 19:04:11] STARTING batch from checkpoint
[2026-09-02 19:04:11] Started batch pid=2342296
[2026-09-02 19:09:13] PROGRESS done=512/514 converted=42 workers=1/0 active current='Converting 86414795_112 at Wed Sep  2 06:59:42 PM CDT 2026;Converting 86414790_107 at Wed Sep  2 07:04:11 PM CDT 2026;Converting 86414795_112 at Wed Sep  2 07:04:44 PM CDT 2026;' user_mem=11.23GiB(9.0%) job_mem=0.01GiB sys_used=15.5% mem_avail=105.7GiB zombies=0 batch_running=no
[2026-09-02 19:09:14] STARTING batch from checkpoint
[2026-09-02 19:09:14] Started batch pid=2356801
[2026-09-02 19:14:15] PROGRESS done=512/514 converted=42 workers=1/0 active current='Converting 86414795_112 at Wed Sep  2 07:04:44 PM CDT 2026;Converting 86414790_107 at Wed Sep  2 07:09:14 PM CDT 2026;Converting 86414795_112 at Wed Sep  2 07:09:47 PM CDT 2026;' user_mem=10.93GiB(8.8%) job_mem=0.01GiB sys_used=17.8% mem_avail=102.8GiB zombies=0 batch_running=no
[2026-09-02 19:14:16] STARTING batch from checkpoint
[2026-09-02 19:14:16] Started batch pid=2368447
[2026-09-02 19:19:18] PROGRESS done=512/514 converted=42 workers=1/0 active current='Converting 86414795_112 at Wed Sep  2 07:09:47 PM CDT 2026;Converting 86414790_107 at Wed Sep  2 07:14:17 PM CDT 2026;Converting 86414795_112 at Wed Sep  2 07:14:49 PM CDT 2026;' user_mem=11.13GiB(8.9%) job_mem=0.01GiB sys_used=16.7% mem_avail=104.3GiB zombies=0 batch_running=no
[2026-09-02 19:19:19] STARTING batch from checkpoint
[2026-09-02 19:19:19] Started batch pid=2380424
[2026-09-02 19:24:20] PROGRESS done=512/514 converted=42 workers=1/0 active current='Converting 86414795_112 at Wed Sep  2 07:14:49 PM CDT 2026;Converting 86414790_107 at Wed Sep  2 07:19:19 PM CDT 2026;Converting 86414795_112 at Wed Sep  2 07:19:52 PM CDT 2026;' user_mem=10.80GiB(8.6%) job_mem=0.01GiB sys_used=15.3% mem_avail=106.0GiB zombies=0 batch_running=no
[2026-09-02 19:24:21] STARTING batch from checkpoint
[2026-09-02 19:24:21] Started batch pid=2393489
[2026-09-02 19:29:23] PROGRESS done=512/514 converted=42 workers=1/0 active current='Converting 86414795_112 at Wed Sep  2 07:19:52 PM CDT 2026;Converting 86414790_107 at Wed Sep  2 07:24:21 PM CDT 2026;Converting 86414795_112 at Wed Sep  2 07:24:54 PM CDT 2026;' user_mem=10.85GiB(8.7%) job_mem=0.01GiB sys_used=14.1% mem_avail=107.5GiB zombies=0 batch_running=no
[2026-09-02 19:29:24] STARTING batch from checkpoint
[2026-09-02 19:29:24] Started batch pid=2402792
[2026-09-02 19:34:25] PROGRESS done=512/514 converted=42 workers=1/0 active current='Converting 86414795_112 at Wed Sep  2 07:24:54 PM CDT 2026;Converting 86414790_107 at Wed Sep  2 07:29:24 PM CDT 2026;Converting 86414795_112 at Wed Sep  2 07:29:57 PM CDT 2026;' user_mem=10.99GiB(8.7%) job_mem=0.01GiB sys_used=16.5% mem_avail=104.5GiB zombies=0 batch_running=no
[2026-09-02 19:34:26] STARTING batch from checkpoint
[2026-09-02 19:34:26] Started batch pid=2413709
[2026-09-02 19:39:28] PROGRESS done=512/514 converted=42 workers=1/0 active current='Converting 86414795_112 at Wed Sep  2 07:29:57 PM CDT 2026;Converting 86414790_107 at Wed Sep  2 07:34:26 PM CDT 2026;Converting 86414795_112 at Wed Sep  2 07:34:59 PM CDT 2026;' user_mem=10.81GiB(8.6%) job_mem=0.01GiB sys_used=16.1% mem_avail=105.0GiB zombies=0 batch_running=no
[2026-09-02 19:39:29] STARTING batch from checkpoint
[2026-09-02 19:39:29] Started batch pid=2424580
[2026-09-02 19:44:30] PROGRESS done=512/514 converted=42 workers=1/0 active current='Converting 86414795_112 at Wed Sep  2 07:34:59 PM CDT 2026;Converting 86414790_107 at Wed Sep  2 07:39:29 PM CDT 2026;Converting 86414795_112 at Wed Sep  2 07:40:02 PM CDT 2026;' user_mem=11.14GiB(8.9%) job_mem=0.01GiB sys_used=14.1% mem_avail=107.5GiB zombies=0 batch_running=no
[2026-09-02 19:44:31] STARTING batch from checkpoint
[2026-09-02 19:44:31] Started batch pid=2434158
[2026-09-02 19:49:33] PROGRESS done=512/514 converted=42 workers=1/0 active current='Converting 86414795_112 at Wed Sep  2 07:40:02 PM CDT 2026;Converting 86414790_107 at Wed Sep  2 07:44:31 PM CDT 2026;Converting 86414795_112 at Wed Sep  2 07:45:04 PM CDT 2026;' user_mem=10.70GiB(8.6%) job_mem=0.01GiB sys_used=16.4% mem_avail=104.6GiB zombies=0 batch_running=no
[2026-09-02 19:49:34] STARTING batch from checkpoint
[2026-09-02 19:49:34] Started batch pid=2444995
[2026-09-02 19:54:35] PROGRESS done=512/514 converted=42 workers=1/0 active current='Converting 86414795_112 at Wed Sep  2 07:45:04 PM CDT 2026;Converting 86414790_107 at Wed Sep  2 07:49:34 PM CDT 2026;Converting 86414795_112 at Wed Sep  2 07:50:07 PM CDT 2026;' user_mem=10.78GiB(8.6%) job_mem=0.01GiB sys_used=15.2% mem_avail=106.1GiB zombies=0 batch_running=no
[2026-09-02 19:54:36] STARTING batch from checkpoint
[2026-09-02 19:54:36] Started batch pid=2456378
[2026-09-02 19:59:38] PROGRESS done=512/514 converted=42 workers=1/0 active current='Converting 86414795_112 at Wed Sep  2 07:50:07 PM CDT 2026;Converting 86414790_107 at Wed Sep  2 07:54:36 PM CDT 2026;Converting 86414795_112 at Wed Sep  2 07:55:09 PM CDT 2026;' user_mem=10.80GiB(8.6%) job_mem=0.01GiB sys_used=13.9% mem_avail=107.8GiB zombies=0 batch_running=no
[2026-09-02 19:59:39] STARTING batch from checkpoint
[2026-09-02 19:59:39] Started batch pid=2466090
[2026-09-02 20:04:40] PROGRESS done=512/514 converted=42 workers=1/0 active current='Converting 86414795_112 at Wed Sep  2 07:55:09 PM CDT 2026;Converting 86414790_107 at Wed Sep  2 07:59:39 PM CDT 2026;Converting 86414795_112 at Wed Sep  2 08:00:12 PM CDT 2026;' user_mem=10.77GiB(8.6%) job_mem=0.01GiB sys_used=16.1% mem_avail=105.0GiB zombies=0 batch_running=no
[2026-09-02 20:04:41] STARTING batch from checkpoint
[2026-09-02 20:04:41] Started batch pid=2477283
[2026-09-02 20:09:43] PROGRESS done=512/514 converted=42 workers=1/0 active current='Converting 86414795_112 at Wed Sep  2 08:00:12 PM CDT 2026;Converting 86414790_107 at Wed Sep  2 08:04:41 PM CDT 2026;Converting 86414795_112 at Wed Sep  2 08:05:14 PM CDT 2026;' user_mem=10.70GiB(8.5%) job_mem=0.01GiB sys_used=14.1% mem_avail=107.4GiB zombies=0 batch_running=no
[2026-09-02 20:09:44] STARTING batch from checkpoint
[2026-09-02 20:09:44] Started batch pid=2487568
[2026-09-02 20:14:45] PROGRESS done=512/514 converted=42 workers=1/0 active current='Converting 86414795_112 at Wed Sep  2 08:05:14 PM CDT 2026;Converting 86414790_107 at Wed Sep  2 08:09:44 PM CDT 2026;Converting 86414795_112 at Wed Sep  2 08:10:17 PM CDT 2026;' user_mem=10.74GiB(8.7%) job_mem=0.01GiB sys_used=16.8% mem_avail=104.2GiB zombies=0 batch_running=no
[2026-09-02 20:14:46] STARTING batch from checkpoint
[2026-09-02 20:14:46] Started batch pid=2497901
[2026-09-02 20:19:48] PROGRESS done=512/514 converted=42 workers=1/0 active current='Converting 86414795_112 at Wed Sep  2 08:10:17 PM CDT 2026;Converting 86414790_107 at Wed Sep  2 08:14:46 PM CDT 2026;Converting 86414795_112 at Wed Sep  2 08:15:19 PM CDT 2026;' user_mem=10.73GiB(8.7%) job_mem=0.01GiB sys_used=15.8% mem_avail=105.3GiB zombies=0 batch_running=no
[2026-09-02 20:19:49] STARTING batch from checkpoint
[2026-09-02 20:19:49] Started batch pid=2507417
[2026-09-02 20:24:50] PROGRESS done=512/514 converted=42 workers=1/0 active current='Converting 86414795_112 at Wed Sep  2 08:15:19 PM CDT 2026;Converting 86414790_107 at Wed Sep  2 08:19:49 PM CDT 2026;Converting 86414795_112 at Wed Sep  2 08:20:22 PM CDT 2026;' user_mem=10.84GiB(8.5%) job_mem=0.01GiB sys_used=13.6% mem_avail=108.2GiB zombies=0 batch_running=no
[2026-09-02 20:24:51] STARTING batch from checkpoint
[2026-09-02 20:24:51] Started batch pid=2518574
[2026-09-02 20:29:52] PROGRESS done=512/514 converted=42 workers=1/1 active current='Converting 86414795_112 at Wed Sep  2 08:20:22 PM CDT 2026;Converting 86414790_107 at Wed Sep  2 08:24:51 PM CDT 2026;Converting 86414795_112 at Wed Sep  2 08:25:24 PM CDT 2026;' user_mem=10.88GiB(8.7%) job_mem=0.02GiB sys_used=16.5% mem_avail=104.5GiB zombies=0 batch_running=no
[2026-09-02 20:29:53] STARTING batch from checkpoint
[2026-09-02 20:29:53] Started batch pid=2528248
[2026-09-02 20:34:55] PROGRESS done=512/514 converted=42 workers=1/1 active current='Converting 86414795_112 at Wed Sep  2 08:25:24 PM CDT 2026;Converting 86414790_107 at Wed Sep  2 08:29:54 PM CDT 2026;Converting 86414795_112 at Wed Sep  2 08:30:26 PM CDT 2026;' user_mem=10.92GiB(8.7%) job_mem=0.02GiB sys_used=14.6% mem_avail=106.9GiB zombies=0 batch_running=yes
[2026-09-02 20:39:57] PROGRESS done=512/514 converted=42 workers=1/0 active current='Converting 86414795_112 at Wed Sep  2 08:25:24 PM CDT 2026;Converting 86414790_107 at Wed Sep  2 08:29:54 PM CDT 2026;Converting 86414795_112 at Wed Sep  2 08:30:26 PM CDT 2026;' user_mem=10.96GiB(8.8%) job_mem=0.01GiB sys_used=17.1% mem_avail=103.8GiB zombies=0 batch_running=no
[2026-09-02 20:39:58] STARTING batch from checkpoint
[2026-09-02 20:39:58] Started batch pid=2548752
[2026-09-02 20:44:59] PROGRESS done=512/514 converted=42 workers=1/1 active current='Converting 86414790_107 at Wed Sep  2 08:29:54 PM CDT 2026;Converting 86414795_112 at Wed Sep  2 08:30:26 PM CDT 2026;Converting 86414790_107 at Wed Sep  2 08:39:58 PM CDT 2026;' user_mem=25.38GiB(20.3%) job_mem=14.56GiB sys_used=25.9% mem_avail=92.7GiB zombies=0 batch_running=yes
[2026-09-02 20:44:59] STOPPING batch (zombie wvfm2h5 processes detected)
[2026-09-02 20:45:00] Sending TERM to wvfm2h5.py pid=2556047
[2026-09-02 20:45:00] Sending TERM to batch pid=2551321
[2026-09-02 20:45:12] Batch stopped. Checkpoint saved to /exp/sbnd/app/users/munjung/anomaly-detection/logs/wvfm2h5_checkpoint_offbeamlight_tpc1.txt
[2026-09-02 20:45:12] Cooling down for 60s before resume
[2026-09-02 20:46:14] PROGRESS done=512/514 converted=42 workers=1/1 active current='Converting 86414790_107 at Wed Sep  2 08:29:54 PM CDT 2026;Converting 86414795_112 at Wed Sep  2 08:30:26 PM CDT 2026;Converting 86414790_107 at Wed Sep  2 08:39:58 PM CDT 2026;' user_mem=11.83GiB(9.4%) job_mem=1.11GiB sys_used=15.5% mem_avail=105.7GiB zombies=0 batch_running=yes
[2026-09-02 20:46:14] Batch already running; not starting another instance
[2026-09-02 20:51:15] PROGRESS done=512/514 converted=42 workers=1/1 active current='Converting 86414790_107 at Wed Sep  2 08:29:54 PM CDT 2026;Converting 86414795_112 at Wed Sep  2 08:30:26 PM CDT 2026;Converting 86414790_107 at Wed Sep  2 08:39:58 PM CDT 2026;' user_mem=19.92GiB(15.9%) job_mem=9.23GiB sys_used=23.0% mem_avail=96.4GiB zombies=0 batch_running=yes
[2026-09-02 20:56:17] PROGRESS done=512/514 converted=42 workers=1/0 active current='Converting 86414790_107 at Wed Sep  2 08:29:54 PM CDT 2026;Converting 86414795_112 at Wed Sep  2 08:30:26 PM CDT 2026;Converting 86414790_107 at Wed Sep  2 08:39:58 PM CDT 2026;' user_mem=10.84GiB(8.7%) job_mem=0.01GiB sys_used=13.3% mem_avail=108.5GiB zombies=0 batch_running=no
[2026-09-02 20:56:18] STARTING batch from checkpoint
[2026-09-02 20:56:18] Started batch pid=2580306
[2026-09-02 21:01:23] PROGRESS done=512/514 converted=42 workers=1/1 active current='Converting 86414795_112 at Wed Sep  2 08:30:26 PM CDT 2026;Converting 86414790_107 at Wed Sep  2 08:39:58 PM CDT 2026;Converting 86414790_107 at Wed Sep  2 08:56:18 PM CDT 2026;' user_mem=20.45GiB(16.3%) job_mem=9.65GiB sys_used=23.7% mem_avail=95.5GiB zombies=0 batch_running=yes
[2026-09-02 21:06:25] PROGRESS done=512/514 converted=42 workers=1/1 active current='Converting 86414795_112 at Wed Sep  2 08:30:26 PM CDT 2026;Converting 86414790_107 at Wed Sep  2 08:39:58 PM CDT 2026;Converting 86414790_107 at Wed Sep  2 08:56:18 PM CDT 2026;' user_mem=23.76GiB(19.1%) job_mem=13.04GiB sys_used=24.2% mem_avail=94.9GiB zombies=0 batch_running=yes
[2026-09-02 21:06:26] STOPPING batch (memory limit (user_mem=19.1%, job_mem=13.19GiB, limits=30%/12GiB))
[2026-09-02 21:06:27] Sending TERM to wvfm2h5.py pid=2598464
[2026-09-02 21:06:27] Sending TERM to batch pid=2583391
[2026-09-02 21:06:39] Batch stopped. Checkpoint saved to /exp/sbnd/app/users/munjung/anomaly-detection/logs/wvfm2h5_checkpoint_offbeamlight_tpc1.txt
[2026-09-02 21:06:39] Cooling down for 60s before resume
[2026-09-02 21:07:40] PROGRESS done=512/514 converted=42 workers=1/1 active current='Converting 86414795_112 at Wed Sep  2 08:30:26 PM CDT 2026;Converting 86414790_107 at Wed Sep  2 08:39:58 PM CDT 2026;Converting 86414790_107 at Wed Sep  2 08:56:18 PM CDT 2026;' user_mem=14.85GiB(11.9%) job_mem=4.19GiB sys_used=17.3% mem_avail=103.4GiB zombies=0 batch_running=yes
[2026-09-02 21:07:40] Batch already running; not starting another instance
[2026-09-02 21:12:42] PROGRESS done=512/514 converted=42 workers=1/0 active current='Converting 86414795_112 at Wed Sep  2 08:30:26 PM CDT 2026;Converting 86414790_107 at Wed Sep  2 08:39:58 PM CDT 2026;Converting 86414790_107 at Wed Sep  2 08:56:18 PM CDT 2026;' user_mem=10.87GiB(8.7%) job_mem=0.01GiB sys_used=15.8% mem_avail=105.3GiB zombies=0 batch_running=no
[2026-09-02 21:12:43] STARTING batch from checkpoint
[2026-09-02 21:12:43] Started batch pid=2614859
[2026-09-02 21:17:44] PROGRESS done=512/514 converted=42 workers=1/0 active current='Converting 86414790_107 at Wed Sep  2 08:56:18 PM CDT 2026;Converting 86414790_107 at Wed Sep  2 09:12:43 PM CDT 2026;Converting 86414795_112 at Wed Sep  2 09:13:16 PM CDT 2026;' user_mem=10.78GiB(8.6%) job_mem=0.01GiB sys_used=14.4% mem_avail=107.2GiB zombies=0 batch_running=no
[2026-09-02 21:17:45] STARTING batch from checkpoint
[2026-09-02 21:17:45] Started batch pid=2624524
[2026-09-02 21:22:46] PROGRESS done=512/514 converted=42 workers=1/0 active current='Converting 86414795_112 at Wed Sep  2 09:13:16 PM CDT 2026;Converting 86414790_107 at Wed Sep  2 09:17:45 PM CDT 2026;Converting 86414795_112 at Wed Sep  2 09:18:18 PM CDT 2026;' user_mem=10.77GiB(8.6%) job_mem=0.01GiB sys_used=17.2% mem_avail=103.6GiB zombies=0 batch_running=no
[2026-09-02 21:22:47] STARTING batch from checkpoint
[2026-09-02 21:22:47] Started batch pid=2634154
[2026-09-02 21:27:49] PROGRESS done=512/514 converted=42 workers=1/0 active current='Converting 86414795_112 at Wed Sep  2 09:18:18 PM CDT 2026;Converting 86414790_107 at Wed Sep  2 09:22:48 PM CDT 2026;Converting 86414795_112 at Wed Sep  2 09:23:21 PM CDT 2026;' user_mem=10.57GiB(8.5%) job_mem=0.01GiB sys_used=15.1% mem_avail=106.2GiB zombies=0 batch_running=no
[2026-09-02 21:27:50] STARTING batch from checkpoint
[2026-09-02 21:27:50] Started batch pid=2644433
[2026-09-02 21:32:51] PROGRESS done=512/514 converted=42 workers=1/0 active current='Converting 86414795_112 at Wed Sep  2 09:23:21 PM CDT 2026;Converting 86414790_107 at Wed Sep  2 09:27:50 PM CDT 2026;Converting 86414795_112 at Wed Sep  2 09:28:23 PM CDT 2026;' user_mem=10.85GiB(8.6%) job_mem=0.01GiB sys_used=17.8% mem_avail=102.8GiB zombies=0 batch_running=no
[2026-09-02 21:32:52] STARTING batch from checkpoint
[2026-09-02 21:32:52] Started batch pid=2654465
[2026-09-02 21:37:54] PROGRESS done=512/514 converted=42 workers=1/0 active current='Converting 86414795_112 at Wed Sep  2 09:28:23 PM CDT 2026;Converting 86414790_107 at Wed Sep  2 09:32:52 PM CDT 2026;Converting 86414795_112 at Wed Sep  2 09:33:25 PM CDT 2026;' user_mem=10.64GiB(8.5%) job_mem=0.01GiB sys_used=15.4% mem_avail=105.8GiB zombies=0 batch_running=no
[2026-09-02 21:37:55] STARTING batch from checkpoint
[2026-09-02 21:37:55] Started batch pid=2664528
[2026-09-02 21:42:56] PROGRESS done=512/514 converted=42 workers=1/0 active current='Converting 86414795_112 at Wed Sep  2 09:33:25 PM CDT 2026;Converting 86414790_107 at Wed Sep  2 09:37:55 PM CDT 2026;Converting 86414795_112 at Wed Sep  2 09:38:28 PM CDT 2026;' user_mem=10.71GiB(8.6%) job_mem=0.01GiB sys_used=13.8% mem_avail=107.9GiB zombies=0 batch_running=no
[2026-09-02 21:42:57] STARTING batch from checkpoint
[2026-09-02 21:42:57] Started batch pid=2674613
[2026-09-02 21:48:43] PROGRESS done=512/514 converted=42 workers=1/0 active current='Converting 86414795_112 at Wed Sep  2 09:38:28 PM CDT 2026;Converting 86414790_107 at Wed Sep  2 09:42:57 PM CDT 2026;Converting 86414795_112 at Wed Sep  2 09:43:30 PM CDT 2026;' user_mem=10.66GiB(8.5%) job_mem=0.01GiB sys_used=16.4% mem_avail=104.6GiB zombies=0 batch_running=no
[2026-09-02 21:48:44] STARTING batch from checkpoint
[2026-09-02 21:48:44] Started batch pid=2684981
[2026-09-02 21:53:46] PROGRESS done=512/514 converted=42 workers=1/0 active current='Converting 86414795_112 at Wed Sep  2 09:43:30 PM CDT 2026;Converting 86414790_107 at Wed Sep  2 09:48:45 PM CDT 2026;Converting 86414795_112 at Wed Sep  2 09:49:17 PM CDT 2026;' user_mem=10.69GiB(8.6%) job_mem=0.01GiB sys_used=16.0% mem_avail=105.1GiB zombies=0 batch_running=no
[2026-09-02 21:53:47] STARTING batch from checkpoint
[2026-09-02 21:53:47] Started batch pid=2695879
[2026-09-02 21:58:48] PROGRESS done=512/514 converted=42 workers=1/0 active current='Converting 86414795_112 at Wed Sep  2 09:49:17 PM CDT 2026;Converting 86414790_107 at Wed Sep  2 09:53:47 PM CDT 2026;Converting 86414795_112 at Wed Sep  2 09:54:20 PM CDT 2026;' user_mem=10.80GiB(8.6%) job_mem=0.02GiB sys_used=13.9% mem_avail=107.7GiB zombies=0 batch_running=no
[2026-09-02 22:03:50] PROGRESS done=512/514 converted=42 workers=1/1 active current='Converting 86414795_112 at Wed Sep  2 09:49:17 PM CDT 2026;Converting 86414790_107 at Wed Sep  2 09:53:47 PM CDT 2026;Converting 86414795_112 at Wed Sep  2 09:54:20 PM CDT 2026;' user_mem=18.74GiB(15.0%) job_mem=7.89GiB sys_used=21.4% mem_avail=98.4GiB zombies=0 batch_running=yes
[2026-09-02 22:08:52] PROGRESS done=512/514 converted=42 workers=1/1 active current='Converting 86414795_112 at Wed Sep  2 09:49:17 PM CDT 2026;Converting 86414790_107 at Wed Sep  2 09:53:47 PM CDT 2026;Converting 86414795_112 at Wed Sep  2 09:54:20 PM CDT 2026;' user_mem=23.14GiB(18.4%) job_mem=12.24GiB sys_used=22.8% mem_avail=96.6GiB zombies=0 batch_running=yes
[2026-09-02 22:08:53] STOPPING batch (memory limit (user_mem=18.7%, job_mem=12.38GiB, limits=30%/12GiB))
[2026-09-02 22:08:53] Sending TERM to wvfm2h5.py pid=2723107
[2026-09-02 22:08:53] Sending TERM to batch pid=2705432
[2026-09-02 22:09:06] Batch stopped. Checkpoint saved to /exp/sbnd/app/users/munjung/anomaly-detection/logs/wvfm2h5_checkpoint_offbeamlight_tpc1.txt
[2026-09-02 22:09:06] Cooling down for 60s before resume
[2026-09-02 22:10:07] PROGRESS done=512/514 converted=42 workers=1/0 active current='Converting 86414795_112 at Wed Sep  2 09:49:17 PM CDT 2026;Converting 86414790_107 at Wed Sep  2 09:53:47 PM CDT 2026;Converting 86414795_112 at Wed Sep  2 09:54:20 PM CDT 2026;' user_mem=10.90GiB(8.7%) job_mem=0.01GiB sys_used=16.4% mem_avail=104.6GiB zombies=0 batch_running=no
[2026-09-02 22:10:07] STARTING batch from checkpoint
[2026-09-02 22:10:07] Started batch pid=2727042
[2026-09-02 22:15:09] PROGRESS done=512/514 converted=42 workers=1/0 active current='Converting 86414795_112 at Wed Sep  2 09:54:20 PM CDT 2026;Converting 86414790_107 at Wed Sep  2 10:10:08 PM CDT 2026;Converting 86414795_112 at Wed Sep  2 10:10:41 PM CDT 2026;' user_mem=10.71GiB(8.6%) job_mem=0.02GiB sys_used=14.4% mem_avail=107.1GiB zombies=0 batch_running=yes
[2026-09-02 22:20:11] PROGRESS done=512/514 converted=42 workers=1/1 active current='Converting 86414795_112 at Wed Sep  2 09:54:20 PM CDT 2026;Converting 86414790_107 at Wed Sep  2 10:10:08 PM CDT 2026;Converting 86414795_112 at Wed Sep  2 10:10:41 PM CDT 2026;' user_mem=12.30GiB(9.8%) job_mem=1.37GiB sys_used=18.1% mem_avail=102.5GiB zombies=0 batch_running=yes
[2026-09-02 22:25:13] PROGRESS done=512/514 converted=42 workers=1/0 active current='Converting 86414795_112 at Wed Sep  2 09:54:20 PM CDT 2026;Converting 86414790_107 at Wed Sep  2 10:10:08 PM CDT 2026;Converting 86414795_112 at Wed Sep  2 10:10:41 PM CDT 2026;' user_mem=10.81GiB(8.6%) job_mem=0.01GiB sys_used=15.0% mem_avail=106.3GiB zombies=0 batch_running=no
[2026-09-02 22:25:14] STARTING batch from checkpoint
[2026-09-02 22:25:14] Started batch pid=2757148
[2026-09-02 22:30:15] PROGRESS done=512/514 converted=42 workers=1/1 active current='Converting 86414790_107 at Wed Sep  2 10:10:08 PM CDT 2026;Converting 86414795_112 at Wed Sep  2 10:10:41 PM CDT 2026;Converting 86414790_107 at Wed Sep  2 10:25:14 PM CDT 2026;' user_mem=22.15GiB(17.7%) job_mem=11.47GiB sys_used=25.8% mem_avail=92.9GiB zombies=0 batch_running=yes
[2026-09-02 22:35:17] PROGRESS done=512/514 converted=42 workers=1/1 active current='Converting 86414790_107 at Wed Sep  2 10:10:08 PM CDT 2026;Converting 86414795_112 at Wed Sep  2 10:10:41 PM CDT 2026;Converting 86414790_107 at Wed Sep  2 10:25:14 PM CDT 2026;' user_mem=22.42GiB(17.9%) job_mem=11.63GiB sys_used=24.5% mem_avail=94.5GiB zombies=0 batch_running=yes
[2026-09-02 22:40:19] PROGRESS done=512/514 converted=42 workers=1/0 active current='Converting 86414790_107 at Wed Sep  2 10:10:08 PM CDT 2026;Converting 86414795_112 at Wed Sep  2 10:10:41 PM CDT 2026;Converting 86414790_107 at Wed Sep  2 10:25:14 PM CDT 2026;' user_mem=5.29GiB(4.2%) job_mem=0.02GiB sys_used=10.0% mem_avail=112.6GiB zombies=0 batch_running=yes
[2026-09-02 22:45:21] PROGRESS done=512/514 converted=42 workers=1/1 active current='Converting 86414790_107 at Wed Sep  2 10:10:08 PM CDT 2026;Converting 86414795_112 at Wed Sep  2 10:10:41 PM CDT 2026;Converting 86414790_107 at Wed Sep  2 10:25:14 PM CDT 2026;' user_mem=14.19GiB(11.3%) job_mem=13.68GiB sys_used=16.1% mem_avail=105.1GiB zombies=0 batch_running=yes
[2026-09-02 22:45:21] STOPPING batch (memory limit (user_mem=11.5%, job_mem=13.80GiB, limits=30%/12GiB))
[2026-09-02 22:45:22] Sending TERM to wvfm2h5.py pid=2792540
[2026-09-02 22:45:22] Sending TERM to batch pid=2758562
[2026-09-02 22:45:34] Batch stopped. Checkpoint saved to /exp/sbnd/app/users/munjung/anomaly-detection/logs/wvfm2h5_checkpoint_offbeamlight_tpc1.txt
[2026-09-02 22:45:34] Cooling down for 60s before resume
[2026-09-02 22:46:35] PROGRESS done=512/514 converted=42 workers=1/1 active current='Converting 86414790_107 at Wed Sep  2 10:10:08 PM CDT 2026;Converting 86414795_112 at Wed Sep  2 10:10:41 PM CDT 2026;Converting 86414790_107 at Wed Sep  2 10:25:14 PM CDT 2026;' user_mem=4.70GiB(3.8%) job_mem=4.55GiB sys_used=12.3% mem_avail=109.8GiB zombies=0 batch_running=yes
[2026-09-02 22:46:35] Batch already running; not starting another instance
[2026-09-02 22:51:37] PROGRESS done=512/514 converted=42 workers=1/0 active current='Converting 86414790_107 at Wed Sep  2 10:10:08 PM CDT 2026;Converting 86414795_112 at Wed Sep  2 10:10:41 PM CDT 2026;Converting 86414790_107 at Wed Sep  2 10:25:14 PM CDT 2026;' user_mem=0.19GiB(0.2%) job_mem=0.02GiB sys_used=7.7% mem_avail=115.5GiB zombies=0 batch_running=yes
[2026-09-02 22:56:39] PROGRESS done=512/514 converted=42 workers=1/0 active current='Converting 86414790_107 at Wed Sep  2 10:10:08 PM CDT 2026;Converting 86414795_112 at Wed Sep  2 10:10:41 PM CDT 2026;Converting 86414790_107 at Wed Sep  2 10:25:14 PM CDT 2026;' user_mem=0.19GiB(0.1%) job_mem=0.01GiB sys_used=7.3% mem_avail=116.0GiB zombies=0 batch_running=no
[2026-09-02 22:56:40] STARTING batch from checkpoint
[2026-09-02 22:56:40] Started batch pid=2813079
[2026-09-02 23:01:41] PROGRESS done=512/514 converted=42 workers=1/0 active current='Converting 86414790_107 at Wed Sep  2 10:25:14 PM CDT 2026;Converting 86414790_107 at Wed Sep  2 10:56:40 PM CDT 2026;Converting 86414795_112 at Wed Sep  2 10:57:13 PM CDT 2026;' user_mem=0.19GiB(0.1%) job_mem=0.01GiB sys_used=6.8% mem_avail=116.6GiB zombies=0 batch_running=no
[2026-09-02 23:01:42] STARTING batch from checkpoint
[2026-09-02 23:01:42] Started batch pid=2824270
[2026-09-02 23:06:44] PROGRESS done=512/514 converted=42 workers=1/0 active current='Converting 86414795_112 at Wed Sep  2 10:57:13 PM CDT 2026;Converting 86414790_107 at Wed Sep  2 11:01:42 PM CDT 2026;Converting 86414795_112 at Wed Sep  2 11:02:16 PM CDT 2026;' user_mem=0.19GiB(0.1%) job_mem=0.01GiB sys_used=5.6% mem_avail=118.1GiB zombies=0 batch_running=no
[2026-09-02 23:06:45] STARTING batch from checkpoint
[2026-09-02 23:06:45] Started batch pid=2832749
[2026-09-02 23:11:46] PROGRESS done=512/514 converted=42 workers=1/0 active current='Converting 86414795_112 at Wed Sep  2 11:02:16 PM CDT 2026;Converting 86414790_107 at Wed Sep  2 11:06:45 PM CDT 2026;Converting 86414795_112 at Wed Sep  2 11:07:18 PM CDT 2026;' user_mem=0.19GiB(0.1%) job_mem=0.01GiB sys_used=9.1% mem_avail=113.8GiB zombies=0 batch_running=no
[2026-09-02 23:11:47] STARTING batch from checkpoint
[2026-09-02 23:11:47] Started batch pid=2841234
[2026-09-02 23:16:48] PROGRESS done=512/514 converted=42 workers=1/0 active current='Converting 86414795_112 at Wed Sep  2 11:07:18 PM CDT 2026;Converting 86414790_107 at Wed Sep  2 11:11:47 PM CDT 2026;Converting 86414795_112 at Wed Sep  2 11:12:20 PM CDT 2026;' user_mem=0.19GiB(0.1%) job_mem=0.01GiB sys_used=8.3% mem_avail=114.8GiB zombies=0 batch_running=no
[2026-09-02 23:16:49] STARTING batch from checkpoint
[2026-09-02 23:16:49] Started batch pid=2850153
[2026-09-02 23:21:51] PROGRESS done=512/514 converted=42 workers=1/0 active current='Converting 86414795_112 at Wed Sep  2 11:12:20 PM CDT 2026;Converting 86414790_107 at Wed Sep  2 11:16:49 PM CDT 2026;Converting 86414795_112 at Wed Sep  2 11:17:22 PM CDT 2026;' user_mem=0.19GiB(0.1%) job_mem=0.01GiB sys_used=7.5% mem_avail=115.8GiB zombies=0 batch_running=no
[2026-09-02 23:21:52] STARTING batch from checkpoint
[2026-09-02 23:21:52] Started batch pid=2859953
[2026-09-02 23:26:53] PROGRESS done=512/514 converted=42 workers=1/0 active current='Converting 86414795_112 at Wed Sep  2 11:17:22 PM CDT 2026;Converting 86414790_107 at Wed Sep  2 11:21:52 PM CDT 2026;Converting 86414795_112 at Wed Sep  2 11:22:25 PM CDT 2026;' user_mem=0.19GiB(0.1%) job_mem=0.01GiB sys_used=17.9% mem_avail=102.8GiB zombies=0 batch_running=no
[2026-09-02 23:26:54] STARTING batch from checkpoint
[2026-09-02 23:26:54] Started batch pid=2869447
[2026-09-02 23:31:56] PROGRESS done=512/514 converted=42 workers=1/0 active current='Converting 86414795_112 at Wed Sep  2 11:22:25 PM CDT 2026;Converting 86414790_107 at Wed Sep  2 11:26:54 PM CDT 2026;Converting 86414795_112 at Wed Sep  2 11:27:27 PM CDT 2026;' user_mem=1.29GiB(1.0%) job_mem=0.01GiB sys_used=6.8% mem_avail=116.6GiB zombies=0 batch_running=no
[2026-09-02 23:31:57] STARTING batch from checkpoint
[2026-09-02 23:31:57] Started batch pid=2880472
[2026-09-02 23:36:58] PROGRESS done=512/514 converted=42 workers=1/0 active current='Converting 86414795_112 at Wed Sep  2 11:27:27 PM CDT 2026;Converting 86414790_107 at Wed Sep  2 11:31:57 PM CDT 2026;Converting 86414795_112 at Wed Sep  2 11:32:30 PM CDT 2026;' user_mem=1.31GiB(1.0%) job_mem=0.01GiB sys_used=9.9% mem_avail=112.8GiB zombies=0 batch_running=no
[2026-09-02 23:36:59] STARTING batch from checkpoint
[2026-09-02 23:36:59] Started batch pid=2901174
[2026-09-02 23:42:01] PROGRESS done=512/514 converted=42 workers=1/0 active current='Converting 86414795_112 at Wed Sep  2 11:32:30 PM CDT 2026;Converting 86414790_107 at Wed Sep  2 11:36:59 PM CDT 2026;Converting 86414795_112 at Wed Sep  2 11:37:32 PM CDT 2026;' user_mem=1.32GiB(1.1%) job_mem=0.01GiB sys_used=9.9% mem_avail=112.7GiB zombies=0 batch_running=no
[2026-09-02 23:42:01] STARTING batch from checkpoint
[2026-09-02 23:42:01] Started batch pid=2919407
[2026-09-02 23:47:03] PROGRESS done=512/514 converted=42 workers=1/0 active current='Converting 86414795_112 at Wed Sep  2 11:37:32 PM CDT 2026;Converting 86414790_107 at Wed Sep  2 11:42:02 PM CDT 2026;Converting 86414795_112 at Wed Sep  2 11:42:35 PM CDT 2026;' user_mem=1.33GiB(1.1%) job_mem=0.01GiB sys_used=8.6% mem_avail=114.4GiB zombies=0 batch_running=no
[2026-09-02 23:47:04] STARTING batch from checkpoint
[2026-09-02 23:47:04] Started batch pid=2928765
[2026-09-02 23:52:06] PROGRESS done=512/514 converted=42 workers=1/0 active current='Converting 86414795_112 at Wed Sep  2 11:42:35 PM CDT 2026;Converting 86414790_107 at Wed Sep  2 11:47:04 PM CDT 2026;Converting 86414795_112 at Wed Sep  2 11:47:37 PM CDT 2026;' user_mem=1.33GiB(1.1%) job_mem=0.01GiB sys_used=7.0% mem_avail=116.4GiB zombies=0 batch_running=no
[2026-09-02 23:52:07] STARTING batch from checkpoint
[2026-09-02 23:52:07] Started batch pid=2938948
[2026-09-02 23:57:08] PROGRESS done=512/514 converted=42 workers=1/0 active current='Converting 86414795_112 at Wed Sep  2 11:47:37 PM CDT 2026;Converting 86414790_107 at Wed Sep  2 11:52:07 PM CDT 2026;Converting 86414795_112 at Wed Sep  2 11:52:40 PM CDT 2026;' user_mem=1.32GiB(1.1%) job_mem=0.01GiB sys_used=6.5% mem_avail=117.0GiB zombies=0 batch_running=no
[2026-09-02 23:57:09] STARTING batch from checkpoint
[2026-09-02 23:57:09] Started batch pid=2950766
[2026-09-03 00:02:10] PROGRESS done=512/514 converted=42 workers=1/0 active current='Converting 86414795_112 at Wed Sep  2 11:52:40 PM CDT 2026;Converting 86414790_107 at Wed Sep  2 11:57:09 PM CDT 2026;Converting 86414795_112 at Wed Sep  2 11:57:42 PM CDT 2026;' user_mem=1.33GiB(1.1%) job_mem=0.01GiB sys_used=12.6% mem_avail=109.3GiB zombies=0 batch_running=no
[2026-09-03 00:02:11] STARTING batch from checkpoint
[2026-09-03 00:02:11] Started batch pid=2968191
[2026-09-03 00:07:13] PROGRESS done=512/514 converted=42 workers=1/0 active current='Converting 86414795_112 at Wed Sep  2 11:57:42 PM CDT 2026;Converting 86414790_107 at Thu Sep  3 12:02:12 AM CDT 2026;Converting 86414795_112 at Thu Sep  3 12:02:44 AM CDT 2026;' user_mem=2.52GiB(2.0%) job_mem=0.01GiB sys_used=9.1% mem_avail=113.7GiB zombies=0 batch_running=no
[2026-09-03 00:07:14] STARTING batch from checkpoint
[2026-09-03 00:07:14] Started batch pid=2997357
[2026-09-03 00:12:15] PROGRESS done=512/514 converted=42 workers=1/0 active current='Converting 86414795_112 at Thu Sep  3 12:02:44 AM CDT 2026;Converting 86414790_107 at Thu Sep  3 12:07:14 AM CDT 2026;Converting 86414795_112 at Thu Sep  3 12:07:47 AM CDT 2026;' user_mem=5.02GiB(3.9%) job_mem=0.01GiB sys_used=10.9% mem_avail=111.5GiB zombies=0 batch_running=no
[2026-09-03 00:12:16] STARTING batch from checkpoint
[2026-09-03 00:12:16] Started batch pid=3008552
[2026-09-03 00:17:18] PROGRESS done=512/514 converted=42 workers=1/0 active current='Converting 86414795_112 at Thu Sep  3 12:07:47 AM CDT 2026;Converting 86414790_107 at Thu Sep  3 12:12:16 AM CDT 2026;Converting 86414795_112 at Thu Sep  3 12:12:49 AM CDT 2026;' user_mem=2.53GiB(2.0%) job_mem=0.01GiB sys_used=7.4% mem_avail=115.8GiB zombies=0 batch_running=no
[2026-09-03 00:17:19] STARTING batch from checkpoint
[2026-09-03 00:17:19] Started batch pid=3017582
[2026-09-03 00:22:20] PROGRESS done=512/514 converted=42 workers=1/0 active current='Converting 86414795_112 at Thu Sep  3 12:12:49 AM CDT 2026;Converting 86414790_107 at Thu Sep  3 12:17:19 AM CDT 2026;Converting 86414795_112 at Thu Sep  3 12:17:52 AM CDT 2026;' user_mem=2.54GiB(2.0%) job_mem=0.01GiB sys_used=10.6% mem_avail=111.9GiB zombies=0 batch_running=no
[2026-09-03 00:22:21] STARTING batch from checkpoint
[2026-09-03 00:22:21] Started batch pid=3028723
[2026-09-03 00:27:23] PROGRESS done=512/514 converted=42 workers=1/0 active current='Converting 86414795_112 at Thu Sep  3 12:17:52 AM CDT 2026;Converting 86414790_107 at Thu Sep  3 12:22:21 AM CDT 2026;Converting 86414795_112 at Thu Sep  3 12:22:54 AM CDT 2026;' user_mem=2.50GiB(2.0%) job_mem=0.01GiB sys_used=9.8% mem_avail=112.8GiB zombies=0 batch_running=no
[2026-09-03 00:27:23] STARTING batch from checkpoint
[2026-09-03 00:27:23] Started batch pid=3038052
[2026-09-03 00:32:25] PROGRESS done=512/514 converted=42 workers=1/0 active current='Converting 86414795_112 at Thu Sep  3 12:22:54 AM CDT 2026;Converting 86414790_107 at Thu Sep  3 12:27:24 AM CDT 2026;Converting 86414795_112 at Thu Sep  3 12:27:56 AM CDT 2026;' user_mem=2.53GiB(2.0%) job_mem=0.01GiB sys_used=8.9% mem_avail=114.0GiB zombies=0 batch_running=no
[2026-09-03 00:32:26] STARTING batch from checkpoint
[2026-09-03 00:32:26] Started batch pid=3046854
[2026-09-03 00:37:27] PROGRESS done=512/514 converted=42 workers=1/0 active current='Converting 86414795_112 at Thu Sep  3 12:27:56 AM CDT 2026;Converting 86414790_107 at Thu Sep  3 12:32:26 AM CDT 2026;Converting 86414795_112 at Thu Sep  3 12:32:59 AM CDT 2026;' user_mem=2.53GiB(2.0%) job_mem=0.01GiB sys_used=8.3% mem_avail=114.7GiB zombies=0 batch_running=no
[2026-09-03 00:37:28] STARTING batch from checkpoint
[2026-09-03 00:37:28] Started batch pid=3057429
[2026-09-03 00:42:30] PROGRESS done=512/514 converted=42 workers=1/0 active current='Converting 86414795_112 at Thu Sep  3 12:32:59 AM CDT 2026;Converting 86414790_107 at Thu Sep  3 12:37:29 AM CDT 2026;Converting 86414795_112 at Thu Sep  3 12:38:01 AM CDT 2026;' user_mem=2.54GiB(2.0%) job_mem=0.01GiB sys_used=6.7% mem_avail=116.7GiB zombies=0 batch_running=no
[2026-09-03 00:42:31] STARTING batch from checkpoint
[2026-09-03 00:42:31] Started batch pid=3067392
[2026-09-03 00:47:32] PROGRESS done=512/514 converted=42 workers=1/0 active current='Converting 86414795_112 at Thu Sep  3 12:38:01 AM CDT 2026;Converting 86414790_107 at Thu Sep  3 12:42:31 AM CDT 2026;Converting 86414795_112 at Thu Sep  3 12:43:04 AM CDT 2026;' user_mem=2.54GiB(2.0%) job_mem=0.01GiB sys_used=10.4% mem_avail=112.1GiB zombies=0 batch_running=no
[2026-09-03 00:47:33] STARTING batch from checkpoint
[2026-09-03 00:47:33] Started batch pid=3076228
[2026-09-03 00:52:35] PROGRESS done=512/514 converted=42 workers=1/0 active current='Converting 86414795_112 at Thu Sep  3 12:43:04 AM CDT 2026;Converting 86414790_107 at Thu Sep  3 12:47:33 AM CDT 2026;Converting 86414795_112 at Thu Sep  3 12:48:06 AM CDT 2026;' user_mem=2.55GiB(2.0%) job_mem=0.01GiB sys_used=9.3% mem_avail=113.4GiB zombies=0 batch_running=no
[2026-09-03 00:52:36] STARTING batch from checkpoint
[2026-09-03 00:52:36] Started batch pid=3085842
[2026-09-03 00:57:37] PROGRESS done=512/514 converted=42 workers=1/0 active current='Converting 86414795_112 at Thu Sep  3 12:48:06 AM CDT 2026;Converting 86414790_107 at Thu Sep  3 12:52:36 AM CDT 2026;Converting 86414795_112 at Thu Sep  3 12:53:09 AM CDT 2026;' user_mem=2.55GiB(2.0%) job_mem=0.01GiB sys_used=9.0% mem_avail=113.9GiB zombies=0 batch_running=no
[2026-09-03 00:57:38] STARTING batch from checkpoint
[2026-09-03 00:57:38] Started batch pid=3096130
[2026-09-03 01:02:40] PROGRESS done=512/514 converted=42 workers=1/0 active current='Converting 86414795_112 at Thu Sep  3 12:53:09 AM CDT 2026;Converting 86414790_107 at Thu Sep  3 12:57:38 AM CDT 2026;Converting 86414795_112 at Thu Sep  3 12:58:11 AM CDT 2026;' user_mem=2.54GiB(2.0%) job_mem=0.01GiB sys_used=8.4% mem_avail=114.7GiB zombies=0 batch_running=no
[2026-09-03 01:02:40] STARTING batch from checkpoint
[2026-09-03 01:02:40] Started batch pid=3105674
[2026-09-03 01:07:42] PROGRESS done=512/514 converted=42 workers=1/0 active current='Converting 86414795_112 at Thu Sep  3 12:58:11 AM CDT 2026;Converting 86414790_107 at Thu Sep  3 01:02:41 AM CDT 2026;Converting 86414795_112 at Thu Sep  3 01:03:13 AM CDT 2026;' user_mem=2.55GiB(2.0%) job_mem=0.01GiB sys_used=7.8% mem_avail=115.4GiB zombies=0 batch_running=no
[2026-09-03 01:07:43] STARTING batch from checkpoint
[2026-09-03 01:07:43] Started batch pid=3116089
[2026-09-03 01:12:44] PROGRESS done=512/514 converted=42 workers=1/0 active current='Converting 86414795_112 at Thu Sep  3 01:03:13 AM CDT 2026;Converting 86414790_107 at Thu Sep  3 01:07:43 AM CDT 2026;Converting 86414795_112 at Thu Sep  3 01:08:16 AM CDT 2026;' user_mem=2.55GiB(2.0%) job_mem=0.01GiB sys_used=6.8% mem_avail=116.7GiB zombies=0 batch_running=no
[2026-09-03 01:12:45] STARTING batch from checkpoint
[2026-09-03 01:12:45] Started batch pid=3125941
[2026-09-03 01:17:47] PROGRESS done=512/514 converted=42 workers=1/0 active current='Converting 86414795_112 at Thu Sep  3 01:08:16 AM CDT 2026;Converting 86414790_107 at Thu Sep  3 01:12:45 AM CDT 2026;Converting 86414795_112 at Thu Sep  3 01:13:19 AM CDT 2026;' user_mem=2.55GiB(2.0%) job_mem=0.01GiB sys_used=7.2% mem_avail=116.2GiB zombies=0 batch_running=no
[2026-09-03 01:17:48] STARTING batch from checkpoint
[2026-09-03 01:17:48] Started batch pid=3135337
[2026-09-03 01:22:49] PROGRESS done=512/514 converted=42 workers=1/0 active current='Converting 86414795_112 at Thu Sep  3 01:13:19 AM CDT 2026;Converting 86414790_107 at Thu Sep  3 01:17:48 AM CDT 2026;Converting 86414795_112 at Thu Sep  3 01:18:21 AM CDT 2026;' user_mem=2.56GiB(2.0%) job_mem=0.01GiB sys_used=10.0% mem_avail=112.6GiB zombies=0 batch_running=no
[2026-09-03 01:22:50] STARTING batch from checkpoint
[2026-09-03 01:22:50] Started batch pid=3144975
[2026-09-03 01:27:52] PROGRESS done=512/514 converted=42 workers=1/0 active current='Converting 86414795_112 at Thu Sep  3 01:18:21 AM CDT 2026;Converting 86414790_107 at Thu Sep  3 01:22:50 AM CDT 2026;Converting 86414795_112 at Thu Sep  3 01:23:23 AM CDT 2026;' user_mem=2.54GiB(2.0%) job_mem=0.01GiB sys_used=9.6% mem_avail=113.2GiB zombies=0 batch_running=no
[2026-09-03 01:27:53] STARTING batch from checkpoint
[2026-09-03 01:27:53] Started batch pid=3156317
[2026-09-03 01:32:54] PROGRESS done=512/514 converted=42 workers=1/0 active current='Converting 86414795_112 at Thu Sep  3 01:23:23 AM CDT 2026;Converting 86414790_107 at Thu Sep  3 01:27:53 AM CDT 2026;Converting 86414795_112 at Thu Sep  3 01:28:26 AM CDT 2026;' user_mem=2.55GiB(2.0%) job_mem=0.01GiB sys_used=8.9% mem_avail=114.0GiB zombies=0 batch_running=no
[2026-09-03 01:32:55] STARTING batch from checkpoint
[2026-09-03 01:32:55] Started batch pid=3166354
[2026-09-03 01:37:56] PROGRESS done=512/514 converted=42 workers=1/0 active current='Converting 86414795_112 at Thu Sep  3 01:28:26 AM CDT 2026;Converting 86414790_107 at Thu Sep  3 01:32:55 AM CDT 2026;Converting 86414795_112 at Thu Sep  3 01:33:28 AM CDT 2026;' user_mem=2.55GiB(2.0%) job_mem=0.01GiB sys_used=8.2% mem_avail=114.9GiB zombies=0 batch_running=no
[2026-09-03 01:37:57] STARTING batch from checkpoint
[2026-09-03 01:37:57] Started batch pid=3175725
[2026-09-03 01:42:59] PROGRESS done=512/514 converted=42 workers=1/0 active current='Converting 86414795_112 at Thu Sep  3 01:33:28 AM CDT 2026;Converting 86414790_107 at Thu Sep  3 01:37:58 AM CDT 2026;Converting 86414795_112 at Thu Sep  3 01:38:30 AM CDT 2026;' user_mem=2.51GiB(2.0%) job_mem=0.01GiB sys_used=7.5% mem_avail=115.7GiB zombies=0 batch_running=no
[2026-09-03 01:43:00] STARTING batch from checkpoint
[2026-09-03 01:43:00] Started batch pid=3185711
[2026-09-03 01:48:01] PROGRESS done=512/514 converted=42 workers=1/0 active current='Converting 86414795_112 at Thu Sep  3 01:38:30 AM CDT 2026;Converting 86414790_107 at Thu Sep  3 01:43:00 AM CDT 2026;Converting 86414795_112 at Thu Sep  3 01:43:33 AM CDT 2026;' user_mem=2.54GiB(2.0%) job_mem=0.01GiB sys_used=7.2% mem_avail=116.1GiB zombies=0 batch_running=no
[2026-09-03 01:48:02] STARTING batch from checkpoint
[2026-09-03 01:48:02] Started batch pid=3195620
[2026-09-03 01:53:04] PROGRESS done=512/514 converted=42 workers=1/0 active current='Converting 86414795_112 at Thu Sep  3 01:43:33 AM CDT 2026;Converting 86414790_107 at Thu Sep  3 01:48:02 AM CDT 2026;Converting 86414795_112 at Thu Sep  3 01:48:35 AM CDT 2026;' user_mem=2.55GiB(2.0%) job_mem=0.01GiB sys_used=10.3% mem_avail=112.3GiB zombies=0 batch_running=no
[2026-09-03 01:53:05] STARTING batch from checkpoint
[2026-09-03 01:53:05] Started batch pid=3205186
[2026-09-03 01:58:06] PROGRESS done=512/514 converted=42 workers=1/0 active current='Converting 86414795_112 at Thu Sep  3 01:48:35 AM CDT 2026;Converting 86414790_107 at Thu Sep  3 01:53:05 AM CDT 2026;Converting 86414795_112 at Thu Sep  3 01:53:38 AM CDT 2026;' user_mem=2.54GiB(2.0%) job_mem=0.01GiB sys_used=9.7% mem_avail=113.0GiB zombies=0 batch_running=no
[2026-09-03 01:58:07] STARTING batch from checkpoint
[2026-09-03 01:58:07] Started batch pid=3214518
[2026-09-03 02:03:09] PROGRESS done=512/514 converted=42 workers=1/0 active current='Converting 86414795_112 at Thu Sep  3 01:53:38 AM CDT 2026;Converting 86414790_107 at Thu Sep  3 01:58:07 AM CDT 2026;Converting 86414795_112 at Thu Sep  3 01:58:40 AM CDT 2026;' user_mem=2.55GiB(2.0%) job_mem=0.01GiB sys_used=9.5% mem_avail=113.2GiB zombies=0 batch_running=no
[2026-09-03 02:03:09] Batch already running; not starting another instance
[2026-09-03 02:08:11] PROGRESS done=512/514 converted=42 workers=1/0 active current='Converting 86414795_112 at Thu Sep  3 01:53:38 AM CDT 2026;Converting 86414790_107 at Thu Sep  3 01:58:07 AM CDT 2026;Converting 86414795_112 at Thu Sep  3 01:58:40 AM CDT 2026;' user_mem=17.06GiB(13.6%) job_mem=0.02GiB sys_used=19.9% mem_avail=100.2GiB zombies=0 batch_running=no
[2026-09-03 02:08:12] STARTING batch from checkpoint
[2026-09-03 02:08:12] Started batch pid=3234621
[2026-09-03 02:13:13] PROGRESS done=512/514 converted=42 workers=1/1 active current='Converting 86414790_107 at Thu Sep  3 01:58:07 AM CDT 2026;Converting 86414795_112 at Thu Sep  3 01:58:40 AM CDT 2026;Converting 86414790_107 at Thu Sep  3 02:08:12 AM CDT 2026;' user_mem=11.59GiB(9.3%) job_mem=8.74GiB sys_used=15.5% mem_avail=105.7GiB zombies=0 batch_running=yes
[2026-09-03 02:18:15] PROGRESS done=512/514 converted=42 workers=1/0 active current='Converting 86414790_107 at Thu Sep  3 01:58:07 AM CDT 2026;Converting 86414795_112 at Thu Sep  3 01:58:40 AM CDT 2026;Converting 86414790_107 at Thu Sep  3 02:08:12 AM CDT 2026;' user_mem=3.29GiB(2.6%) job_mem=0.02GiB sys_used=9.0% mem_avail=113.9GiB zombies=0 batch_running=yes
[2026-09-03 02:23:17] PROGRESS done=512/514 converted=42 workers=1/1 active current='Converting 86414790_107 at Thu Sep  3 01:58:07 AM CDT 2026;Converting 86414795_112 at Thu Sep  3 01:58:40 AM CDT 2026;Converting 86414790_107 at Thu Sep  3 02:08:12 AM CDT 2026;' user_mem=22.54GiB(18.0%) job_mem=13.11GiB sys_used=21.8% mem_avail=97.9GiB zombies=0 batch_running=yes
[2026-09-03 02:23:17] STOPPING batch (memory limit (user_mem=18.1%, job_mem=13.26GiB, limits=30%/12GiB))
[2026-09-03 02:23:18] Sending TERM to wvfm2h5.py pid=3256908
[2026-09-03 02:23:18] Sending TERM to batch pid=3251352
[2026-09-03 02:23:30] Batch stopped. Checkpoint saved to /exp/sbnd/app/users/munjung/anomaly-detection/logs/wvfm2h5_checkpoint_offbeamlight_tpc1.txt
[2026-09-03 02:23:30] Cooling down for 60s before resume
[2026-09-03 02:24:32] PROGRESS done=512/514 converted=42 workers=1/0 active current='Converting 86414790_107 at Thu Sep  3 01:58:07 AM CDT 2026;Converting 86414795_112 at Thu Sep  3 01:58:40 AM CDT 2026;Converting 86414790_107 at Thu Sep  3 02:08:12 AM CDT 2026;' user_mem=9.50GiB(7.6%) job_mem=0.01GiB sys_used=14.6% mem_avail=106.9GiB zombies=0 batch_running=no
[2026-09-03 02:24:32] STARTING batch from checkpoint
[2026-09-03 02:24:32] Started batch pid=3269148
[2026-09-03 02:29:34] PROGRESS done=512/514 converted=42 workers=1/0 active current='Converting 86414790_107 at Thu Sep  3 02:08:12 AM CDT 2026;Converting 86414790_107 at Thu Sep  3 02:24:32 AM CDT 2026;Converting 86414795_112 at Thu Sep  3 02:25:05 AM CDT 2026;' user_mem=9.48GiB(7.6%) job_mem=0.01GiB sys_used=11.6% mem_avail=110.6GiB zombies=0 batch_running=no
[2026-09-03 02:29:35] STARTING batch from checkpoint
[2026-09-03 02:29:35] Started batch pid=3280791
[2026-09-03 02:34:36] PROGRESS done=512/514 converted=42 workers=1/0 active current='Converting 86414795_112 at Thu Sep  3 02:25:05 AM CDT 2026;Converting 86414790_107 at Thu Sep  3 02:29:35 AM CDT 2026;Converting 86414795_112 at Thu Sep  3 02:30:08 AM CDT 2026;' user_mem=9.71GiB(7.8%) job_mem=0.01GiB sys_used=11.6% mem_avail=110.7GiB zombies=0 batch_running=no
[2026-09-03 02:34:37] STARTING batch from checkpoint
[2026-09-03 02:34:37] Started batch pid=3290098
[2026-09-03 02:39:39] PROGRESS done=512/514 converted=42 workers=1/0 active current='Converting 86414795_112 at Thu Sep  3 02:30:08 AM CDT 2026;Converting 86414790_107 at Thu Sep  3 02:34:37 AM CDT 2026;Converting 86414795_112 at Thu Sep  3 02:35:10 AM CDT 2026;' user_mem=9.88GiB(7.9%) job_mem=0.01GiB sys_used=11.3% mem_avail=111.0GiB zombies=0 batch_running=no
[2026-09-03 02:39:40] STARTING batch from checkpoint
[2026-09-03 02:39:40] Started batch pid=3300576
[2026-09-03 02:44:41] PROGRESS done=512/514 converted=42 workers=1/0 active current='Converting 86414795_112 at Thu Sep  3 02:35:10 AM CDT 2026;Converting 86414790_107 at Thu Sep  3 02:39:40 AM CDT 2026;Converting 86414795_112 at Thu Sep  3 02:40:13 AM CDT 2026;' user_mem=9.87GiB(7.9%) job_mem=0.01GiB sys_used=11.2% mem_avail=111.1GiB zombies=0 batch_running=no
[2026-09-03 02:44:42] STARTING batch from checkpoint
[2026-09-03 02:44:42] Started batch pid=3312623
[2026-09-03 02:49:44] PROGRESS done=512/514 converted=42 workers=1/0 active current='Converting 86414795_112 at Thu Sep  3 02:40:13 AM CDT 2026;Converting 86414790_107 at Thu Sep  3 02:44:43 AM CDT 2026;Converting 86414795_112 at Thu Sep  3 02:45:17 AM CDT 2026;' user_mem=10.80GiB(8.6%) job_mem=0.01GiB sys_used=11.9% mem_avail=110.3GiB zombies=0 batch_running=no
[2026-09-03 02:49:45] STARTING batch from checkpoint
[2026-09-03 02:49:45] Started batch pid=3323221
[2026-09-03 02:54:47] PROGRESS done=512/514 converted=42 workers=1/0 active current='Converting 86414795_112 at Thu Sep  3 02:45:17 AM CDT 2026;Converting 86414790_107 at Thu Sep  3 02:49:45 AM CDT 2026;Converting 86414795_112 at Thu Sep  3 02:50:20 AM CDT 2026;' user_mem=9.99GiB(8.0%) job_mem=0.01GiB sys_used=11.0% mem_avail=111.3GiB zombies=0 batch_running=no
[2026-09-03 02:54:48] STARTING batch from checkpoint
[2026-09-03 02:54:48] Started batch pid=3333362
[2026-09-03 02:59:50] PROGRESS done=512/514 converted=42 workers=1/0 active current='Converting 86414795_112 at Thu Sep  3 02:50:20 AM CDT 2026;Converting 86414790_107 at Thu Sep  3 02:54:48 AM CDT 2026;Converting 86414795_112 at Thu Sep  3 02:55:21 AM CDT 2026;' user_mem=9.88GiB(7.9%) job_mem=0.01GiB sys_used=11.1% mem_avail=111.2GiB zombies=0 batch_running=no
[2026-09-03 02:59:51] STARTING batch from checkpoint
[2026-09-03 02:59:51] Started batch pid=3343022
[2026-09-03 03:04:52] PROGRESS done=512/514 converted=42 workers=1/0 active current='Converting 86414795_112 at Thu Sep  3 02:55:21 AM CDT 2026;Converting 86414790_107 at Thu Sep  3 02:59:51 AM CDT 2026;Converting 86414795_112 at Thu Sep  3 03:00:24 AM CDT 2026;' user_mem=9.90GiB(7.9%) job_mem=0.01GiB sys_used=11.4% mem_avail=110.9GiB zombies=0 batch_running=no
[2026-09-03 03:04:53] STARTING batch from checkpoint
[2026-09-03 03:04:53] Started batch pid=3353311
[2026-09-03 03:09:55] PROGRESS done=512/514 converted=42 workers=1/0 active current='Converting 86414795_112 at Thu Sep  3 03:00:24 AM CDT 2026;Converting 86414790_107 at Thu Sep  3 03:04:53 AM CDT 2026;Converting 86414795_112 at Thu Sep  3 03:05:26 AM CDT 2026;' user_mem=10.05GiB(8.0%) job_mem=0.01GiB sys_used=11.3% mem_avail=111.0GiB zombies=0 batch_running=no
[2026-09-03 03:09:56] STARTING batch from checkpoint
[2026-09-03 03:09:56] Started batch pid=3362717
[2026-09-03 03:14:58] PROGRESS done=512/514 converted=42 workers=1/0 active current='Converting 86414795_112 at Thu Sep  3 03:05:26 AM CDT 2026;Converting 86414790_107 at Thu Sep  3 03:09:56 AM CDT 2026;Converting 86414795_112 at Thu Sep  3 03:10:31 AM CDT 2026;' user_mem=10.06GiB(8.0%) job_mem=0.01GiB sys_used=11.4% mem_avail=110.9GiB zombies=0 batch_running=no
[2026-09-03 03:14:59] STARTING batch from checkpoint
[2026-09-03 03:14:59] Started batch pid=3373851
[2026-09-03 03:20:00] PROGRESS done=512/514 converted=42 workers=1/0 active current='Converting 86414795_112 at Thu Sep  3 03:10:31 AM CDT 2026;Converting 86414790_107 at Thu Sep  3 03:14:59 AM CDT 2026;Converting 86414795_112 at Thu Sep  3 03:15:32 AM CDT 2026;' user_mem=10.45GiB(8.3%) job_mem=0.01GiB sys_used=14.6% mem_avail=106.8GiB zombies=0 batch_running=no
[2026-09-03 03:20:02] STARTING batch from checkpoint
[2026-09-03 03:20:02] Started batch pid=3385313
[2026-09-03 03:25:03] PROGRESS done=512/514 converted=42 workers=1/0 active current='Converting 86414795_112 at Thu Sep  3 03:15:32 AM CDT 2026;Converting 86414790_107 at Thu Sep  3 03:20:02 AM CDT 2026;Converting 86414795_112 at Thu Sep  3 03:20:35 AM CDT 2026;' user_mem=10.50GiB(8.4%) job_mem=0.01GiB sys_used=14.4% mem_avail=107.1GiB zombies=0 batch_running=no
[2026-09-03 03:25:04] STARTING batch from checkpoint
[2026-09-03 03:25:04] Started batch pid=3396229
[2026-09-03 03:30:06] PROGRESS done=512/514 converted=42 workers=1/0 active current='Converting 86414795_112 at Thu Sep  3 03:20:35 AM CDT 2026;Converting 86414790_107 at Thu Sep  3 03:25:04 AM CDT 2026;Converting 86414795_112 at Thu Sep  3 03:25:37 AM CDT 2026;' user_mem=10.53GiB(8.4%) job_mem=0.01GiB sys_used=15.0% mem_avail=106.3GiB zombies=0 batch_running=no
[2026-09-03 03:30:07] STARTING batch from checkpoint
[2026-09-03 03:30:07] Started batch pid=3406671
[2026-09-03 03:35:08] PROGRESS done=512/514 converted=42 workers=1/0 active current='Converting 86414795_112 at Thu Sep  3 03:25:37 AM CDT 2026;Converting 86414790_107 at Thu Sep  3 03:30:07 AM CDT 2026;Converting 86414795_112 at Thu Sep  3 03:30:40 AM CDT 2026;' user_mem=10.53GiB(8.4%) job_mem=0.01GiB sys_used=15.3% mem_avail=106.0GiB zombies=0 batch_running=no
[2026-09-03 03:35:09] STARTING batch from checkpoint
[2026-09-03 03:35:09] Started batch pid=3417926
[2026-09-03 03:40:11] PROGRESS done=512/514 converted=42 workers=1/0 active current='Converting 86414795_112 at Thu Sep  3 03:30:40 AM CDT 2026;Converting 86414790_107 at Thu Sep  3 03:35:10 AM CDT 2026;Converting 86414795_112 at Thu Sep  3 03:35:43 AM CDT 2026;' user_mem=10.00GiB(8.0%) job_mem=0.01GiB sys_used=15.0% mem_avail=106.3GiB zombies=0 batch_running=no
[2026-09-03 03:40:12] STARTING batch from checkpoint
[2026-09-03 03:40:12] Started batch pid=3426728
[2026-09-03 03:45:14] PROGRESS done=512/514 converted=42 workers=1/0 active current='Converting 86414795_112 at Thu Sep  3 03:35:43 AM CDT 2026;Converting 86414790_107 at Thu Sep  3 03:40:12 AM CDT 2026;Converting 86414795_112 at Thu Sep  3 03:40:48 AM CDT 2026;' user_mem=10.08GiB(8.1%) job_mem=0.01GiB sys_used=15.7% mem_avail=105.5GiB zombies=0 batch_running=no
[2026-09-03 03:45:15] STARTING batch from checkpoint
[2026-09-03 03:45:15] Started batch pid=3437968
[2026-09-03 03:50:16] PROGRESS done=512/514 converted=42 workers=1/0 active current='Converting 86414795_112 at Thu Sep  3 03:40:48 AM CDT 2026;Converting 86414790_107 at Thu Sep  3 03:45:15 AM CDT 2026;Converting 86414795_112 at Thu Sep  3 03:45:48 AM CDT 2026;' user_mem=10.11GiB(8.1%) job_mem=0.01GiB sys_used=16.0% mem_avail=105.1GiB zombies=0 batch_running=no
[2026-09-03 03:50:17] STARTING batch from checkpoint
[2026-09-03 03:50:17] Started batch pid=3448038
[2026-09-03 03:55:19] PROGRESS done=512/514 converted=42 workers=1/0 active current='Converting 86414795_112 at Thu Sep  3 03:45:48 AM CDT 2026;Converting 86414790_107 at Thu Sep  3 03:50:18 AM CDT 2026;Converting 86414795_112 at Thu Sep  3 03:50:50 AM CDT 2026;' user_mem=10.36GiB(8.3%) job_mem=0.01GiB sys_used=17.0% mem_avail=103.9GiB zombies=0 batch_running=no
[2026-09-03 03:55:20] STARTING batch from checkpoint
[2026-09-03 03:55:20] Started batch pid=3457092
[2026-09-03 04:00:22] PROGRESS done=512/514 converted=42 workers=1/0 active current='Converting 86414795_112 at Thu Sep  3 03:50:50 AM CDT 2026;Converting 86414790_107 at Thu Sep  3 03:55:20 AM CDT 2026;Converting 86414795_112 at Thu Sep  3 03:55:53 AM CDT 2026;' user_mem=10.38GiB(8.3%) job_mem=0.01GiB sys_used=17.7% mem_avail=102.9GiB zombies=0 batch_running=no
[2026-09-03 04:00:23] STARTING batch from checkpoint
[2026-09-03 04:00:23] Started batch pid=3468358
[2026-09-03 04:05:24] PROGRESS done=512/514 converted=42 workers=1/0 active current='Converting 86414795_112 at Thu Sep  3 03:55:53 AM CDT 2026;Converting 86414790_107 at Thu Sep  3 04:00:23 AM CDT 2026;Converting 86414795_112 at Thu Sep  3 04:00:56 AM CDT 2026;' user_mem=10.35GiB(8.3%) job_mem=0.01GiB sys_used=18.3% mem_avail=102.3GiB zombies=0 batch_running=no
[2026-09-03 04:05:25] STARTING batch from checkpoint
[2026-09-03 04:05:25] Started batch pid=3477334
[2026-09-03 04:10:27] PROGRESS done=512/514 converted=42 workers=1/0 active current='Converting 86414795_112 at Thu Sep  3 04:00:56 AM CDT 2026;Converting 86414790_107 at Thu Sep  3 04:05:25 AM CDT 2026;Converting 86414795_112 at Thu Sep  3 04:05:58 AM CDT 2026;' user_mem=10.43GiB(8.3%) job_mem=0.01GiB sys_used=19.4% mem_avail=100.8GiB zombies=0 batch_running=no
[2026-09-03 04:10:28] STARTING batch from checkpoint
[2026-09-03 04:10:28] Started batch pid=3487460
[2026-09-03 04:15:29] PROGRESS done=512/514 converted=42 workers=1/0 active current='Converting 86414795_112 at Thu Sep  3 04:05:58 AM CDT 2026;Converting 86414790_107 at Thu Sep  3 04:10:28 AM CDT 2026;Converting 86414795_112 at Thu Sep  3 04:11:01 AM CDT 2026;' user_mem=10.43GiB(8.3%) job_mem=0.01GiB sys_used=20.0% mem_avail=100.1GiB zombies=0 batch_running=no
[2026-09-03 04:15:30] STARTING batch from checkpoint
[2026-09-03 04:15:30] Started batch pid=3498486
[2026-09-03 04:20:32] PROGRESS done=512/514 converted=42 workers=1/0 active current='Converting 86414795_112 at Thu Sep  3 04:11:01 AM CDT 2026;Converting 86414790_107 at Thu Sep  3 04:15:31 AM CDT 2026;Converting 86414795_112 at Thu Sep  3 04:16:04 AM CDT 2026;' user_mem=10.40GiB(8.3%) job_mem=0.01GiB sys_used=20.2% mem_avail=99.8GiB zombies=0 batch_running=no
[2026-09-03 04:20:33] STARTING batch from checkpoint
[2026-09-03 04:20:33] Started batch pid=3508120
[2026-09-03 04:25:35] PROGRESS done=512/514 converted=42 workers=1/0 active current='Converting 86414795_112 at Thu Sep  3 04:16:04 AM CDT 2026;Converting 86414790_107 at Thu Sep  3 04:20:33 AM CDT 2026;Converting 86414795_112 at Thu Sep  3 04:21:06 AM CDT 2026;' user_mem=10.43GiB(8.3%) job_mem=0.01GiB sys_used=20.9% mem_avail=99.0GiB zombies=0 batch_running=no
[2026-09-03 04:25:36] STARTING batch from checkpoint
[2026-09-03 04:25:36] Started batch pid=3517446
[2026-09-03 04:30:37] PROGRESS done=512/514 converted=42 workers=1/0 active current='Converting 86414795_112 at Thu Sep  3 04:21:06 AM CDT 2026;Converting 86414790_107 at Thu Sep  3 04:25:36 AM CDT 2026;Converting 86414795_112 at Thu Sep  3 04:26:09 AM CDT 2026;' user_mem=10.43GiB(8.3%) job_mem=0.01GiB sys_used=21.5% mem_avail=98.3GiB zombies=0 batch_running=no
[2026-09-03 04:30:38] STARTING batch from checkpoint
[2026-09-03 04:30:38] Started batch pid=3528323
[2026-09-03 04:35:40] PROGRESS done=512/514 converted=42 workers=1/0 active current='Converting 86414795_112 at Thu Sep  3 04:26:09 AM CDT 2026;Converting 86414790_107 at Thu Sep  3 04:30:38 AM CDT 2026;Converting 86414795_112 at Thu Sep  3 04:31:11 AM CDT 2026;' user_mem=10.46GiB(8.4%) job_mem=0.01GiB sys_used=22.2% mem_avail=97.4GiB zombies=0 batch_running=no
[2026-09-03 04:35:41] STARTING batch from checkpoint
[2026-09-03 04:35:41] Started batch pid=3537642
[2026-09-03 04:40:42] PROGRESS done=512/514 converted=42 workers=1/0 active current='Converting 86414795_112 at Thu Sep  3 04:31:11 AM CDT 2026;Converting 86414790_107 at Thu Sep  3 04:35:41 AM CDT 2026;Converting 86414795_112 at Thu Sep  3 04:36:14 AM CDT 2026;' user_mem=10.34GiB(8.2%) job_mem=0.01GiB sys_used=22.9% mem_avail=96.5GiB zombies=0 batch_running=no
[2026-09-03 04:40:43] STARTING batch from checkpoint
[2026-09-03 04:40:43] Started batch pid=3548732
[2026-09-03 04:45:45] PROGRESS done=512/514 converted=42 workers=1/0 active current='Converting 86414795_112 at Thu Sep  3 04:36:14 AM CDT 2026;Converting 86414790_107 at Thu Sep  3 04:40:44 AM CDT 2026;Converting 86414795_112 at Thu Sep  3 04:41:17 AM CDT 2026;' user_mem=10.47GiB(8.4%) job_mem=0.01GiB sys_used=23.3% mem_avail=96.0GiB zombies=0 batch_running=no
[2026-09-03 04:45:46] STARTING batch from checkpoint
[2026-09-03 04:45:46] Started batch pid=3559005
[2026-09-03 04:50:48] PROGRESS done=512/514 converted=42 workers=1/0 active current='Converting 86414795_112 at Thu Sep  3 04:41:17 AM CDT 2026;Converting 86414790_107 at Thu Sep  3 04:45:46 AM CDT 2026;Converting 86414795_112 at Thu Sep  3 04:46:19 AM CDT 2026;' user_mem=10.39GiB(8.3%) job_mem=0.01GiB sys_used=24.0% mem_avail=95.1GiB zombies=0 batch_running=no
[2026-09-03 04:50:49] STARTING batch from checkpoint
[2026-09-03 04:50:49] Started batch pid=3569694
[2026-09-03 04:55:50] PROGRESS done=512/514 converted=42 workers=1/0 active current='Converting 86414795_112 at Thu Sep  3 04:46:19 AM CDT 2026;Converting 86414790_107 at Thu Sep  3 04:50:49 AM CDT 2026;Converting 86414795_112 at Thu Sep  3 04:51:22 AM CDT 2026;' user_mem=10.41GiB(8.3%) job_mem=0.01GiB sys_used=24.6% mem_avail=94.3GiB zombies=0 batch_running=no
[2026-09-03 04:55:51] STARTING batch from checkpoint
[2026-09-03 04:55:51] Started batch pid=3579697
[2026-09-03 05:00:53] PROGRESS done=512/514 converted=42 workers=1/0 active current='Converting 86414795_112 at Thu Sep  3 04:51:22 AM CDT 2026;Converting 86414790_107 at Thu Sep  3 04:55:51 AM CDT 2026;Converting 86414795_112 at Thu Sep  3 04:56:24 AM CDT 2026;' user_mem=10.44GiB(8.3%) job_mem=0.01GiB sys_used=25.2% mem_avail=93.6GiB zombies=0 batch_running=no
[2026-09-03 05:00:54] STARTING batch from checkpoint
[2026-09-03 05:00:54] Started batch pid=3590859
[2026-09-03 05:05:56] PROGRESS done=512/514 converted=42 workers=1/0 active current='Converting 86414795_112 at Thu Sep  3 04:56:24 AM CDT 2026;Converting 86414790_107 at Thu Sep  3 05:00:54 AM CDT 2026;Converting 86414795_112 at Thu Sep  3 05:01:27 AM CDT 2026;' user_mem=10.43GiB(8.3%) job_mem=0.01GiB sys_used=25.8% mem_avail=92.9GiB zombies=0 batch_running=no
[2026-09-03 05:05:57] STARTING batch from checkpoint
[2026-09-03 05:05:57] Started batch pid=3601207
[2026-09-03 05:10:58] PROGRESS done=512/514 converted=42 workers=1/0 active current='Converting 86414795_112 at Thu Sep  3 05:01:27 AM CDT 2026;Converting 86414790_107 at Thu Sep  3 05:05:57 AM CDT 2026;Converting 86414795_112 at Thu Sep  3 05:06:30 AM CDT 2026;' user_mem=10.27GiB(8.2%) job_mem=0.01GiB sys_used=26.0% mem_avail=92.6GiB zombies=0 batch_running=no
[2026-09-03 05:10:59] STARTING batch from checkpoint
[2026-09-03 05:10:59] Started batch pid=3611811
[2026-09-03 05:16:01] PROGRESS done=512/514 converted=42 workers=1/0 active current='Converting 86414795_112 at Thu Sep  3 05:06:30 AM CDT 2026;Converting 86414790_107 at Thu Sep  3 05:10:59 AM CDT 2026;Converting 86414795_112 at Thu Sep  3 05:11:32 AM CDT 2026;' user_mem=10.18GiB(8.1%) job_mem=0.01GiB sys_used=26.3% mem_avail=92.2GiB zombies=0 batch_running=no
[2026-09-03 05:16:02] STARTING batch from checkpoint
[2026-09-03 05:16:02] Started batch pid=3622290
[2026-09-03 05:21:04] PROGRESS done=512/514 converted=42 workers=1/0 active current='Converting 86414795_112 at Thu Sep  3 05:11:32 AM CDT 2026;Converting 86414790_107 at Thu Sep  3 05:16:02 AM CDT 2026;Converting 86414795_112 at Thu Sep  3 05:16:35 AM CDT 2026;' user_mem=10.29GiB(8.2%) job_mem=0.01GiB sys_used=27.0% mem_avail=91.4GiB zombies=0 batch_running=no
[2026-09-03 05:21:05] STARTING batch from checkpoint
[2026-09-03 05:21:05] Started batch pid=3633559
[2026-09-03 05:26:06] PROGRESS done=512/514 converted=42 workers=1/0 active current='Converting 86414795_112 at Thu Sep  3 05:16:35 AM CDT 2026;Converting 86414790_107 at Thu Sep  3 05:21:05 AM CDT 2026;Converting 86414795_112 at Thu Sep  3 05:21:38 AM CDT 2026;' user_mem=10.28GiB(8.2%) job_mem=0.01GiB sys_used=27.5% mem_avail=90.7GiB zombies=0 batch_running=no
[2026-09-03 05:26:07] STARTING batch from checkpoint
[2026-09-03 05:26:07] Started batch pid=3643935
[2026-09-03 05:31:09] PROGRESS done=512/514 converted=42 workers=1/0 active current='Converting 86414795_112 at Thu Sep  3 05:21:38 AM CDT 2026;Converting 86414790_107 at Thu Sep  3 05:26:08 AM CDT 2026;Converting 86414795_112 at Thu Sep  3 05:26:40 AM CDT 2026;' user_mem=10.28GiB(8.2%) job_mem=0.01GiB sys_used=28.5% mem_avail=89.4GiB zombies=0 batch_running=no
[2026-09-03 05:31:10] STARTING batch from checkpoint
[2026-09-03 05:31:10] Started batch pid=3656502
[2026-09-03 05:36:12] PROGRESS done=512/514 converted=42 workers=1/0 active current='Converting 86414795_112 at Thu Sep  3 05:26:40 AM CDT 2026;Converting 86414790_107 at Thu Sep  3 05:31:11 AM CDT 2026;Converting 86414795_112 at Thu Sep  3 05:31:44 AM CDT 2026;' user_mem=10.30GiB(8.2%) job_mem=0.01GiB sys_used=29.1% mem_avail=88.7GiB zombies=0 batch_running=no
[2026-09-03 05:36:13] STARTING batch from checkpoint
[2026-09-03 05:36:13] Started batch pid=3667562
[2026-09-03 05:41:15] PROGRESS done=512/514 converted=42 workers=1/0 active current='Converting 86414795_112 at Thu Sep  3 05:31:44 AM CDT 2026;Converting 86414790_107 at Thu Sep  3 05:36:13 AM CDT 2026;Converting 86414795_112 at Thu Sep  3 05:36:47 AM CDT 2026;' user_mem=10.30GiB(8.2%) job_mem=0.02GiB sys_used=29.7% mem_avail=87.9GiB zombies=0 batch_running=no
[2026-09-03 05:41:16] STARTING batch from checkpoint
[2026-09-03 05:41:16] Started batch pid=3678892
[2026-09-03 05:46:18] PROGRESS done=512/514 converted=42 workers=1/1 active current='Converting 86414795_112 at Thu Sep  3 05:36:47 AM CDT 2026;Converting 86414790_107 at Thu Sep  3 05:41:16 AM CDT 2026;Converting 86414795_112 at Thu Sep  3 05:41:49 AM CDT 2026;' user_mem=10.39GiB(8.3%) job_mem=0.07GiB sys_used=30.5% mem_avail=87.0GiB zombies=0 batch_running=yes
[2026-09-03 05:51:20] PROGRESS done=512/514 converted=42 workers=1/1 active current='Converting 86414795_112 at Thu Sep  3 05:36:47 AM CDT 2026;Converting 86414790_107 at Thu Sep  3 05:41:16 AM CDT 2026;Converting 86414795_112 at Thu Sep  3 05:41:49 AM CDT 2026;' user_mem=20.57GiB(16.4%) job_mem=10.25GiB sys_used=39.7% mem_avail=75.5GiB zombies=0 batch_running=yes
[2026-09-03 05:56:22] PROGRESS done=512/514 converted=42 workers=1/1 active current='Converting 86414795_112 at Thu Sep  3 05:36:47 AM CDT 2026;Converting 86414790_107 at Thu Sep  3 05:41:16 AM CDT 2026;Converting 86414795_112 at Thu Sep  3 05:41:49 AM CDT 2026;' user_mem=20.52GiB(16.4%) job_mem=10.23GiB sys_used=39.8% mem_avail=75.4GiB zombies=0 batch_running=yes
[2026-09-03 06:01:25] PROGRESS done=512/514 converted=42 workers=1/0 active current='Converting 86414795_112 at Thu Sep  3 05:36:47 AM CDT 2026;Converting 86414790_107 at Thu Sep  3 05:41:16 AM CDT 2026;Converting 86414795_112 at Thu Sep  3 05:41:49 AM CDT 2026;' user_mem=10.19GiB(8.1%) job_mem=0.01GiB sys_used=32.7% mem_avail=84.2GiB zombies=0 batch_running=no
[2026-09-03 06:01:26] STARTING batch from checkpoint
[2026-09-03 06:01:26] Started batch pid=3718870
[2026-09-03 06:06:27] PROGRESS done=512/514 converted=42 workers=1/1 active current='Converting 86414790_107 at Thu Sep  3 05:41:16 AM CDT 2026;Converting 86414795_112 at Thu Sep  3 05:41:49 AM CDT 2026;Converting 86414790_107 at Thu Sep  3 06:01:26 AM CDT 2026;' user_mem=23.22GiB(18.5%) job_mem=13.07GiB sys_used=43.8% mem_avail=70.3GiB zombies=0 batch_running=yes
[2026-09-03 06:06:28] STOPPING batch (memory limit (user_mem=18.8%, job_mem=13.43GiB, limits=30%/12GiB))
[2026-09-03 06:06:29] Sending TERM to wvfm2h5.py pid=3726497
[2026-09-03 06:06:29] Sending TERM to batch pid=3721888
[2026-09-03 06:06:41] Batch stopped. Checkpoint saved to /exp/sbnd/app/users/munjung/anomaly-detection/logs/wvfm2h5_checkpoint_offbeamlight_tpc1.txt
[2026-09-03 06:06:41] Cooling down for 60s before resume
[2026-09-03 06:07:42] PROGRESS done=512/514 converted=42 workers=1/1 active current='Converting 86414790_107 at Thu Sep  3 05:41:16 AM CDT 2026;Converting 86414795_112 at Thu Sep  3 05:41:49 AM CDT 2026;Converting 86414790_107 at Thu Sep  3 06:01:26 AM CDT 2026;' user_mem=13.15GiB(10.5%) job_mem=2.97GiB sys_used=36.2% mem_avail=79.9GiB zombies=0 batch_running=yes
[2026-09-03 06:07:42] Batch already running; not starting another instance
[2026-09-03 06:12:44] PROGRESS done=512/514 converted=42 workers=1/1 active current='Converting 86414790_107 at Thu Sep  3 05:41:16 AM CDT 2026;Converting 86414795_112 at Thu Sep  3 05:41:49 AM CDT 2026;Converting 86414790_107 at Thu Sep  3 06:01:26 AM CDT 2026;' user_mem=23.08GiB(18.4%) job_mem=12.97GiB sys_used=43.6% mem_avail=70.6GiB zombies=0 batch_running=yes
[2026-09-03 06:12:44] STOPPING batch (memory limit (user_mem=18.6%, job_mem=13.13GiB, limits=30%/12GiB))
[2026-09-03 06:12:45] Sending TERM to wvfm2h5.py pid=3737565
[2026-09-03 06:12:45] Sending TERM to batch pid=3731435
[2026-09-03 06:12:57] Batch stopped. Checkpoint saved to /exp/sbnd/app/users/munjung/anomaly-detection/logs/wvfm2h5_checkpoint_offbeamlight_tpc1.txt
[2026-09-03 06:12:57] Cooling down for 60s before resume
[2026-09-03 06:13:59] PROGRESS done=512/514 converted=42 workers=1/0 active current='Converting 86414790_107 at Thu Sep  3 05:41:16 AM CDT 2026;Converting 86414795_112 at Thu Sep  3 05:41:49 AM CDT 2026;Converting 86414790_107 at Thu Sep  3 06:01:26 AM CDT 2026;' user_mem=10.15GiB(8.1%) job_mem=0.01GiB sys_used=34.2% mem_avail=82.3GiB zombies=0 batch_running=no
[2026-09-03 06:13:59] STARTING batch from checkpoint
[2026-09-03 06:13:59] Started batch pid=3745660
[2026-09-03 06:19:01] PROGRESS done=512/514 converted=42 workers=1/0 active current='Converting 86414790_107 at Thu Sep  3 06:01:26 AM CDT 2026;Converting 86414790_107 at Thu Sep  3 06:14:00 AM CDT 2026;Converting 86414795_112 at Thu Sep  3 06:14:33 AM CDT 2026;' user_mem=10.17GiB(8.1%) job_mem=0.02GiB sys_used=34.5% mem_avail=82.0GiB zombies=0 batch_running=yes
[2026-09-03 06:24:03] PROGRESS done=512/514 converted=42 workers=1/1 active current='Converting 86414790_107 at Thu Sep  3 06:01:26 AM CDT 2026;Converting 86414790_107 at Thu Sep  3 06:14:00 AM CDT 2026;Converting 86414795_112 at Thu Sep  3 06:14:33 AM CDT 2026;' user_mem=14.16GiB(11.3%) job_mem=3.94GiB sys_used=38.7% mem_avail=76.7GiB zombies=0 batch_running=yes
[2026-09-03 06:29:05] PROGRESS done=512/514 converted=42 workers=1/0 active current='Converting 86414790_107 at Thu Sep  3 06:01:26 AM CDT 2026;Converting 86414790_107 at Thu Sep  3 06:14:00 AM CDT 2026;Converting 86414795_112 at Thu Sep  3 06:14:33 AM CDT 2026;' user_mem=10.13GiB(8.1%) job_mem=0.01GiB sys_used=36.3% mem_avail=79.7GiB zombies=0 batch_running=no
[2026-09-03 06:29:06] STARTING batch from checkpoint
[2026-09-03 06:29:06] Started batch pid=3775328
[2026-09-03 06:34:08] PROGRESS done=512/514 converted=42 workers=1/0 active current='Converting 86414795_112 at Thu Sep  3 06:14:33 AM CDT 2026;Converting 86414790_107 at Thu Sep  3 06:29:07 AM CDT 2026;Converting 86414795_112 at Thu Sep  3 06:29:40 AM CDT 2026;' user_mem=9.99GiB(8.0%) job_mem=0.01GiB sys_used=36.9% mem_avail=78.9GiB zombies=0 batch_running=no
[2026-09-03 06:34:09] STARTING batch from checkpoint
[2026-09-03 06:34:09] Started batch pid=3785797
[2026-09-03 06:39:11] PROGRESS done=512/514 converted=42 workers=1/0 active current='Converting 86414795_112 at Thu Sep  3 06:29:40 AM CDT 2026;Converting 86414790_107 at Thu Sep  3 06:34:09 AM CDT 2026;Converting 86414795_112 at Thu Sep  3 06:34:42 AM CDT 2026;' user_mem=9.71GiB(7.8%) job_mem=0.01GiB sys_used=37.2% mem_avail=78.5GiB zombies=0 batch_running=no
[2026-09-03 06:39:12] STARTING batch from checkpoint
[2026-09-03 06:39:12] Started batch pid=3796394
[2026-09-03 06:44:13] PROGRESS done=512/514 converted=42 workers=1/0 active current='Converting 86414795_112 at Thu Sep  3 06:34:42 AM CDT 2026;Converting 86414790_107 at Thu Sep  3 06:39:12 AM CDT 2026;Converting 86414795_112 at Thu Sep  3 06:39:45 AM CDT 2026;' user_mem=10.08GiB(8.1%) job_mem=0.01GiB sys_used=37.9% mem_avail=77.7GiB zombies=0 batch_running=no
[2026-09-03 06:44:14] STARTING batch from checkpoint
[2026-09-03 06:44:14] Started batch pid=3806802
[2026-09-03 06:49:16] PROGRESS done=512/514 converted=42 workers=1/0 active current='Converting 86414795_112 at Thu Sep  3 06:39:45 AM CDT 2026;Converting 86414790_107 at Thu Sep  3 06:44:15 AM CDT 2026;Converting 86414795_112 at Thu Sep  3 06:44:47 AM CDT 2026;' user_mem=10.14GiB(8.1%) job_mem=0.01GiB sys_used=37.7% mem_avail=78.0GiB zombies=0 batch_running=no
[2026-09-03 06:49:17] STARTING batch from checkpoint
[2026-09-03 06:49:17] Started batch pid=3816117
[2026-09-03 06:54:19] PROGRESS done=512/514 converted=42 workers=1/0 active current='Converting 86414795_112 at Thu Sep  3 06:44:47 AM CDT 2026;Converting 86414790_107 at Thu Sep  3 06:49:17 AM CDT 2026;Converting 86414795_112 at Thu Sep  3 06:49:50 AM CDT 2026;' user_mem=10.09GiB(8.1%) job_mem=0.01GiB sys_used=37.9% mem_avail=77.8GiB zombies=0 batch_running=no
[2026-09-03 06:54:20] STARTING batch from checkpoint
[2026-09-03 06:54:20] Started batch pid=3827666
[2026-09-03 06:59:21] PROGRESS done=512/514 converted=42 workers=1/0 active current='Converting 86414795_112 at Thu Sep  3 06:49:50 AM CDT 2026;Converting 86414790_107 at Thu Sep  3 06:54:20 AM CDT 2026;Converting 86414795_112 at Thu Sep  3 06:54:53 AM CDT 2026;' user_mem=10.05GiB(8.0%) job_mem=0.01GiB sys_used=38.4% mem_avail=77.1GiB zombies=0 batch_running=no
[2026-09-03 06:59:22] STARTING batch from checkpoint
[2026-09-03 06:59:22] Started batch pid=3836854
[2026-09-03 07:04:24] PROGRESS done=512/514 converted=42 workers=1/0 active current='Converting 86414795_112 at Thu Sep  3 06:54:53 AM CDT 2026;Converting 86414790_107 at Thu Sep  3 06:59:22 AM CDT 2026;Converting 86414795_112 at Thu Sep  3 06:59:55 AM CDT 2026;' user_mem=10.14GiB(8.1%) job_mem=0.01GiB sys_used=39.0% mem_avail=76.3GiB zombies=0 batch_running=no
[2026-09-03 07:04:25] STARTING batch from checkpoint
[2026-09-03 07:04:25] Started batch pid=3847671
[2026-09-03 07:09:27] PROGRESS done=512/514 converted=42 workers=1/0 active current='Converting 86414795_112 at Thu Sep  3 06:59:55 AM CDT 2026;Converting 86414790_107 at Thu Sep  3 07:04:25 AM CDT 2026;Converting 86414795_112 at Thu Sep  3 07:04:58 AM CDT 2026;' user_mem=10.10GiB(8.1%) job_mem=0.01GiB sys_used=40.0% mem_avail=75.1GiB zombies=0 batch_running=no
[2026-09-03 07:09:28] STARTING batch from checkpoint
[2026-09-03 07:09:28] Started batch pid=3858418
[2026-09-03 07:14:30] PROGRESS done=512/514 converted=42 workers=1/0 active current='Converting 86414795_112 at Thu Sep  3 07:04:58 AM CDT 2026;Converting 86414790_107 at Thu Sep  3 07:09:28 AM CDT 2026;Converting 86414795_112 at Thu Sep  3 07:10:01 AM CDT 2026;' user_mem=10.15GiB(8.1%) job_mem=0.01GiB sys_used=40.6% mem_avail=74.3GiB zombies=0 batch_running=no
[2026-09-03 07:14:31] STARTING batch from checkpoint
[2026-09-03 07:14:31] Started batch pid=3868609
[2026-09-03 07:19:33] PROGRESS done=512/514 converted=42 workers=1/0 active current='Converting 86414795_112 at Thu Sep  3 07:10:01 AM CDT 2026;Converting 86414790_107 at Thu Sep  3 07:14:31 AM CDT 2026;Converting 86414795_112 at Thu Sep  3 07:15:04 AM CDT 2026;' user_mem=10.08GiB(8.1%) job_mem=0.01GiB sys_used=41.4% mem_avail=73.4GiB zombies=0 batch_running=no
[2026-09-03 07:19:34] STARTING batch from checkpoint
[2026-09-03 07:19:34] Started batch pid=3878201
[2026-09-03 07:24:35] PROGRESS done=512/514 converted=42 workers=1/0 active current='Converting 86414795_112 at Thu Sep  3 07:15:04 AM CDT 2026;Converting 86414790_107 at Thu Sep  3 07:19:34 AM CDT 2026;Converting 86414795_112 at Thu Sep  3 07:20:07 AM CDT 2026;' user_mem=10.09GiB(8.1%) job_mem=0.01GiB sys_used=42.1% mem_avail=72.5GiB zombies=0 batch_running=no
[2026-09-03 07:24:36] STARTING batch from checkpoint
[2026-09-03 07:24:36] Started batch pid=3888681
[2026-09-03 07:29:38] PROGRESS done=512/514 converted=42 workers=1/0 active current='Converting 86414795_112 at Thu Sep  3 07:20:07 AM CDT 2026;Converting 86414790_107 at Thu Sep  3 07:24:37 AM CDT 2026;Converting 86414795_112 at Thu Sep  3 07:25:09 AM CDT 2026;' user_mem=10.21GiB(8.2%) job_mem=0.01GiB sys_used=42.6% mem_avail=71.8GiB zombies=0 batch_running=no
[2026-09-03 07:29:39] STARTING batch from checkpoint
[2026-09-03 07:29:39] Started batch pid=3898301
[2026-09-03 07:34:41] PROGRESS done=512/514 converted=42 workers=1/0 active current='Converting 86414795_112 at Thu Sep  3 07:25:09 AM CDT 2026;Converting 86414790_107 at Thu Sep  3 07:29:39 AM CDT 2026;Converting 86414795_112 at Thu Sep  3 07:30:12 AM CDT 2026;' user_mem=10.12GiB(8.1%) job_mem=0.01GiB sys_used=44.1% mem_avail=70.0GiB zombies=0 batch_running=no
[2026-09-03 07:34:42] STARTING batch from checkpoint
[2026-09-03 07:34:42] Started batch pid=3908390
[2026-09-03 07:39:44] PROGRESS done=512/514 converted=42 workers=1/0 active current='Converting 86414795_112 at Thu Sep  3 07:30:12 AM CDT 2026;Converting 86414790_107 at Thu Sep  3 07:34:42 AM CDT 2026;Converting 86414795_112 at Thu Sep  3 07:35:15 AM CDT 2026;' user_mem=10.12GiB(8.1%) job_mem=0.01GiB sys_used=44.7% mem_avail=69.2GiB zombies=0 batch_running=no
[2026-09-03 07:39:45] STARTING batch from checkpoint
[2026-09-03 07:39:45] Started batch pid=3918487
[2026-09-03 07:44:47] PROGRESS done=512/514 converted=42 workers=1/0 active current='Converting 86414795_112 at Thu Sep  3 07:35:15 AM CDT 2026;Converting 86414790_107 at Thu Sep  3 07:39:45 AM CDT 2026;Converting 86414795_112 at Thu Sep  3 07:40:18 AM CDT 2026;' user_mem=10.29GiB(8.2%) job_mem=0.01GiB sys_used=44.2% mem_avail=69.8GiB zombies=0 batch_running=no
[2026-09-03 07:44:48] STARTING batch from checkpoint
[2026-09-03 07:44:48] Started batch pid=3928620
[2026-09-03 07:49:49] PROGRESS done=512/514 converted=42 workers=1/0 active current='Converting 86414795_112 at Thu Sep  3 07:40:18 AM CDT 2026;Converting 86414790_107 at Thu Sep  3 07:44:48 AM CDT 2026;Converting 86414795_112 at Thu Sep  3 07:45:21 AM CDT 2026;' user_mem=10.23GiB(8.2%) job_mem=0.01GiB sys_used=45.0% mem_avail=68.9GiB zombies=0 batch_running=no
[2026-09-03 07:49:50] STARTING batch from checkpoint
[2026-09-03 07:49:50] Started batch pid=3937990
[2026-09-03 07:54:52] PROGRESS done=512/514 converted=42 workers=1/0 active current='Converting 86414795_112 at Thu Sep  3 07:45:21 AM CDT 2026;Converting 86414790_107 at Thu Sep  3 07:49:50 AM CDT 2026;Converting 86414795_112 at Thu Sep  3 07:50:23 AM CDT 2026;' user_mem=10.13GiB(8.1%) job_mem=0.01GiB sys_used=45.8% mem_avail=67.8GiB zombies=0 batch_running=no
[2026-09-03 07:54:53] STARTING batch from checkpoint
[2026-09-03 07:54:53] Started batch pid=3948769
[2026-09-03 07:59:55] PROGRESS done=512/514 converted=42 workers=1/0 active current='Converting 86414795_112 at Thu Sep  3 07:50:23 AM CDT 2026;Converting 86414790_107 at Thu Sep  3 07:54:53 AM CDT 2026;Converting 86414795_112 at Thu Sep  3 07:55:26 AM CDT 2026;' user_mem=10.06GiB(8.0%) job_mem=0.01GiB sys_used=46.5% mem_avail=66.9GiB zombies=0 batch_running=no
[2026-09-03 07:59:56] STARTING batch from checkpoint
[2026-09-03 07:59:56] Started batch pid=3958497
[2026-09-03 08:04:58] PROGRESS done=512/514 converted=42 workers=1/0 active current='Converting 86414795_112 at Thu Sep  3 07:55:26 AM CDT 2026;Converting 86414790_107 at Thu Sep  3 07:59:56 AM CDT 2026;Converting 86414795_112 at Thu Sep  3 08:00:29 AM CDT 2026;' user_mem=9.97GiB(8.0%) job_mem=0.01GiB sys_used=48.0% mem_avail=65.0GiB zombies=0 batch_running=no
[2026-09-03 08:04:59] STARTING batch from checkpoint
[2026-09-03 08:04:59] Started batch pid=3969146
[2026-09-03 08:10:00] PROGRESS done=512/514 converted=42 workers=1/0 active current='Converting 86414795_112 at Thu Sep  3 08:00:29 AM CDT 2026;Converting 86414790_107 at Thu Sep  3 08:04:59 AM CDT 2026;Converting 86414795_112 at Thu Sep  3 08:05:32 AM CDT 2026;' user_mem=10.06GiB(8.1%) job_mem=0.01GiB sys_used=51.5% mem_avail=60.7GiB zombies=0 batch_running=no
[2026-09-03 08:10:01] STARTING batch from checkpoint
[2026-09-03 08:10:01] Started batch pid=3978762
[2026-09-03 08:15:03] PROGRESS done=512/514 converted=42 workers=1/0 active current='Converting 86414795_112 at Thu Sep  3 08:05:32 AM CDT 2026;Converting 86414790_107 at Thu Sep  3 08:10:01 AM CDT 2026;Converting 86414795_112 at Thu Sep  3 08:10:34 AM CDT 2026;' user_mem=10.12GiB(8.1%) job_mem=0.01GiB sys_used=55.4% mem_avail=55.8GiB zombies=0 batch_running=no
[2026-09-03 08:15:04] STARTING batch from checkpoint
[2026-09-03 08:15:04] Started batch pid=3991204
[2026-09-03 08:20:08] PROGRESS done=512/514 converted=42 workers=1/0 active current='Converting 86414795_112 at Thu Sep  3 08:10:34 AM CDT 2026;Converting 86414790_107 at Thu Sep  3 08:15:04 AM CDT 2026;Converting 86414795_112 at Thu Sep  3 08:15:37 AM CDT 2026;' user_mem=10.09GiB(8.1%) job_mem=0.01GiB sys_used=57.6% mem_avail=53.0GiB zombies=0 batch_running=no
[2026-09-03 08:20:09] STARTING batch from checkpoint
[2026-09-03 08:20:09] Started batch pid=4000827
[2026-09-03 08:25:11] PROGRESS done=512/514 converted=42 workers=1/0 active current='Converting 86414795_112 at Thu Sep  3 08:15:37 AM CDT 2026;Converting 86414790_107 at Thu Sep  3 08:20:09 AM CDT 2026;Converting 86414795_112 at Thu Sep  3 08:20:48 AM CDT 2026;' user_mem=9.97GiB(8.0%) job_mem=0.01GiB sys_used=60.0% mem_avail=50.0GiB zombies=0 batch_running=no
[2026-09-03 08:25:12] STARTING batch from checkpoint
[2026-09-03 08:25:12] Started batch pid=4011071
[2026-09-03 08:30:14] PROGRESS done=512/514 converted=42 workers=1/0 active current='Converting 86414795_112 at Thu Sep  3 08:20:48 AM CDT 2026;Converting 86414790_107 at Thu Sep  3 08:25:12 AM CDT 2026;Converting 86414795_112 at Thu Sep  3 08:25:46 AM CDT 2026;' user_mem=10.02GiB(8.0%) job_mem=0.01GiB sys_used=61.5% mem_avail=48.2GiB zombies=0 batch_running=no
[2026-09-03 08:30:15] STARTING batch from checkpoint
[2026-09-03 08:30:15] Started batch pid=4021598
[2026-09-03 08:35:16] PROGRESS done=512/514 converted=42 workers=1/0 active current='Converting 86414795_112 at Thu Sep  3 08:25:46 AM CDT 2026;Converting 86414790_107 at Thu Sep  3 08:30:15 AM CDT 2026;Converting 86414795_112 at Thu Sep  3 08:30:48 AM CDT 2026;' user_mem=9.95GiB(8.0%) job_mem=0.01GiB sys_used=63.1% mem_avail=46.2GiB zombies=0 batch_running=no
[2026-09-03 08:35:17] STARTING batch from checkpoint
[2026-09-03 08:35:17] Started batch pid=4032037
[2026-09-03 08:40:21] PROGRESS done=512/514 converted=42 workers=1/0 active current='Converting 86414795_112 at Thu Sep  3 08:30:48 AM CDT 2026;Converting 86414790_107 at Thu Sep  3 08:35:17 AM CDT 2026;Converting 86414795_112 at Thu Sep  3 08:35:50 AM CDT 2026;' user_mem=9.75GiB(7.8%) job_mem=0.01GiB sys_used=66.4% mem_avail=42.1GiB zombies=0 batch_running=no
[2026-09-03 08:40:22] STARTING batch from checkpoint
[2026-09-03 08:40:22] Started batch pid=4042706
[2026-09-03 08:45:24] PROGRESS done=512/514 converted=42 workers=1/0 active current='Converting 86414795_112 at Thu Sep  3 08:35:50 AM CDT 2026;Converting 86414790_107 at Thu Sep  3 08:40:23 AM CDT 2026;Converting 86414795_112 at Thu Sep  3 08:40:58 AM CDT 2026;' user_mem=9.46GiB(7.6%) job_mem=0.01GiB sys_used=68.7% mem_avail=39.1GiB zombies=0 batch_running=no
[2026-09-03 08:45:25] STARTING batch from checkpoint
[2026-09-03 08:45:25] Started batch pid=4053023
[2026-09-03 08:50:27] PROGRESS done=512/514 converted=42 workers=1/0 active current='Converting 86414795_112 at Thu Sep  3 08:40:58 AM CDT 2026;Converting 86414790_107 at Thu Sep  3 08:45:25 AM CDT 2026;Converting 86414795_112 at Thu Sep  3 08:45:59 AM CDT 2026;' user_mem=8.88GiB(7.1%) job_mem=0.01GiB sys_used=69.0% mem_avail=38.9GiB zombies=0 batch_running=no
[2026-09-03 08:50:28] STARTING batch from checkpoint
[2026-09-03 08:50:28] Started batch pid=4062898
[2026-09-03 08:55:29] PROGRESS done=512/514 converted=42 workers=1/0 active current='Converting 86414795_112 at Thu Sep  3 08:45:59 AM CDT 2026;Converting 86414790_107 at Thu Sep  3 08:50:28 AM CDT 2026;Converting 86414795_112 at Thu Sep  3 08:51:02 AM CDT 2026;' user_mem=8.72GiB(7.0%) job_mem=0.01GiB sys_used=69.8% mem_avail=37.8GiB zombies=0 batch_running=no
[2026-09-03 08:55:30] STARTING batch from checkpoint
[2026-09-03 08:55:30] Started batch pid=4072677
[2026-09-03 09:00:32] PROGRESS done=512/514 converted=42 workers=1/0 active current='Converting 86414795_112 at Thu Sep  3 08:51:02 AM CDT 2026;Converting 86414790_107 at Thu Sep  3 08:55:31 AM CDT 2026;Converting 86414795_112 at Thu Sep  3 08:56:03 AM CDT 2026;' user_mem=7.65GiB(6.1%) job_mem=0.01GiB sys_used=71.8% mem_avail=35.2GiB zombies=0 batch_running=no
[2026-09-03 09:00:33] STARTING batch from checkpoint
[2026-09-03 09:00:33] Started batch pid=4083848
[2026-09-03 09:05:34] PROGRESS done=512/514 converted=42 workers=1/0 active current='Converting 86414795_112 at Thu Sep  3 08:56:03 AM CDT 2026;Converting 86414790_107 at Thu Sep  3 09:00:33 AM CDT 2026;Converting 86414795_112 at Thu Sep  3 09:01:06 AM CDT 2026;' user_mem=1.59GiB(1.3%) job_mem=0.02GiB sys_used=69.6% mem_avail=38.0GiB zombies=0 batch_running=no
[2026-09-03 09:10:36] PROGRESS done=512/514 converted=42 workers=1/1 active current='Converting 86414795_112 at Thu Sep  3 08:56:03 AM CDT 2026;Converting 86414790_107 at Thu Sep  3 09:00:33 AM CDT 2026;Converting 86414795_112 at Thu Sep  3 09:01:06 AM CDT 2026;' user_mem=10.96GiB(8.8%) job_mem=9.40GiB sys_used=76.9% mem_avail=28.9GiB zombies=0 batch_running=yes
[2026-09-03 09:15:42] PROGRESS done=512/514 converted=42 workers=1/0 active current='Converting 86414795_112 at Thu Sep  3 08:56:03 AM CDT 2026;Converting 86414790_107 at Thu Sep  3 09:00:33 AM CDT 2026;Converting 86414795_112 at Thu Sep  3 09:01:06 AM CDT 2026;' user_mem=1.52GiB(1.2%) job_mem=0.01GiB sys_used=71.2% mem_avail=36.1GiB zombies=0 batch_running=no
[2026-09-03 09:15:43] STARTING batch from checkpoint
[2026-09-03 09:15:43] Started batch pid=4117334
[2026-09-03 09:20:45] PROGRESS done=512/514 converted=42 workers=1/0 active current='Converting 86414790_107 at Thu Sep  3 09:00:33 AM CDT 2026;Converting 86414795_112 at Thu Sep  3 09:01:06 AM CDT 2026;Converting 86414790_107 at Thu Sep  3 09:15:43 AM CDT 2026;' user_mem=1.50GiB(1.2%) job_mem=0.02GiB sys_used=74.5% mem_avail=31.9GiB zombies=0 batch_running=yes
[2026-09-03 09:25:50] PROGRESS done=512/514 converted=42 workers=1/1 active current='Converting 86414790_107 at Thu Sep  3 09:00:33 AM CDT 2026;Converting 86414795_112 at Thu Sep  3 09:01:06 AM CDT 2026;Converting 86414790_107 at Thu Sep  3 09:15:43 AM CDT 2026;' user_mem=9.51GiB(7.6%) job_mem=8.04GiB sys_used=85.0% mem_avail=18.8GiB zombies=0 batch_running=yes
[2026-09-03 09:30:55] PROGRESS done=512/514 converted=42 workers=1/1 active current='Converting 86414790_107 at Thu Sep  3 09:00:33 AM CDT 2026;Converting 86414795_112 at Thu Sep  3 09:01:06 AM CDT 2026;Converting 86414790_107 at Thu Sep  3 09:15:43 AM CDT 2026;' user_mem=10.53GiB(8.4%) job_mem=9.07GiB sys_used=88.0% mem_avail=15.0GiB zombies=0 batch_running=yes
[2026-09-03 09:36:01] PROGRESS done=512/514 converted=42 workers=1/1 active current='Converting 86414790_107 at Thu Sep  3 09:00:33 AM CDT 2026;Converting 86414795_112 at Thu Sep  3 09:01:06 AM CDT 2026;Converting 86414790_107 at Thu Sep  3 09:15:43 AM CDT 2026;' user_mem=18.51GiB(14.8%) job_mem=14.23GiB sys_used=91.5% mem_avail=10.6GiB zombies=0 batch_running=yes
[2026-09-03 09:36:02] STOPPING batch (memory limit (user_mem=14.9%, job_mem=14.36GiB, limits=30%/12GiB))
[2026-09-03 09:36:02] Sending TERM to wvfm2h5.py pid=4155945
[2026-09-03 09:36:02] Sending TERM to batch pid=4155899
[2026-09-03 09:36:14] Batch stopped. Checkpoint saved to /exp/sbnd/app/users/munjung/anomaly-detection/logs/wvfm2h5_checkpoint_offbeamlight_tpc1.txt
[2026-09-03 09:36:14] Cooling down for 60s before resume
[2026-09-03 09:37:16] PROGRESS done=512/514 converted=42 workers=1/0 active current='Converting 86414790_107 at Thu Sep  3 09:00:33 AM CDT 2026;Converting 86414795_112 at Thu Sep  3 09:01:06 AM CDT 2026;Converting 86414790_107 at Thu Sep  3 09:15:43 AM CDT 2026;' user_mem=7.08GiB(5.7%) job_mem=0.01GiB sys_used=84.4% mem_avail=19.5GiB zombies=0 batch_running=no
[2026-09-03 09:37:16] STARTING batch from checkpoint
[2026-09-03 09:37:16] Started batch pid=4161823
[2026-09-03 09:42:21] PROGRESS done=512/514 converted=42 workers=1/1 active current='Converting 86414790_107 at Thu Sep  3 09:15:43 AM CDT 2026;Converting 86414790_107 at Thu Sep  3 09:37:16 AM CDT 2026;Converting 86414795_112 at Thu Sep  3 09:37:50 AM CDT 2026;' user_mem=13.57GiB(10.8%) job_mem=5.99GiB sys_used=90.7% mem_avail=11.6GiB zombies=0 batch_running=yes
[2026-09-03 09:47:27] PROGRESS done=512/514 converted=42 workers=1/1 active current='Converting 86414790_107 at Thu Sep  3 09:15:43 AM CDT 2026;Converting 86414790_107 at Thu Sep  3 09:37:16 AM CDT 2026;Converting 86414795_112 at Thu Sep  3 09:37:50 AM CDT 2026;' user_mem=19.42GiB(15.5%) job_mem=11.90GiB sys_used=20.2% mem_avail=99.9GiB zombies=0 batch_running=yes
[2026-09-03 09:47:28] STOPPING batch (memory limit (user_mem=15.7%, job_mem=12.22GiB, limits=30%/12GiB))
[2026-09-03 09:47:29] Sending TERM to wvfm2h5.py pid=4183838
[2026-09-03 09:47:29] Sending TERM to batch pid=4166971
[2026-09-03 09:47:41] Batch stopped. Checkpoint saved to /exp/sbnd/app/users/munjung/anomaly-detection/logs/wvfm2h5_checkpoint_offbeamlight_tpc1.txt
[2026-09-03 09:47:41] Cooling down for 60s before resume
[2026-09-03 09:48:42] PROGRESS done=512/514 converted=42 workers=1/0 active current='Converting 86414790_107 at Thu Sep  3 09:15:43 AM CDT 2026;Converting 86414790_107 at Thu Sep  3 09:37:16 AM CDT 2026;Converting 86414795_112 at Thu Sep  3 09:37:50 AM CDT 2026;' user_mem=7.56GiB(6.0%) job_mem=0.01GiB sys_used=11.7% mem_avail=110.5GiB zombies=0 batch_running=no
[2026-09-03 09:48:43] STARTING batch from checkpoint
[2026-09-03 09:48:43] Started batch pid=4191859
[2026-09-03 09:53:44] PROGRESS done=512/514 converted=42 workers=1/0 active current='Converting 86414795_112 at Thu Sep  3 09:37:50 AM CDT 2026;Converting 86414790_107 at Thu Sep  3 09:48:43 AM CDT 2026;Converting 86414795_112 at Thu Sep  3 09:49:17 AM CDT 2026;' user_mem=7.58GiB(6.1%) job_mem=0.01GiB sys_used=12.5% mem_avail=109.5GiB zombies=0 batch_running=no
[2026-09-03 09:53:45] STARTING batch from checkpoint
[2026-09-03 09:53:45] Started batch pid=6465
[2026-09-03 09:58:47] PROGRESS done=512/514 converted=42 workers=1/0 active current='Converting 86414795_112 at Thu Sep  3 09:49:17 AM CDT 2026;Converting 86414790_107 at Thu Sep  3 09:53:45 AM CDT 2026;Converting 86414795_112 at Thu Sep  3 09:54:18 AM CDT 2026;' user_mem=7.63GiB(6.1%) job_mem=0.01GiB sys_used=15.0% mem_avail=106.4GiB zombies=0 batch_running=no
[2026-09-03 09:58:48] STARTING batch from checkpoint
[2026-09-03 09:58:48] Started batch pid=16168
[2026-09-03 10:03:49] PROGRESS done=512/514 converted=42 workers=1/0 active current='Converting 86414795_112 at Thu Sep  3 09:54:18 AM CDT 2026;Converting 86414790_107 at Thu Sep  3 09:58:48 AM CDT 2026;Converting 86414795_112 at Thu Sep  3 09:59:21 AM CDT 2026;' user_mem=7.65GiB(6.1%) job_mem=0.01GiB sys_used=28.3% mem_avail=89.7GiB zombies=0 batch_running=no
[2026-09-03 10:03:51] STARTING batch from checkpoint
[2026-09-03 10:03:51] Started batch pid=27521
[2026-09-03 10:08:52] PROGRESS done=512/514 converted=42 workers=1/0 active current='Converting 86414795_112 at Thu Sep  3 09:59:21 AM CDT 2026;Converting 86414790_107 at Thu Sep  3 10:03:51 AM CDT 2026;Converting 86414795_112 at Thu Sep  3 10:04:24 AM CDT 2026;' user_mem=7.61GiB(6.1%) job_mem=0.01GiB sys_used=20.3% mem_avail=99.8GiB zombies=0 batch_running=no
[2026-09-03 10:08:53] STARTING batch from checkpoint
[2026-09-03 10:08:53] Started batch pid=40468
[2026-09-03 10:13:55] PROGRESS done=512/514 converted=42 workers=1/0 active current='Converting 86414795_112 at Thu Sep  3 10:04:24 AM CDT 2026;Converting 86414790_107 at Thu Sep  3 10:08:53 AM CDT 2026;Converting 86414795_112 at Thu Sep  3 10:09:26 AM CDT 2026;' user_mem=7.65GiB(6.1%) job_mem=0.01GiB sys_used=16.2% mem_avail=104.8GiB zombies=0 batch_running=no
[2026-09-03 10:13:56] STARTING batch from checkpoint
[2026-09-03 10:13:56] Started batch pid=52387
[2026-09-03 10:18:57] PROGRESS done=512/514 converted=42 workers=1/0 active current='Converting 86414795_112 at Thu Sep  3 10:09:26 AM CDT 2026;Converting 86414790_107 at Thu Sep  3 10:13:56 AM CDT 2026;Converting 86414795_112 at Thu Sep  3 10:14:29 AM CDT 2026;' user_mem=7.58GiB(6.1%) job_mem=0.01GiB sys_used=26.5% mem_avail=92.0GiB zombies=0 batch_running=no
[2026-09-03 10:18:58] STARTING batch from checkpoint
[2026-09-03 10:18:58] Started batch pid=62429
[2026-09-03 10:24:04] PROGRESS done=512/514 converted=42 workers=1/0 active current='Converting 86414795_112 at Thu Sep  3 10:14:29 AM CDT 2026;Converting 86414790_107 at Thu Sep  3 10:18:59 AM CDT 2026;Converting 86414795_112 at Thu Sep  3 10:19:31 AM CDT 2026;' user_mem=7.61GiB(6.1%) job_mem=0.01GiB sys_used=39.0% mem_avail=76.3GiB zombies=0 batch_running=no
[2026-09-03 10:24:06] STARTING batch from checkpoint
[2026-09-03 10:24:06] Started batch pid=75944
[2026-09-03 10:29:07] PROGRESS done=512/514 converted=42 workers=1/0 active current='Converting 86414795_112 at Thu Sep  3 10:19:31 AM CDT 2026;Converting 86414790_107 at Thu Sep  3 10:24:06 AM CDT 2026;Converting 86414795_112 at Thu Sep  3 10:24:41 AM CDT 2026;' user_mem=7.72GiB(6.2%) job_mem=0.01GiB sys_used=47.2% mem_avail=66.0GiB zombies=0 batch_running=no
[2026-09-03 10:29:08] STARTING batch from checkpoint
[2026-09-03 10:29:08] Started batch pid=88264
[2026-09-03 10:34:10] PROGRESS done=512/514 converted=42 workers=1/0 active current='Converting 86414795_112 at Thu Sep  3 10:24:41 AM CDT 2026;Converting 86414790_107 at Thu Sep  3 10:29:08 AM CDT 2026;Converting 86414795_112 at Thu Sep  3 10:29:41 AM CDT 2026;' user_mem=7.71GiB(6.2%) job_mem=0.01GiB sys_used=16.3% mem_avail=104.8GiB zombies=0 batch_running=no
[2026-09-03 10:34:11] STARTING batch from checkpoint
[2026-09-03 10:34:11] Started batch pid=98596
[2026-09-03 10:39:12] PROGRESS done=512/514 converted=42 workers=1/0 active current='Converting 86414795_112 at Thu Sep  3 10:29:41 AM CDT 2026;Converting 86414790_107 at Thu Sep  3 10:34:11 AM CDT 2026;Converting 86414795_112 at Thu Sep  3 10:34:44 AM CDT 2026;' user_mem=7.65GiB(6.1%) job_mem=0.01GiB sys_used=17.1% mem_avail=103.7GiB zombies=0 batch_running=no
[2026-09-03 10:39:13] STARTING batch from checkpoint
[2026-09-03 10:39:14] Started batch pid=111420
[2026-09-03 10:44:15] PROGRESS done=512/514 converted=42 workers=1/0 active current='Converting 86414795_112 at Thu Sep  3 10:34:44 AM CDT 2026;Converting 86414790_107 at Thu Sep  3 10:39:14 AM CDT 2026;Converting 86414795_112 at Thu Sep  3 10:39:47 AM CDT 2026;' user_mem=7.61GiB(6.1%) job_mem=0.01GiB sys_used=17.5% mem_avail=103.2GiB zombies=0 batch_running=no
[2026-09-03 10:44:16] STARTING batch from checkpoint
[2026-09-03 10:44:16] Started batch pid=124875
[2026-09-03 10:49:17] PROGRESS done=512/514 converted=42 workers=1/0 active current='Converting 86414795_112 at Thu Sep  3 10:39:47 AM CDT 2026;Converting 86414790_107 at Thu Sep  3 10:44:16 AM CDT 2026;Converting 86414795_112 at Thu Sep  3 10:44:49 AM CDT 2026;' user_mem=7.69GiB(6.1%) job_mem=0.01GiB sys_used=19.5% mem_avail=100.8GiB zombies=0 batch_running=no
[2026-09-03 10:49:18] STARTING batch from checkpoint
[2026-09-03 10:49:18] Started batch pid=135158
[2026-09-03 10:54:20] PROGRESS done=512/514 converted=42 workers=1/0 active current='Converting 86414795_112 at Thu Sep  3 10:44:49 AM CDT 2026;Converting 86414790_107 at Thu Sep  3 10:49:18 AM CDT 2026;Converting 86414795_112 at Thu Sep  3 10:49:51 AM CDT 2026;' user_mem=6.89GiB(5.5%) job_mem=0.01GiB sys_used=39.1% mem_avail=76.2GiB zombies=0 batch_running=no
[2026-09-03 10:54:21] STARTING batch from checkpoint
[2026-09-03 10:54:21] Started batch pid=143745
[2026-09-03 10:59:23] PROGRESS done=512/514 converted=42 workers=1/0 active current='Converting 86414795_112 at Thu Sep  3 10:49:51 AM CDT 2026;Converting 86414790_107 at Thu Sep  3 10:54:21 AM CDT 2026;Converting 86414795_112 at Thu Sep  3 10:54:54 AM CDT 2026;' user_mem=7.68GiB(6.1%) job_mem=0.01GiB sys_used=50.0% mem_avail=62.5GiB zombies=0 batch_running=no
[2026-09-03 10:59:24] STARTING batch from checkpoint
[2026-09-03 10:59:24] Started batch pid=155498
[2026-09-03 11:04:26] PROGRESS done=512/514 converted=42 workers=1/0 active current='Converting 86414795_112 at Thu Sep  3 10:54:54 AM CDT 2026;Converting 86414790_107 at Thu Sep  3 10:59:24 AM CDT 2026;Converting 86414795_112 at Thu Sep  3 10:59:57 AM CDT 2026;' user_mem=7.77GiB(6.2%) job_mem=0.01GiB sys_used=53.1% mem_avail=58.7GiB zombies=0 batch_running=no
[2026-09-03 11:04:27] STARTING batch from checkpoint
[2026-09-03 11:04:27] Started batch pid=164164
[2026-09-03 11:09:29] PROGRESS done=512/514 converted=42 workers=1/0 active current='Converting 86414795_112 at Thu Sep  3 10:59:57 AM CDT 2026;Converting 86414790_107 at Thu Sep  3 11:04:27 AM CDT 2026;Converting 86414795_112 at Thu Sep  3 11:05:01 AM CDT 2026;' user_mem=7.84GiB(6.3%) job_mem=0.01GiB sys_used=20.0% mem_avail=100.2GiB zombies=0 batch_running=no
[2026-09-03 11:09:30] STARTING batch from checkpoint
[2026-09-03 11:09:30] Started batch pid=173882
[2026-09-03 11:14:31] PROGRESS done=512/514 converted=42 workers=1/0 active current='Converting 86414795_112 at Thu Sep  3 11:05:01 AM CDT 2026;Converting 86414790_107 at Thu Sep  3 11:09:30 AM CDT 2026;Converting 86414795_112 at Thu Sep  3 11:10:03 AM CDT 2026;' user_mem=7.97GiB(6.4%) job_mem=0.01GiB sys_used=24.0% mem_avail=95.1GiB zombies=0 batch_running=no
[2026-09-03 11:14:32] STARTING batch from checkpoint
[2026-09-03 11:14:32] Started batch pid=229231
[2026-09-03 11:19:34] PROGRESS done=512/514 converted=42 workers=1/0 active current='Converting 86414795_112 at Thu Sep  3 11:10:03 AM CDT 2026;Converting 86414790_107 at Thu Sep  3 11:14:32 AM CDT 2026;Converting 86414795_112 at Thu Sep  3 11:15:06 AM CDT 2026;' user_mem=7.63GiB(6.1%) job_mem=0.01GiB sys_used=32.7% mem_avail=84.3GiB zombies=0 batch_running=no
[2026-09-03 11:19:35] STARTING batch from checkpoint
[2026-09-03 11:19:35] Started batch pid=268696
[2026-09-03 11:24:37] PROGRESS done=512/514 converted=42 workers=1/0 active current='Converting 86414795_112 at Thu Sep  3 11:15:06 AM CDT 2026;Converting 86414790_107 at Thu Sep  3 11:19:36 AM CDT 2026;Converting 86414795_112 at Thu Sep  3 11:20:10 AM CDT 2026;' user_mem=7.69GiB(6.1%) job_mem=0.01GiB sys_used=21.9% mem_avail=97.7GiB zombies=0 batch_running=no
[2026-09-03 11:24:38] STARTING batch from checkpoint
[2026-09-03 11:24:38] Started batch pid=281013
[2026-09-03 11:29:40] PROGRESS done=512/514 converted=42 workers=1/0 active current='Converting 86414795_112 at Thu Sep  3 11:20:10 AM CDT 2026;Converting 86414790_107 at Thu Sep  3 11:24:38 AM CDT 2026;Converting 86414795_112 at Thu Sep  3 11:25:11 AM CDT 2026;' user_mem=7.85GiB(6.3%) job_mem=0.01GiB sys_used=23.3% mem_avail=96.0GiB zombies=0 batch_running=no
[2026-09-03 11:29:41] STARTING batch from checkpoint
[2026-09-03 11:29:41] Started batch pid=310738
[2026-09-03 11:34:42] PROGRESS done=512/514 converted=42 workers=1/0 active current='Converting 86414795_112 at Thu Sep  3 11:25:11 AM CDT 2026;Converting 86414790_107 at Thu Sep  3 11:29:41 AM CDT 2026;Converting 86414795_112 at Thu Sep  3 11:30:14 AM CDT 2026;' user_mem=7.70GiB(6.2%) job_mem=0.01GiB sys_used=25.8% mem_avail=92.9GiB zombies=0 batch_running=no
[2026-09-03 11:34:43] STARTING batch from checkpoint
[2026-09-03 11:34:43] Started batch pid=320323
[2026-09-03 11:39:45] PROGRESS done=512/514 converted=42 workers=1/0 active current='Converting 86414795_112 at Thu Sep  3 11:30:14 AM CDT 2026;Converting 86414790_107 at Thu Sep  3 11:34:44 AM CDT 2026;Converting 86414795_112 at Thu Sep  3 11:35:16 AM CDT 2026;' user_mem=7.75GiB(6.2%) job_mem=0.01GiB sys_used=26.4% mem_avail=92.1GiB zombies=0 batch_running=no
[2026-09-03 11:39:46] Batch already running; not starting another instance
[2026-09-03 11:44:47] PROGRESS done=512/514 converted=42 workers=1/1 active current='Converting 86414795_112 at Thu Sep  3 11:30:14 AM CDT 2026;Converting 86414790_107 at Thu Sep  3 11:34:44 AM CDT 2026;Converting 86414795_112 at Thu Sep  3 11:35:16 AM CDT 2026;' user_mem=19.72GiB(15.7%) job_mem=12.06GiB sys_used=32.3% mem_avail=84.7GiB zombies=0 batch_running=yes
[2026-09-03 11:44:48] STOPPING batch (memory limit (user_mem=15.9%, job_mem=12.28GiB, limits=30%/12GiB))
[2026-09-03 11:44:48] Sending TERM to wvfm2h5.py pid=335051
[2026-09-03 11:44:48] Sending TERM to batch pid=329439
[2026-09-03 11:45:01] Batch stopped. Checkpoint saved to /exp/sbnd/app/users/munjung/anomaly-detection/logs/wvfm2h5_checkpoint_offbeamlight_tpc1.txt
[2026-09-03 11:45:01] Cooling down for 60s before resume
[2026-09-03 11:46:02] PROGRESS done=512/514 converted=42 workers=1/0 active current='Converting 86414795_112 at Thu Sep  3 11:30:14 AM CDT 2026;Converting 86414790_107 at Thu Sep  3 11:34:44 AM CDT 2026;Converting 86414795_112 at Thu Sep  3 11:35:16 AM CDT 2026;' user_mem=7.69GiB(6.1%) job_mem=0.01GiB sys_used=23.1% mem_avail=96.3GiB zombies=0 batch_running=no
[2026-09-03 11:46:02] STARTING batch from checkpoint
[2026-09-03 11:46:02] Started batch pid=339702
[2026-09-03 11:51:04] PROGRESS done=512/514 converted=42 workers=1/0 active current='Converting 86414795_112 at Thu Sep  3 11:35:16 AM CDT 2026;Converting 86414790_107 at Thu Sep  3 11:46:02 AM CDT 2026;Converting 86414795_112 at Thu Sep  3 11:46:35 AM CDT 2026;' user_mem=7.84GiB(6.3%) job_mem=0.01GiB sys_used=24.8% mem_avail=94.1GiB zombies=0 batch_running=yes
[2026-09-03 11:56:06] PROGRESS done=512/514 converted=42 workers=1/1 active current='Converting 86414795_112 at Thu Sep  3 11:35:16 AM CDT 2026;Converting 86414790_107 at Thu Sep  3 11:46:02 AM CDT 2026;Converting 86414795_112 at Thu Sep  3 11:46:35 AM CDT 2026;' user_mem=15.81GiB(12.6%) job_mem=8.01GiB sys_used=32.2% mem_avail=84.8GiB zombies=0 batch_running=yes
[2026-09-03 12:01:08] PROGRESS done=512/514 converted=42 workers=1/1 active current='Converting 86414795_112 at Thu Sep  3 11:35:16 AM CDT 2026;Converting 86414790_107 at Thu Sep  3 11:46:02 AM CDT 2026;Converting 86414795_112 at Thu Sep  3 11:46:35 AM CDT 2026;' user_mem=15.40GiB(12.3%) job_mem=7.66GiB sys_used=33.6% mem_avail=83.1GiB zombies=0 batch_running=yes
[2026-09-03 12:06:11] PROGRESS done=512/514 converted=42 workers=1/1 active current='Converting 86414795_112 at Thu Sep  3 11:35:16 AM CDT 2026;Converting 86414790_107 at Thu Sep  3 11:46:02 AM CDT 2026;Converting 86414795_112 at Thu Sep  3 11:46:35 AM CDT 2026;' user_mem=16.52GiB(13.3%) job_mem=8.74GiB sys_used=35.2% mem_avail=81.0GiB zombies=0 batch_running=yes
[2026-09-03 12:11:13] PROGRESS done=512/514 converted=42 workers=1/1 active current='Converting 86414795_112 at Thu Sep  3 11:35:16 AM CDT 2026;Converting 86414790_107 at Thu Sep  3 11:46:02 AM CDT 2026;Converting 86414795_112 at Thu Sep  3 11:46:35 AM CDT 2026;' user_mem=8.55GiB(6.8%) job_mem=1.60GiB sys_used=40.8% mem_avail=74.1GiB zombies=0 batch_running=yes
[2026-09-03 12:16:16] PROGRESS done=512/514 converted=42 workers=1/1 active current='Converting 86414795_112 at Thu Sep  3 11:35:16 AM CDT 2026;Converting 86414790_107 at Thu Sep  3 11:46:02 AM CDT 2026;Converting 86414795_112 at Thu Sep  3 11:46:35 AM CDT 2026;' user_mem=19.18GiB(15.3%) job_mem=11.76GiB sys_used=56.6% mem_avail=54.3GiB zombies=0 batch_running=yes
[2026-09-03 12:16:17] STOPPING batch (memory limit (user_mem=15.7%, job_mem=12.28GiB, limits=30%/12GiB))
[2026-09-03 12:16:17] Sending TERM to wvfm2h5.py pid=531130
[2026-09-03 12:16:17] Sending TERM to batch pid=522557
[2026-09-03 12:16:30] Batch stopped. Checkpoint saved to /exp/sbnd/app/users/munjung/anomaly-detection/logs/wvfm2h5_checkpoint_offbeamlight_tpc1.txt
[2026-09-03 12:16:30] Cooling down for 60s before resume
[2026-09-03 12:17:32] PROGRESS done=512/514 converted=42 workers=1/0 active current='Converting 86414795_112 at Thu Sep  3 11:35:16 AM CDT 2026;Converting 86414790_107 at Thu Sep  3 11:46:02 AM CDT 2026;Converting 86414795_112 at Thu Sep  3 11:46:35 AM CDT 2026;' user_mem=7.47GiB(6.0%) job_mem=0.01GiB sys_used=56.0% mem_avail=55.1GiB zombies=0 batch_running=no
[2026-09-03 12:17:32] STARTING batch from checkpoint
[2026-09-03 12:17:32] Started batch pid=535920
[2026-09-03 12:22:34] PROGRESS done=512/514 converted=42 workers=1/1 active current='Converting 86414795_112 at Thu Sep  3 11:46:35 AM CDT 2026;Converting 86414790_107 at Thu Sep  3 12:17:33 PM CDT 2026;Converting 86414795_112 at Thu Sep  3 12:18:07 PM CDT 2026;' user_mem=17.28GiB(13.8%) job_mem=9.68GiB sys_used=68.2% mem_avail=39.8GiB zombies=0 batch_running=yes
[2026-09-03 12:27:36] PROGRESS done=512/514 converted=42 workers=1/1 active current='Converting 86414795_112 at Thu Sep  3 11:46:35 AM CDT 2026;Converting 86414790_107 at Thu Sep  3 12:17:33 PM CDT 2026;Converting 86414795_112 at Thu Sep  3 12:18:07 PM CDT 2026;' user_mem=11.62GiB(9.3%) job_mem=3.92GiB sys_used=35.7% mem_avail=80.5GiB zombies=0 batch_running=yes
[2026-09-03 12:32:38] PROGRESS done=512/514 converted=42 workers=1/1 active current='Converting 86414795_112 at Thu Sep  3 11:46:35 AM CDT 2026;Converting 86414790_107 at Thu Sep  3 12:17:33 PM CDT 2026;Converting 86414795_112 at Thu Sep  3 12:18:07 PM CDT 2026;' user_mem=15.19GiB(12.1%) job_mem=7.46GiB sys_used=36.0% mem_avail=80.1GiB zombies=0 batch_running=yes
[2026-09-03 12:37:41] PROGRESS done=512/514 converted=42 workers=1/1 active current='Converting 86414795_112 at Thu Sep  3 11:46:35 AM CDT 2026;Converting 86414790_107 at Thu Sep  3 12:17:33 PM CDT 2026;Converting 86414795_112 at Thu Sep  3 12:18:07 PM CDT 2026;' user_mem=14.55GiB(11.6%) job_mem=6.85GiB sys_used=45.8% mem_avail=67.8GiB zombies=0 batch_running=yes
[2026-09-03 12:42:44] PROGRESS done=512/514 converted=42 workers=1/1 active current='Converting 86414795_112 at Thu Sep  3 11:46:35 AM CDT 2026;Converting 86414790_107 at Thu Sep  3 12:17:33 PM CDT 2026;Converting 86414795_112 at Thu Sep  3 12:18:07 PM CDT 2026;' user_mem=11.91GiB(9.5%) job_mem=4.29GiB sys_used=47.9% mem_avail=65.2GiB zombies=0 batch_running=yes
[2026-09-03 12:47:47] PROGRESS done=512/514 converted=42 workers=1/1 active current='Converting 86414795_112 at Thu Sep  3 11:46:35 AM CDT 2026;Converting 86414790_107 at Thu Sep  3 12:17:33 PM CDT 2026;Converting 86414795_112 at Thu Sep  3 12:18:07 PM CDT 2026;' user_mem=12.41GiB(9.9%) job_mem=5.04GiB sys_used=33.0% mem_avail=83.9GiB zombies=0 batch_running=yes
[2026-09-03 12:52:48] PROGRESS done=512/514 converted=42 workers=1/1 active current='Converting 86414795_112 at Thu Sep  3 11:46:35 AM CDT 2026;Converting 86414790_107 at Thu Sep  3 12:17:33 PM CDT 2026;Converting 86414795_112 at Thu Sep  3 12:18:07 PM CDT 2026;' user_mem=12.66GiB(10.0%) job_mem=5.06GiB sys_used=34.0% mem_avail=82.6GiB zombies=0 batch_running=yes
[2026-09-03 12:57:50] PROGRESS done=512/514 converted=42 workers=1/1 active current='Converting 86414795_112 at Thu Sep  3 11:46:35 AM CDT 2026;Converting 86414790_107 at Thu Sep  3 12:17:33 PM CDT 2026;Converting 86414795_112 at Thu Sep  3 12:18:07 PM CDT 2026;' user_mem=12.79GiB(10.2%) job_mem=5.09GiB sys_used=36.5% mem_avail=79.5GiB zombies=0 batch_running=yes
[2026-09-03 13:02:52] PROGRESS done=512/514 converted=42 workers=1/1 active current='Converting 86414795_112 at Thu Sep  3 11:46:35 AM CDT 2026;Converting 86414790_107 at Thu Sep  3 12:17:33 PM CDT 2026;Converting 86414795_112 at Thu Sep  3 12:18:07 PM CDT 2026;' user_mem=13.46GiB(10.8%) job_mem=5.43GiB sys_used=37.0% mem_avail=78.8GiB zombies=0 batch_running=yes
[2026-09-03 13:07:55] PROGRESS done=512/514 converted=42 workers=1/0 active current='Converting 86414795_112 at Thu Sep  3 11:46:35 AM CDT 2026;Converting 86414790_107 at Thu Sep  3 12:17:33 PM CDT 2026;Converting 86414795_112 at Thu Sep  3 12:18:07 PM CDT 2026;' user_mem=8.05GiB(6.4%) job_mem=0.01GiB sys_used=30.1% mem_avail=87.5GiB zombies=0 batch_running=no
[2026-09-03 13:07:56] STARTING batch from checkpoint
[2026-09-03 13:07:56] Started batch pid=651720
[2026-09-03 13:12:57] PROGRESS done=512/514 converted=42 workers=1/1 active current='Converting 86414795_112 at Thu Sep  3 12:18:07 PM CDT 2026;Converting 86414790_107 at Thu Sep  3 01:07:56 PM CDT 2026;Converting 86414795_112 at Thu Sep  3 01:08:30 PM CDT 2026;' user_mem=15.25GiB(12.2%) job_mem=7.61GiB sys_used=34.6% mem_avail=81.9GiB zombies=0 batch_running=yes
[2026-09-03 13:18:00] PROGRESS done=512/514 converted=42 workers=1/1 active current='Converting 86414795_112 at Thu Sep  3 12:18:07 PM CDT 2026;Converting 86414790_107 at Thu Sep  3 01:07:56 PM CDT 2026;Converting 86414795_112 at Thu Sep  3 01:08:30 PM CDT 2026;' user_mem=17.27GiB(13.8%) job_mem=9.79GiB sys_used=38.7% mem_avail=76.7GiB zombies=0 batch_running=yes
[2026-09-03 13:23:02] PROGRESS done=512/514 converted=42 workers=1/1 active current='Converting 86414795_112 at Thu Sep  3 12:18:07 PM CDT 2026;Converting 86414790_107 at Thu Sep  3 01:07:56 PM CDT 2026;Converting 86414795_112 at Thu Sep  3 01:08:30 PM CDT 2026;' user_mem=18.20GiB(14.5%) job_mem=10.51GiB sys_used=40.8% mem_avail=74.1GiB zombies=0 batch_running=yes
[2026-09-03 13:28:04] PROGRESS done=512/514 converted=42 workers=1/1 active current='Converting 86414795_112 at Thu Sep  3 12:18:07 PM CDT 2026;Converting 86414790_107 at Thu Sep  3 01:07:56 PM CDT 2026;Converting 86414795_112 at Thu Sep  3 01:08:30 PM CDT 2026;' user_mem=18.41GiB(14.7%) job_mem=11.41GiB sys_used=58.8% mem_avail=51.6GiB zombies=0 batch_running=yes
[2026-09-03 13:33:10] PROGRESS done=512/514 converted=42 workers=1/1 active current='Converting 86414795_112 at Thu Sep  3 12:18:07 PM CDT 2026;Converting 86414790_107 at Thu Sep  3 01:07:56 PM CDT 2026;Converting 86414795_112 at Thu Sep  3 01:08:30 PM CDT 2026;' user_mem=17.21GiB(13.7%) job_mem=9.74GiB sys_used=61.9% mem_avail=47.7GiB zombies=0 batch_running=yes
[2026-09-03 13:38:15] PROGRESS done=512/514 converted=42 workers=1/1 active current='Converting 86414795_112 at Thu Sep  3 12:18:07 PM CDT 2026;Converting 86414790_107 at Thu Sep  3 01:07:56 PM CDT 2026;Converting 86414795_112 at Thu Sep  3 01:08:30 PM CDT 2026;' user_mem=22.03GiB(17.6%) job_mem=13.57GiB sys_used=71.6% mem_avail=35.5GiB zombies=0 batch_running=yes
[2026-09-03 13:38:15] STOPPING batch (memory limit (user_mem=17.7%, job_mem=13.72GiB, limits=30%/12GiB))
[2026-09-03 13:38:16] Sending TERM to wvfm2h5.py pid=706010
[2026-09-03 13:38:16] Sending TERM to batch pid=655644
[2026-09-03 13:38:28] Batch stopped. Checkpoint saved to /exp/sbnd/app/users/munjung/anomaly-detection/logs/wvfm2h5_checkpoint_offbeamlight_tpc1.txt
[2026-09-03 13:38:28] Cooling down for 60s before resume
[2026-09-03 13:39:30] PROGRESS done=512/514 converted=42 workers=1/0 active current='Converting 86414795_112 at Thu Sep  3 12:18:07 PM CDT 2026;Converting 86414790_107 at Thu Sep  3 01:07:56 PM CDT 2026;Converting 86414795_112 at Thu Sep  3 01:08:30 PM CDT 2026;' user_mem=8.41GiB(6.7%) job_mem=0.01GiB sys_used=64.5% mem_avail=44.5GiB zombies=0 batch_running=no
[2026-09-03 13:39:30] STARTING batch from checkpoint
[2026-09-03 13:39:30] Started batch pid=730940
[2026-09-03 13:44:32] PROGRESS done=512/514 converted=42 workers=1/1 active current='Converting 86414795_112 at Thu Sep  3 01:08:30 PM CDT 2026;Converting 86414790_107 at Thu Sep  3 01:39:31 PM CDT 2026;Converting 86414795_112 at Thu Sep  3 01:40:08 PM CDT 2026;' user_mem=22.45GiB(17.9%) job_mem=13.78GiB sys_used=41.4% mem_avail=73.4GiB zombies=0 batch_running=yes
[2026-09-03 13:44:33] STOPPING batch (memory limit (user_mem=18.4%, job_mem=14.30GiB, limits=30%/12GiB))
[2026-09-03 13:44:33] Sending TERM to wvfm2h5.py pid=739797
[2026-09-03 13:44:33] Sending TERM to batch pid=731448
[2026-09-03 13:44:46] Batch stopped. Checkpoint saved to /exp/sbnd/app/users/munjung/anomaly-detection/logs/wvfm2h5_checkpoint_offbeamlight_tpc1.txt
[2026-09-03 13:44:46] Cooling down for 60s before resume
[2026-09-03 13:45:47] PROGRESS done=512/514 converted=42 workers=1/0 active current='Converting 86414795_112 at Thu Sep  3 01:08:30 PM CDT 2026;Converting 86414790_107 at Thu Sep  3 01:39:31 PM CDT 2026;Converting 86414795_112 at Thu Sep  3 01:40:08 PM CDT 2026;' user_mem=8.81GiB(7.0%) job_mem=0.02GiB sys_used=30.1% mem_avail=87.4GiB zombies=0 batch_running=yes
[2026-09-03 13:45:47] Batch already running; not starting another instance
[2026-09-03 13:50:49] PROGRESS done=512/514 converted=42 workers=1/1 active current='Converting 86414795_112 at Thu Sep  3 01:08:30 PM CDT 2026;Converting 86414790_107 at Thu Sep  3 01:39:31 PM CDT 2026;Converting 86414795_112 at Thu Sep  3 01:40:08 PM CDT 2026;' user_mem=20.23GiB(16.1%) job_mem=11.12GiB sys_used=39.8% mem_avail=75.4GiB zombies=0 batch_running=yes
[2026-09-03 13:55:52] PROGRESS done=512/514 converted=42 workers=1/1 active current='Converting 86414795_112 at Thu Sep  3 01:08:30 PM CDT 2026;Converting 86414790_107 at Thu Sep  3 01:39:31 PM CDT 2026;Converting 86414795_112 at Thu Sep  3 01:40:08 PM CDT 2026;' user_mem=22.49GiB(18.0%) job_mem=12.97GiB sys_used=42.5% mem_avail=72.0GiB zombies=0 batch_running=yes
[2026-09-03 13:55:53] STOPPING batch (memory limit (user_mem=18.1%, job_mem=13.22GiB, limits=30%/12GiB))
[2026-09-03 13:55:53] Sending TERM to wvfm2h5.py pid=766591
[2026-09-03 13:55:53] Sending TERM to batch pid=747318
[2026-09-03 13:56:05] Batch stopped. Checkpoint saved to /exp/sbnd/app/users/munjung/anomaly-detection/logs/wvfm2h5_checkpoint_offbeamlight_tpc1.txt
[2026-09-03 13:56:05] Cooling down for 60s before resume
[2026-09-03 13:57:07] PROGRESS done=512/514 converted=42 workers=1/0 active current='Converting 86414795_112 at Thu Sep  3 01:08:30 PM CDT 2026;Converting 86414790_107 at Thu Sep  3 01:39:31 PM CDT 2026;Converting 86414795_112 at Thu Sep  3 01:40:08 PM CDT 2026;' user_mem=9.37GiB(7.5%) job_mem=0.01GiB sys_used=33.5% mem_avail=83.2GiB zombies=0 batch_running=no
[2026-09-03 13:57:07] STARTING batch from checkpoint
[2026-09-03 13:57:07] Started batch pid=808053
[2026-09-03 14:02:09] PROGRESS done=512/514 converted=42 workers=1/1 active current='Converting 86414795_112 at Thu Sep  3 01:40:08 PM CDT 2026;Converting 86414790_107 at Thu Sep  3 01:57:08 PM CDT 2026;Converting 86414795_112 at Thu Sep  3 01:57:43 PM CDT 2026;' user_mem=17.34GiB(13.8%) job_mem=7.99GiB sys_used=40.3% mem_avail=74.7GiB zombies=0 batch_running=yes
[2026-09-03 14:07:11] PROGRESS done=512/514 converted=42 workers=1/1 active current='Converting 86414795_112 at Thu Sep  3 01:40:08 PM CDT 2026;Converting 86414790_107 at Thu Sep  3 01:57:08 PM CDT 2026;Converting 86414795_112 at Thu Sep  3 01:57:43 PM CDT 2026;' user_mem=20.98GiB(16.7%) job_mem=11.35GiB sys_used=39.7% mem_avail=75.4GiB zombies=0 batch_running=yes
[2026-09-03 14:12:14] PROGRESS done=512/514 converted=42 workers=1/1 active current='Converting 86414795_112 at Thu Sep  3 01:40:08 PM CDT 2026;Converting 86414790_107 at Thu Sep  3 01:57:08 PM CDT 2026;Converting 86414795_112 at Thu Sep  3 01:57:43 PM CDT 2026;' user_mem=19.84GiB(15.9%) job_mem=10.22GiB sys_used=25.7% mem_avail=93.0GiB zombies=0 batch_running=yes
[2026-09-03 14:17:16] PROGRESS done=512/514 converted=42 workers=1/0 active current='Converting 86414795_112 at Thu Sep  3 01:40:08 PM CDT 2026;Converting 86414790_107 at Thu Sep  3 01:57:08 PM CDT 2026;Converting 86414795_112 at Thu Sep  3 01:57:43 PM CDT 2026;' user_mem=9.63GiB(7.7%) job_mem=0.02GiB sys_used=14.9% mem_avail=106.4GiB zombies=0 batch_running=yes
[2026-09-03 14:22:18] PROGRESS done=512/514 converted=42 workers=1/1 active current='Converting 86414795_112 at Thu Sep  3 01:40:08 PM CDT 2026;Converting 86414790_107 at Thu Sep  3 01:57:08 PM CDT 2026;Converting 86414795_112 at Thu Sep  3 01:57:43 PM CDT 2026;' user_mem=18.94GiB(15.1%) job_mem=9.16GiB sys_used=21.4% mem_avail=98.3GiB zombies=0 batch_running=yes
[2026-09-03 14:27:20] PROGRESS done=512/514 converted=42 workers=1/1 active current='Converting 86414795_112 at Thu Sep  3 01:40:08 PM CDT 2026;Converting 86414790_107 at Thu Sep  3 01:57:08 PM CDT 2026;Converting 86414795_112 at Thu Sep  3 01:57:43 PM CDT 2026;' user_mem=22.85GiB(18.3%) job_mem=12.92GiB sys_used=24.5% mem_avail=94.5GiB zombies=0 batch_running=yes
[2026-09-03 14:27:20] STOPPING batch (memory limit (user_mem=18.4%, job_mem=13.14GiB, limits=30%/12GiB))
[2026-09-03 14:27:21] Sending TERM to wvfm2h5.py pid=916277
[2026-09-03 14:27:21] Sending TERM to batch pid=815734
[2026-09-03 14:27:33] Batch stopped. Checkpoint saved to /exp/sbnd/app/users/munjung/anomaly-detection/logs/wvfm2h5_checkpoint_offbeamlight_tpc1.txt
[2026-09-03 14:27:33] Cooling down for 60s before resume
[2026-09-03 14:28:35] PROGRESS done=512/514 converted=42 workers=1/0 active current='Converting 86414795_112 at Thu Sep  3 01:40:08 PM CDT 2026;Converting 86414790_107 at Thu Sep  3 01:57:08 PM CDT 2026;Converting 86414795_112 at Thu Sep  3 01:57:43 PM CDT 2026;' user_mem=10.02GiB(8.0%) job_mem=0.01GiB sys_used=15.0% mem_avail=106.4GiB zombies=0 batch_running=no
[2026-09-03 14:28:35] STARTING batch from checkpoint
[2026-09-03 14:28:35] Started batch pid=924132
[2026-09-03 14:33:37] PROGRESS done=512/514 converted=42 workers=1/0 active current='Converting 86414795_112 at Thu Sep  3 01:57:43 PM CDT 2026;Converting 86414790_107 at Thu Sep  3 02:28:35 PM CDT 2026;Converting 86414795_112 at Thu Sep  3 02:29:09 PM CDT 2026;' user_mem=10.05GiB(8.0%) job_mem=0.02GiB sys_used=18.6% mem_avail=101.9GiB zombies=0 batch_running=yes
[2026-09-03 14:38:39] PROGRESS done=512/514 converted=42 workers=1/1 active current='Converting 86414795_112 at Thu Sep  3 01:57:43 PM CDT 2026;Converting 86414790_107 at Thu Sep  3 02:28:35 PM CDT 2026;Converting 86414795_112 at Thu Sep  3 02:29:09 PM CDT 2026;' user_mem=21.52GiB(17.1%) job_mem=11.99GiB sys_used=24.1% mem_avail=94.9GiB zombies=0 batch_running=yes
[2026-09-03 14:38:39] STOPPING batch (memory limit (user_mem=17.4%, job_mem=12.24GiB, limits=30%/12GiB))
[2026-09-03 14:38:40] Sending TERM to wvfm2h5.py pid=936892
[2026-09-03 14:38:40] Sending TERM to batch pid=928920
[2026-09-03 14:38:52] Batch stopped. Checkpoint saved to /exp/sbnd/app/users/munjung/anomaly-detection/logs/wvfm2h5_checkpoint_offbeamlight_tpc1.txt
[2026-09-03 14:38:52] Cooling down for 60s before resume
[2026-09-03 14:39:54] PROGRESS done=512/514 converted=42 workers=1/0 active current='Converting 86414795_112 at Thu Sep  3 01:57:43 PM CDT 2026;Converting 86414790_107 at Thu Sep  3 02:28:35 PM CDT 2026;Converting 86414795_112 at Thu Sep  3 02:29:09 PM CDT 2026;' user_mem=9.84GiB(7.9%) job_mem=0.01GiB sys_used=17.1% mem_avail=103.7GiB zombies=0 batch_running=no
[2026-09-03 14:39:54] STARTING batch from checkpoint
[2026-09-03 14:39:54] Started batch pid=1022727
[2026-09-03 14:44:56] PROGRESS done=512/514 converted=42 workers=1/1 active current='Converting 86414795_112 at Thu Sep  3 02:29:09 PM CDT 2026;Converting 86414790_107 at Thu Sep  3 02:39:54 PM CDT 2026;Converting 86414795_112 at Thu Sep  3 02:40:31 PM CDT 2026;' user_mem=24.00GiB(19.1%) job_mem=14.51GiB sys_used=28.3% mem_avail=89.7GiB zombies=0 batch_running=yes
[2026-09-03 14:49:58] PROGRESS done=512/514 converted=42 workers=1/1 active current='Converting 86414795_112 at Thu Sep  3 02:29:09 PM CDT 2026;Converting 86414790_107 at Thu Sep  3 02:39:54 PM CDT 2026;Converting 86414795_112 at Thu Sep  3 02:40:31 PM CDT 2026;' user_mem=17.22GiB(13.7%) job_mem=7.67GiB sys_used=23.2% mem_avail=96.1GiB zombies=0 batch_running=yes
[2026-09-03 14:55:01] PROGRESS done=512/514 converted=42 workers=1/1 active current='Converting 86414795_112 at Thu Sep  3 02:29:09 PM CDT 2026;Converting 86414790_107 at Thu Sep  3 02:39:54 PM CDT 2026;Converting 86414795_112 at Thu Sep  3 02:40:31 PM CDT 2026;' user_mem=22.88GiB(18.3%) job_mem=13.23GiB sys_used=25.8% mem_avail=92.8GiB zombies=0 batch_running=yes
[2026-09-03 14:55:02] STOPPING batch (memory limit (user_mem=18.5%, job_mem=13.54GiB, limits=30%/12GiB))
[2026-09-03 14:55:02] Sending TERM to wvfm2h5.py pid=1084671
[2026-09-03 14:55:02] Sending TERM to batch pid=1025564
[2026-09-03 14:55:14] Batch stopped. Checkpoint saved to /exp/sbnd/app/users/munjung/anomaly-detection/logs/wvfm2h5_checkpoint_offbeamlight_tpc1.txt
[2026-09-03 14:55:14] Cooling down for 60s before resume
[2026-09-03 14:56:16] PROGRESS done=512/514 converted=42 workers=1/1 active current='Converting 86414795_112 at Thu Sep  3 02:29:09 PM CDT 2026;Converting 86414790_107 at Thu Sep  3 02:39:54 PM CDT 2026;Converting 86414795_112 at Thu Sep  3 02:40:31 PM CDT 2026;' user_mem=20.01GiB(16.0%) job_mem=10.31GiB sys_used=24.2% mem_avail=94.8GiB zombies=0 batch_running=yes
[2026-09-03 14:56:16] Batch already running; not starting another instance
[2026-09-03 15:01:18] PROGRESS done=512/514 converted=42 workers=1/1 active current='Converting 86414795_112 at Thu Sep  3 02:29:09 PM CDT 2026;Converting 86414790_107 at Thu Sep  3 02:39:54 PM CDT 2026;Converting 86414795_112 at Thu Sep  3 02:40:31 PM CDT 2026;' user_mem=17.09GiB(14.1%) job_mem=7.32GiB sys_used=27.7% mem_avail=90.5GiB zombies=0 batch_running=yes
[2026-09-03 15:06:20] PROGRESS done=512/514 converted=42 workers=1/1 active current='Converting 86414795_112 at Thu Sep  3 02:29:09 PM CDT 2026;Converting 86414790_107 at Thu Sep  3 02:39:54 PM CDT 2026;Converting 86414795_112 at Thu Sep  3 02:40:31 PM CDT 2026;' user_mem=18.59GiB(14.8%) job_mem=9.07GiB sys_used=29.2% mem_avail=88.6GiB zombies=0 batch_running=yes
[2026-09-03 15:11:22] PROGRESS done=512/514 converted=42 workers=1/1 active current='Converting 86414795_112 at Thu Sep  3 02:29:09 PM CDT 2026;Converting 86414790_107 at Thu Sep  3 02:39:54 PM CDT 2026;Converting 86414795_112 at Thu Sep  3 02:40:31 PM CDT 2026;' user_mem=23.41GiB(18.7%) job_mem=13.07GiB sys_used=32.9% mem_avail=83.9GiB zombies=0 batch_running=yes
[2026-09-03 15:11:22] STOPPING batch (memory limit (user_mem=18.9%, job_mem=13.38GiB, limits=30%/12GiB))
[2026-09-03 15:11:23] Sending TERM to wvfm2h5.py pid=1121968
[2026-09-03 15:11:23] Sending TERM to batch pid=1093469
[2026-09-03 15:11:35] Batch stopped. Checkpoint saved to /exp/sbnd/app/users/munjung/anomaly-detection/logs/wvfm2h5_checkpoint_offbeamlight_tpc1.txt
[2026-09-03 15:11:35] Cooling down for 60s before resume
[2026-09-03 15:12:37] PROGRESS done=512/514 converted=42 workers=1/0 active current='Converting 86414795_112 at Thu Sep  3 02:29:09 PM CDT 2026;Converting 86414790_107 at Thu Sep  3 02:39:54 PM CDT 2026;Converting 86414795_112 at Thu Sep  3 02:40:31 PM CDT 2026;' user_mem=10.39GiB(8.3%) job_mem=0.01GiB sys_used=28.3% mem_avail=89.7GiB zombies=0 batch_running=no
[2026-09-03 15:12:37] STARTING batch from checkpoint
[2026-09-03 15:12:37] Started batch pid=1128707
[2026-09-03 15:17:39] PROGRESS done=512/514 converted=42 workers=1/0 active current='Converting 86414795_112 at Thu Sep  3 02:40:31 PM CDT 2026;Converting 86414790_107 at Thu Sep  3 03:12:38 PM CDT 2026;Converting 86414795_112 at Thu Sep  3 03:13:11 PM CDT 2026;' user_mem=10.05GiB(8.0%) job_mem=0.02GiB sys_used=24.9% mem_avail=94.0GiB zombies=0 batch_running=yes
[2026-09-03 15:22:42] PROGRESS done=512/514 converted=42 workers=1/1 active current='Converting 86414795_112 at Thu Sep  3 02:40:31 PM CDT 2026;Converting 86414790_107 at Thu Sep  3 03:12:38 PM CDT 2026;Converting 86414795_112 at Thu Sep  3 03:13:11 PM CDT 2026;' user_mem=22.25GiB(17.8%) job_mem=12.34GiB sys_used=39.2% mem_avail=76.1GiB zombies=0 batch_running=yes
[2026-09-03 15:22:42] STOPPING batch (memory limit (user_mem=18.1%, job_mem=12.66GiB, limits=30%/12GiB))
[2026-09-03 15:22:43] Sending TERM to wvfm2h5.py pid=1141287
[2026-09-03 15:22:43] Sending TERM to batch pid=1135170
[2026-09-03 15:22:55] Batch stopped. Checkpoint saved to /exp/sbnd/app/users/munjung/anomaly-detection/logs/wvfm2h5_checkpoint_offbeamlight_tpc1.txt
[2026-09-03 15:22:55] Cooling down for 60s before resume
[2026-09-03 15:23:58] PROGRESS done=512/514 converted=42 workers=1/0 active current='Converting 86414795_112 at Thu Sep  3 02:40:31 PM CDT 2026;Converting 86414790_107 at Thu Sep  3 03:12:38 PM CDT 2026;Converting 86414795_112 at Thu Sep  3 03:13:11 PM CDT 2026;' user_mem=9.98GiB(8.0%) job_mem=0.01GiB sys_used=29.5% mem_avail=88.2GiB zombies=0 batch_running=no
[2026-09-03 15:23:58] STARTING batch from checkpoint
[2026-09-03 15:23:58] Started batch pid=1150811
[2026-09-03 15:29:01] PROGRESS done=512/514 converted=42 workers=1/1 active current='Converting 86414795_112 at Thu Sep  3 03:13:11 PM CDT 2026;Converting 86414790_107 at Thu Sep  3 03:23:58 PM CDT 2026;Converting 86414795_112 at Thu Sep  3 03:24:33 PM CDT 2026;' user_mem=11.72GiB(9.4%) job_mem=1.58GiB sys_used=25.2% mem_avail=93.7GiB zombies=0 batch_running=yes
[2026-09-03 15:34:04] PROGRESS done=512/514 converted=42 workers=1/1 active current='Converting 86414795_112 at Thu Sep  3 03:13:11 PM CDT 2026;Converting 86414790_107 at Thu Sep  3 03:23:58 PM CDT 2026;Converting 86414795_112 at Thu Sep  3 03:24:33 PM CDT 2026;' user_mem=19.43GiB(15.5%) job_mem=9.19GiB sys_used=33.0% mem_avail=83.9GiB zombies=0 batch_running=yes
[2026-09-03 15:39:08] PROGRESS done=512/514 converted=42 workers=1/1 active current='Converting 86414795_112 at Thu Sep  3 03:13:11 PM CDT 2026;Converting 86414790_107 at Thu Sep  3 03:23:58 PM CDT 2026;Converting 86414795_112 at Thu Sep  3 03:24:33 PM CDT 2026;' user_mem=21.29GiB(17.0%) job_mem=11.25GiB sys_used=40.9% mem_avail=73.9GiB zombies=0 batch_running=yes
[2026-09-03 15:44:12] PROGRESS done=512/514 converted=42 workers=1/1 active current='Converting 86414795_112 at Thu Sep  3 03:13:11 PM CDT 2026;Converting 86414790_107 at Thu Sep  3 03:23:58 PM CDT 2026;Converting 86414795_112 at Thu Sep  3 03:24:33 PM CDT 2026;' user_mem=16.49GiB(13.2%) job_mem=5.89GiB sys_used=29.3% mem_avail=88.5GiB zombies=0 batch_running=yes
[2026-09-03 15:49:15] PROGRESS done=512/514 converted=42 workers=1/1 active current='Converting 86414795_112 at Thu Sep  3 03:13:11 PM CDT 2026;Converting 86414790_107 at Thu Sep  3 03:23:58 PM CDT 2026;Converting 86414795_112 at Thu Sep  3 03:24:33 PM CDT 2026;' user_mem=22.00GiB(17.6%) job_mem=12.11GiB sys_used=36.0% mem_avail=80.1GiB zombies=0 batch_running=yes
[2026-09-03 15:49:16] STOPPING batch (memory limit (user_mem=17.8%, job_mem=12.50GiB, limits=30%/12GiB))
[2026-09-03 15:49:16] Sending TERM to wvfm2h5.py pid=1187747
[2026-09-03 15:49:17] Sending TERM to batch pid=1155596
[2026-09-03 15:49:29] Batch stopped. Checkpoint saved to /exp/sbnd/app/users/munjung/anomaly-detection/logs/wvfm2h5_checkpoint_offbeamlight_tpc1.txt
[2026-09-03 15:49:29] Cooling down for 60s before resume
[2026-09-03 15:50:31] PROGRESS done=512/514 converted=42 workers=1/0 active current='Converting 86414795_112 at Thu Sep  3 03:13:11 PM CDT 2026;Converting 86414790_107 at Thu Sep  3 03:23:58 PM CDT 2026;Converting 86414795_112 at Thu Sep  3 03:24:33 PM CDT 2026;' user_mem=10.35GiB(8.3%) job_mem=0.01GiB sys_used=28.5% mem_avail=89.5GiB zombies=0 batch_running=no
[2026-09-03 15:50:32] STARTING batch from checkpoint
[2026-09-03 15:50:32] Started batch pid=1203308
[2026-09-03 15:55:34] PROGRESS done=512/514 converted=42 workers=1/1 active current='Converting 86414795_112 at Thu Sep  3 03:24:33 PM CDT 2026;Converting 86414790_107 at Thu Sep  3 03:50:32 PM CDT 2026;Converting 86414795_112 at Thu Sep  3 03:51:06 PM CDT 2026;' user_mem=25.29GiB(20.2%) job_mem=14.51GiB sys_used=39.5% mem_avail=75.7GiB zombies=0 batch_running=yes
[2026-09-03 16:00:38] PROGRESS done=512/514 converted=42 workers=1/1 active current='Converting 86414795_112 at Thu Sep  3 03:24:33 PM CDT 2026;Converting 86414790_107 at Thu Sep  3 03:50:32 PM CDT 2026;Converting 86414795_112 at Thu Sep  3 03:51:06 PM CDT 2026;' user_mem=23.76GiB(19.0%) job_mem=12.87GiB sys_used=42.2% mem_avail=72.4GiB zombies=0 batch_running=yes
[2026-09-03 16:00:39] STOPPING batch (memory limit (user_mem=19.2%, job_mem=13.17GiB, limits=30%/12GiB))
[2026-09-03 16:00:40] Sending TERM to wvfm2h5.py pid=1216232
[2026-09-03 16:00:40] Sending TERM to batch pid=1205986
[2026-09-03 16:00:52] Batch stopped. Checkpoint saved to /exp/sbnd/app/users/munjung/anomaly-detection/logs/wvfm2h5_checkpoint_offbeamlight_tpc1.txt
[2026-09-03 16:00:52] Cooling down for 60s before resume
[2026-09-03 16:01:55] PROGRESS done=512/514 converted=42 workers=1/1 active current='Converting 86414795_112 at Thu Sep  3 03:24:33 PM CDT 2026;Converting 86414790_107 at Thu Sep  3 03:50:32 PM CDT 2026;Converting 86414795_112 at Thu Sep  3 03:51:06 PM CDT 2026;' user_mem=11.62GiB(9.3%) job_mem=0.22GiB sys_used=33.0% mem_avail=83.8GiB zombies=0 batch_running=yes
[2026-09-03 16:01:55] Batch already running; not starting another instance
[2026-09-03 16:06:57] PROGRESS done=512/514 converted=42 workers=1/1 active current='Converting 86414795_112 at Thu Sep  3 03:24:33 PM CDT 2026;Converting 86414790_107 at Thu Sep  3 03:50:32 PM CDT 2026;Converting 86414795_112 at Thu Sep  3 03:51:06 PM CDT 2026;' user_mem=20.15GiB(16.1%) job_mem=8.60GiB sys_used=41.8% mem_avail=72.9GiB zombies=0 batch_running=yes
[2026-09-03 16:12:00] PROGRESS done=512/514 converted=42 workers=1/1 active current='Converting 86414795_112 at Thu Sep  3 03:24:33 PM CDT 2026;Converting 86414790_107 at Thu Sep  3 03:50:32 PM CDT 2026;Converting 86414795_112 at Thu Sep  3 03:51:06 PM CDT 2026;' user_mem=21.14GiB(16.9%) job_mem=8.62GiB sys_used=37.7% mem_avail=77.9GiB zombies=0 batch_running=yes
[2026-09-03 16:17:07] PROGRESS done=512/514 converted=42 workers=1/1 active current='Converting 86414795_112 at Thu Sep  3 03:24:33 PM CDT 2026;Converting 86414790_107 at Thu Sep  3 03:50:32 PM CDT 2026;Converting 86414795_112 at Thu Sep  3 03:51:06 PM CDT 2026;' user_mem=24.82GiB(19.8%) job_mem=10.75GiB sys_used=52.8% mem_avail=59.1GiB zombies=0 batch_running=yes
[2026-09-03 16:22:10] PROGRESS done=512/514 converted=42 workers=1/1 active current='Converting 86414795_112 at Thu Sep  3 03:24:33 PM CDT 2026;Converting 86414790_107 at Thu Sep  3 03:50:32 PM CDT 2026;Converting 86414795_112 at Thu Sep  3 03:51:06 PM CDT 2026;' user_mem=29.97GiB(23.9%) job_mem=13.99GiB sys_used=48.3% mem_avail=64.7GiB zombies=0 batch_running=yes
[2026-09-03 16:22:11] STOPPING batch (memory limit (user_mem=24.0%, job_mem=13.97GiB, limits=30%/12GiB))
[2026-09-03 16:22:12] Sending TERM to wvfm2h5.py pid=1278107
[2026-09-03 16:22:13] Sending TERM to batch pid=1236443
[2026-09-03 16:22:23] Sending KILL to wvfm2h5.py pid=1303540
[2026-09-03 16:22:23] Sending KILL to batch pid=1303436
[2026-09-03 16:22:25] Batch stopped. Checkpoint saved to /exp/sbnd/app/users/munjung/anomaly-detection/logs/wvfm2h5_checkpoint_offbeamlight_tpc1.txt
[2026-09-03 16:22:25] Cooling down for 60s before resume
[2026-09-03 16:23:28] PROGRESS done=512/514 converted=42 workers=1/0 active current='Converting 86414795_112 at Thu Sep  3 03:24:33 PM CDT 2026;Converting 86414790_107 at Thu Sep  3 03:50:32 PM CDT 2026;Converting 86414795_112 at Thu Sep  3 03:51:06 PM CDT 2026;' user_mem=16.32GiB(13.0%) job_mem=0.01GiB sys_used=25.6% mem_avail=93.1GiB zombies=0 batch_running=no
[2026-09-03 16:23:28] STARTING batch from checkpoint
[2026-09-03 16:23:28] Started batch pid=1306704
[2026-09-03 16:28:30] PROGRESS done=512/514 converted=42 workers=1/1 active current='Converting 86414795_112 at Thu Sep  3 03:51:06 PM CDT 2026;Converting 86414790_107 at Thu Sep  3 04:23:28 PM CDT 2026;Converting 86414795_112 at Thu Sep  3 04:24:02 PM CDT 2026;' user_mem=35.42GiB(28.3%) job_mem=12.66GiB sys_used=42.4% mem_avail=72.0GiB zombies=0 batch_running=yes
[2026-09-03 16:28:31] STOPPING batch (memory limit (user_mem=28.4%, job_mem=12.84GiB, limits=30%/12GiB))
[2026-09-03 16:28:32] Sending TERM to wvfm2h5.py pid=1318919
[2026-09-03 16:28:32] Sending TERM to batch pid=1318871
[2026-09-03 16:28:45] Batch stopped. Checkpoint saved to /exp/sbnd/app/users/munjung/anomaly-detection/logs/wvfm2h5_checkpoint_offbeamlight_tpc1.txt
[2026-09-03 16:28:45] Cooling down for 60s before resume
[2026-09-03 16:29:47] PROGRESS done=512/514 converted=42 workers=1/0 active current='Converting 86414795_112 at Thu Sep  3 03:51:06 PM CDT 2026;Converting 86414790_107 at Thu Sep  3 04:23:28 PM CDT 2026;Converting 86414795_112 at Thu Sep  3 04:24:02 PM CDT 2026;' user_mem=22.68GiB(18.1%) job_mem=0.01GiB sys_used=30.9% mem_avail=86.5GiB zombies=0 batch_running=no
[2026-09-03 16:29:48] STARTING batch from checkpoint
[2026-09-03 16:29:48] Started batch pid=1323581
[2026-09-03 16:34:50] PROGRESS done=512/514 converted=42 workers=1/1 active current='Converting 86414795_112 at Thu Sep  3 04:24:02 PM CDT 2026;Converting 86414790_107 at Thu Sep  3 04:29:48 PM CDT 2026;Converting 86414795_112 at Thu Sep  3 04:30:22 PM CDT 2026;' user_mem=36.70GiB(29.3%) job_mem=13.95GiB sys_used=42.7% mem_avail=71.7GiB zombies=0 batch_running=yes
[2026-09-03 16:34:51] STOPPING batch (memory limit (user_mem=29.4%, job_mem=14.06GiB, limits=30%/12GiB))
[2026-09-03 16:34:52] Sending TERM to wvfm2h5.py pid=1329945
[2026-09-03 16:34:52] Sending TERM to batch pid=1329759
[2026-09-03 16:35:04] Batch stopped. Checkpoint saved to /exp/sbnd/app/users/munjung/anomaly-detection/logs/wvfm2h5_checkpoint_offbeamlight_tpc1.txt
[2026-09-03 16:35:04] Cooling down for 60s before resume
[2026-09-03 16:36:07] PROGRESS done=512/514 converted=42 workers=1/0 active current='Converting 86414795_112 at Thu Sep  3 04:24:02 PM CDT 2026;Converting 86414790_107 at Thu Sep  3 04:29:48 PM CDT 2026;Converting 86414795_112 at Thu Sep  3 04:30:22 PM CDT 2026;' user_mem=22.51GiB(18.0%) job_mem=0.01GiB sys_used=33.5% mem_avail=83.3GiB zombies=0 batch_running=no
[2026-09-03 16:36:07] STARTING batch from checkpoint
[2026-09-03 16:36:07] Started batch pid=1337833
[2026-09-03 16:41:09] PROGRESS done=512/514 converted=42 workers=1/0 active current='Converting 86414795_112 at Thu Sep  3 04:30:22 PM CDT 2026;Converting 86414790_107 at Thu Sep  3 04:36:08 PM CDT 2026;Converting 86414795_112 at Thu Sep  3 04:36:41 PM CDT 2026;' user_mem=22.15GiB(17.7%) job_mem=0.02GiB sys_used=30.8% mem_avail=86.6GiB zombies=0 batch_running=yes
[2026-09-03 16:46:12] PROGRESS done=512/514 converted=42 workers=1/1 active current='Converting 86414795_112 at Thu Sep  3 04:30:22 PM CDT 2026;Converting 86414790_107 at Thu Sep  3 04:36:08 PM CDT 2026;Converting 86414795_112 at Thu Sep  3 04:36:41 PM CDT 2026;' user_mem=33.82GiB(27.0%) job_mem=12.31GiB sys_used=42.2% mem_avail=72.3GiB zombies=0 batch_running=yes
[2026-09-03 16:46:13] STOPPING batch (memory limit (user_mem=27.3%, job_mem=12.64GiB, limits=30%/12GiB))
[2026-09-03 16:46:14] Sending TERM to wvfm2h5.py pid=1349852
[2026-09-03 16:46:14] Sending TERM to batch pid=1341319
[2026-09-03 16:46:27] Batch stopped. Checkpoint saved to /exp/sbnd/app/users/munjung/anomaly-detection/logs/wvfm2h5_checkpoint_offbeamlight_tpc1.txt
[2026-09-03 16:46:27] Cooling down for 60s before resume
[2026-09-03 16:47:29] PROGRESS done=512/514 converted=42 workers=1/0 active current='Converting 86414795_112 at Thu Sep  3 04:30:22 PM CDT 2026;Converting 86414790_107 at Thu Sep  3 04:36:08 PM CDT 2026;Converting 86414795_112 at Thu Sep  3 04:36:41 PM CDT 2026;' user_mem=21.71GiB(17.4%) job_mem=0.01GiB sys_used=30.2% mem_avail=87.4GiB zombies=0 batch_running=no
[2026-09-03 16:47:30] STARTING batch from checkpoint
[2026-09-03 16:47:30] Started batch pid=1360731
[2026-09-03 16:52:32] PROGRESS done=512/514 converted=42 workers=1/1 active current='Converting 86414795_112 at Thu Sep  3 04:36:41 PM CDT 2026;Converting 86414790_107 at Thu Sep  3 04:47:30 PM CDT 2026;Converting 86414795_112 at Thu Sep  3 04:48:03 PM CDT 2026;' user_mem=29.11GiB(23.3%) job_mem=6.04GiB sys_used=37.5% mem_avail=78.2GiB zombies=0 batch_running=yes
[2026-09-03 16:57:35] PROGRESS done=512/514 converted=42 workers=1/1 active current='Converting 86414795_112 at Thu Sep  3 04:36:41 PM CDT 2026;Converting 86414790_107 at Thu Sep  3 04:47:30 PM CDT 2026;Converting 86414795_112 at Thu Sep  3 04:48:03 PM CDT 2026;' user_mem=38.05GiB(30.4%) job_mem=14.46GiB sys_used=41.4% mem_avail=73.4GiB zombies=0 batch_running=yes
[2026-09-03 16:57:36] STOPPING batch (memory limit (user_mem=29.8%, job_mem=11.44GiB, limits=30%/12GiB))
[2026-09-03 16:57:36] Sending TERM to wvfm2h5.py pid=1369334
[2026-09-03 16:57:36] Sending TERM to batch pid=1361423
[2026-09-03 16:57:49] Batch stopped. Checkpoint saved to /exp/sbnd/app/users/munjung/anomaly-detection/logs/wvfm2h5_checkpoint_offbeamlight_tpc1.txt
[2026-09-03 16:57:49] Cooling down for 60s before resume
[2026-09-03 16:58:51] PROGRESS done=512/514 converted=42 workers=1/1 active current='Converting 86414795_112 at Thu Sep  3 04:36:41 PM CDT 2026;Converting 86414790_107 at Thu Sep  3 04:47:30 PM CDT 2026;Converting 86414795_112 at Thu Sep  3 04:48:03 PM CDT 2026;' user_mem=36.10GiB(28.8%) job_mem=12.42GiB sys_used=41.2% mem_avail=73.5GiB zombies=0 batch_running=yes
[2026-09-03 16:58:51] Batch already running; not starting another instance
[2026-09-03 17:03:53] PROGRESS done=512/514 converted=42 workers=1/1 active current='Converting 86414795_112 at Thu Sep  3 04:36:41 PM CDT 2026;Converting 86414790_107 at Thu Sep  3 04:47:30 PM CDT 2026;Converting 86414795_112 at Thu Sep  3 04:48:03 PM CDT 2026;' user_mem=36.34GiB(29.0%) job_mem=12.54GiB sys_used=38.4% mem_avail=77.1GiB zombies=0 batch_running=yes
[2026-09-03 17:03:54] STOPPING batch (memory limit (user_mem=29.4%, job_mem=12.85GiB, limits=30%/12GiB))
[2026-09-03 17:03:55] Sending TERM to wvfm2h5.py pid=1386530
[2026-09-03 17:03:55] Sending TERM to batch pid=1377066
[2026-09-03 17:04:08] Batch stopped. Checkpoint saved to /exp/sbnd/app/users/munjung/anomaly-detection/logs/wvfm2h5_checkpoint_offbeamlight_tpc1.txt
[2026-09-03 17:04:08] Cooling down for 60s before resume
[2026-09-03 17:05:10] PROGRESS done=512/514 converted=42 workers=1/0 active current='Converting 86414795_112 at Thu Sep  3 04:36:41 PM CDT 2026;Converting 86414790_107 at Thu Sep  3 04:47:30 PM CDT 2026;Converting 86414795_112 at Thu Sep  3 04:48:03 PM CDT 2026;' user_mem=24.10GiB(19.3%) job_mem=0.01GiB sys_used=30.0% mem_avail=87.6GiB zombies=0 batch_running=no
[2026-09-03 17:05:11] STARTING batch from checkpoint
[2026-09-03 17:05:11] Started batch pid=1391742
[2026-09-03 17:10:13] PROGRESS done=512/514 converted=42 workers=1/0 active current='Converting 86414795_112 at Thu Sep  3 04:48:03 PM CDT 2026;Converting 86414790_107 at Thu Sep  3 05:05:11 PM CDT 2026;Converting 86414795_112 at Thu Sep  3 05:05:46 PM CDT 2026;' user_mem=24.32GiB(19.4%) job_mem=0.02GiB sys_used=30.3% mem_avail=87.2GiB zombies=0 batch_running=yes
[2026-09-03 17:15:16] PROGRESS done=512/514 converted=42 workers=1/1 active current='Converting 86414795_112 at Thu Sep  3 04:48:03 PM CDT 2026;Converting 86414790_107 at Thu Sep  3 05:05:11 PM CDT 2026;Converting 86414795_112 at Thu Sep  3 05:05:46 PM CDT 2026;' user_mem=35.29GiB(28.2%) job_mem=10.80GiB sys_used=40.0% mem_avail=75.0GiB zombies=0 batch_running=yes
[2026-09-03 17:20:19] PROGRESS done=512/514 converted=42 workers=1/1 active current='Converting 86414795_112 at Thu Sep  3 04:48:03 PM CDT 2026;Converting 86414790_107 at Thu Sep  3 05:05:11 PM CDT 2026;Converting 86414795_112 at Thu Sep  3 05:05:46 PM CDT 2026;' user_mem=37.61GiB(30.0%) job_mem=13.31GiB sys_used=43.2% mem_avail=71.1GiB zombies=0 batch_running=yes
[2026-09-03 17:20:20] STOPPING batch (memory limit (user_mem=30.2%, job_mem=13.45GiB, limits=30%/12GiB))
[2026-09-03 17:20:21] Sending TERM to wvfm2h5.py pid=1407190
[2026-09-03 17:20:21] Sending TERM to batch pid=1397603
[2026-09-03 17:20:34] Batch stopped. Checkpoint saved to /exp/sbnd/app/users/munjung/anomaly-detection/logs/wvfm2h5_checkpoint_offbeamlight_tpc1.txt
[2026-09-03 17:20:34] Cooling down for 60s before resume
[2026-09-03 17:21:36] PROGRESS done=512/514 converted=42 workers=1/0 active current='Converting 86414795_112 at Thu Sep  3 04:48:03 PM CDT 2026;Converting 86414790_107 at Thu Sep  3 05:05:11 PM CDT 2026;Converting 86414795_112 at Thu Sep  3 05:05:46 PM CDT 2026;' user_mem=24.41GiB(19.5%) job_mem=0.01GiB sys_used=30.9% mem_avail=86.5GiB zombies=0 batch_running=no
[2026-09-03 17:21:36] STARTING batch from checkpoint
[2026-09-03 17:21:36] Started batch pid=1424739
[2026-09-03 17:26:39] PROGRESS done=512/514 converted=42 workers=1/1 active current='Converting 86414795_112 at Thu Sep  3 05:05:46 PM CDT 2026;Converting 86414790_107 at Thu Sep  3 05:21:37 PM CDT 2026;Converting 86414795_112 at Thu Sep  3 05:22:10 PM CDT 2026;' user_mem=35.55GiB(28.4%) job_mem=11.11GiB sys_used=38.9% mem_avail=76.5GiB zombies=0 batch_running=yes
[2026-09-03 17:31:42] PROGRESS done=512/514 converted=42 workers=1/1 active current='Converting 86414795_112 at Thu Sep  3 05:05:46 PM CDT 2026;Converting 86414790_107 at Thu Sep  3 05:21:37 PM CDT 2026;Converting 86414795_112 at Thu Sep  3 05:22:10 PM CDT 2026;' user_mem=32.72GiB(26.1%) job_mem=8.30GiB sys_used=37.6% mem_avail=78.1GiB zombies=0 batch_running=yes
[2026-09-03 17:36:45] PROGRESS done=512/514 converted=42 workers=1/1 active current='Converting 86414795_112 at Thu Sep  3 05:05:46 PM CDT 2026;Converting 86414790_107 at Thu Sep  3 05:21:37 PM CDT 2026;Converting 86414795_112 at Thu Sep  3 05:22:10 PM CDT 2026;' user_mem=35.53GiB(28.4%) job_mem=11.09GiB sys_used=42.4% mem_avail=72.1GiB zombies=0 batch_running=yes
[2026-09-03 17:41:48] PROGRESS done=512/514 converted=42 workers=1/1 active current='Converting 86414795_112 at Thu Sep  3 05:05:46 PM CDT 2026;Converting 86414790_107 at Thu Sep  3 05:21:37 PM CDT 2026;Converting 86414795_112 at Thu Sep  3 05:22:10 PM CDT 2026;' user_mem=34.60GiB(27.7%) job_mem=10.20GiB sys_used=39.1% mem_avail=76.2GiB zombies=0 batch_running=yes
[2026-09-03 17:46:50] PROGRESS done=512/514 converted=42 workers=1/1 active current='Converting 86414795_112 at Thu Sep  3 05:05:46 PM CDT 2026;Converting 86414790_107 at Thu Sep  3 05:21:37 PM CDT 2026;Converting 86414795_112 at Thu Sep  3 05:22:10 PM CDT 2026;' user_mem=37.58GiB(30.0%) job_mem=13.07GiB sys_used=35.7% mem_avail=80.4GiB zombies=0 batch_running=yes
[2026-09-03 17:46:50] STOPPING batch (memory limit (user_mem=30.2%, job_mem=13.26GiB, limits=30%/12GiB))
[2026-09-03 17:46:51] Sending TERM to wvfm2h5.py pid=1458038
[2026-09-03 17:46:51] Sending TERM to batch pid=1427779
[2026-09-03 17:47:03] Batch stopped. Checkpoint saved to /exp/sbnd/app/users/munjung/anomaly-detection/logs/wvfm2h5_checkpoint_offbeamlight_tpc1.txt
[2026-09-03 17:47:03] Cooling down for 60s before resume
[2026-09-03 17:48:05] PROGRESS done=512/514 converted=42 workers=1/0 active current='Converting 86414795_112 at Thu Sep  3 05:05:46 PM CDT 2026;Converting 86414790_107 at Thu Sep  3 05:21:37 PM CDT 2026;Converting 86414795_112 at Thu Sep  3 05:22:10 PM CDT 2026;' user_mem=24.53GiB(19.6%) job_mem=0.01GiB sys_used=27.6% mem_avail=90.6GiB zombies=0 batch_running=no
[2026-09-03 17:48:06] STARTING batch from checkpoint
[2026-09-03 17:48:06] Started batch pid=1474811
[2026-09-03 17:53:07] PROGRESS done=512/514 converted=42 workers=1/1 active current='Converting 86414795_112 at Thu Sep  3 05:22:10 PM CDT 2026;Converting 86414790_107 at Thu Sep  3 05:48:06 PM CDT 2026;Converting 86414795_112 at Thu Sep  3 05:48:39 PM CDT 2026;' user_mem=38.54GiB(30.9%) job_mem=10.78GiB sys_used=35.6% mem_avail=80.6GiB zombies=0 batch_running=yes
[2026-09-03 17:53:08] STOPPING batch (memory limit (user_mem=31.1%, job_mem=11.17GiB, limits=30%/12GiB))
[2026-09-03 17:53:09] Sending TERM to wvfm2h5.py pid=1482502
[2026-09-03 17:53:09] Sending TERM to batch pid=1476396
[2026-09-03 17:53:21] Batch stopped. Checkpoint saved to /exp/sbnd/app/users/munjung/anomaly-detection/logs/wvfm2h5_checkpoint_offbeamlight_tpc1.txt
[2026-09-03 17:53:21] Cooling down for 60s before resume
[2026-09-03 17:54:23] PROGRESS done=512/514 converted=42 workers=1/1 active current='Converting 86414795_112 at Thu Sep  3 05:22:10 PM CDT 2026;Converting 86414790_107 at Thu Sep  3 05:48:06 PM CDT 2026;Converting 86414795_112 at Thu Sep  3 05:48:39 PM CDT 2026;' user_mem=41.88GiB(33.4%) job_mem=13.72GiB sys_used=40.4% mem_avail=74.6GiB zombies=0 batch_running=yes
[2026-09-03 17:54:23] Batch already running; not starting another instance
[2026-09-03 17:59:24] PROGRESS done=512/514 converted=42 workers=1/1 active current='Converting 86414795_112 at Thu Sep  3 05:22:10 PM CDT 2026;Converting 86414790_107 at Thu Sep  3 05:48:06 PM CDT 2026;Converting 86414795_112 at Thu Sep  3 05:48:39 PM CDT 2026;' user_mem=44.85GiB(35.7%) job_mem=7.34GiB sys_used=43.5% mem_avail=70.7GiB zombies=0 batch_running=yes
[2026-09-03 17:59:25] STOPPING batch (memory limit (user_mem=34.4%, job_mem=7.67GiB, limits=30%/12GiB))
[2026-09-03 17:59:25] Sending TERM to wvfm2h5.py pid=1491158
[2026-09-03 17:59:25] Sending TERM to batch pid=1484368
[2026-09-03 17:59:38] Batch stopped. Checkpoint saved to /exp/sbnd/app/users/munjung/anomaly-detection/logs/wvfm2h5_checkpoint_offbeamlight_tpc1.txt
[2026-09-03 17:59:38] Cooling down for 60s before resume
[2026-09-03 18:00:39] PROGRESS done=512/514 converted=42 workers=1/0 active current='Converting 86414795_112 at Thu Sep  3 05:22:10 PM CDT 2026;Converting 86414790_107 at Thu Sep  3 05:48:06 PM CDT 2026;Converting 86414795_112 at Thu Sep  3 05:48:39 PM CDT 2026;' user_mem=34.75GiB(27.8%) job_mem=0.01GiB sys_used=34.0% mem_avail=82.6GiB zombies=0 batch_running=no
[2026-09-03 18:00:40] STARTING batch from checkpoint
[2026-09-03 18:00:40] Started batch pid=1499076
[2026-09-03 18:05:41] PROGRESS done=512/514 converted=42 workers=1/1 active current='Converting 86414795_112 at Thu Sep  3 05:48:39 PM CDT 2026;Converting 86414790_107 at Thu Sep  3 06:00:40 PM CDT 2026;Converting 86414795_112 at Thu Sep  3 06:01:13 PM CDT 2026;' user_mem=35.78GiB(28.6%) job_mem=1.04GiB sys_used=35.4% mem_avail=80.9GiB zombies=0 batch_running=yes
[2026-09-03 18:10:43] PROGRESS done=512/514 converted=42 workers=1/1 active current='Converting 86414795_112 at Thu Sep  3 05:48:39 PM CDT 2026;Converting 86414790_107 at Thu Sep  3 06:00:40 PM CDT 2026;Converting 86414795_112 at Thu Sep  3 06:01:13 PM CDT 2026;' user_mem=46.43GiB(37.1%) job_mem=11.66GiB sys_used=44.9% mem_avail=68.9GiB zombies=0 batch_running=yes
[2026-09-03 18:10:44] STOPPING batch (memory limit (user_mem=37.3%, job_mem=11.94GiB, limits=30%/12GiB))
[2026-09-03 18:10:44] Sending TERM to wvfm2h5.py pid=1511963
[2026-09-03 18:10:44] Sending TERM to batch pid=1505669
[2026-09-03 18:10:57] Batch stopped. Checkpoint saved to /exp/sbnd/app/users/munjung/anomaly-detection/logs/wvfm2h5_checkpoint_offbeamlight_tpc1.txt
[2026-09-03 18:10:57] Cooling down for 60s before resume
[2026-09-03 18:11:58] PROGRESS done=512/514 converted=42 workers=1/0 active current='Converting 86414795_112 at Thu Sep  3 05:48:39 PM CDT 2026;Converting 86414790_107 at Thu Sep  3 06:00:40 PM CDT 2026;Converting 86414795_112 at Thu Sep  3 06:01:13 PM CDT 2026;' user_mem=35.01GiB(28.0%) job_mem=0.01GiB sys_used=33.7% mem_avail=82.9GiB zombies=0 batch_running=no
[2026-09-03 18:11:58] STARTING batch from checkpoint
[2026-09-03 18:11:58] Started batch pid=1521609
[2026-09-03 18:17:00] PROGRESS done=512/514 converted=42 workers=1/1 active current='Converting 86414795_112 at Thu Sep  3 06:01:13 PM CDT 2026;Converting 86414790_107 at Thu Sep  3 06:11:59 PM CDT 2026;Converting 86414795_112 at Thu Sep  3 06:12:32 PM CDT 2026;' user_mem=37.00GiB(29.6%) job_mem=0.02GiB sys_used=35.7% mem_avail=80.5GiB zombies=0 batch_running=yes
[2026-09-03 18:22:02] PROGRESS done=512/514 converted=42 workers=1/1 active current='Converting 86414795_112 at Thu Sep  3 06:01:13 PM CDT 2026;Converting 86414790_107 at Thu Sep  3 06:11:59 PM CDT 2026;Converting 86414795_112 at Thu Sep  3 06:12:32 PM CDT 2026;' user_mem=51.07GiB(40.8%) job_mem=12.88GiB sys_used=46.7% mem_avail=66.6GiB zombies=0 batch_running=yes
[2026-09-03 18:22:03] STOPPING batch (memory limit (user_mem=41.2%, job_mem=13.06GiB, limits=30%/12GiB))
[2026-09-03 18:22:03] Sending TERM to wvfm2h5.py pid=1534289
[2026-09-03 18:22:04] Sending TERM to batch pid=1525935
[2026-09-03 18:22:16] Batch stopped. Checkpoint saved to /exp/sbnd/app/users/munjung/anomaly-detection/logs/wvfm2h5_checkpoint_offbeamlight_tpc1.txt
[2026-09-03 18:22:16] Cooling down for 60s before resume
[2026-09-03 18:23:18] PROGRESS done=512/514 converted=42 workers=1/0 active current='Converting 86414795_112 at Thu Sep  3 06:01:13 PM CDT 2026;Converting 86414790_107 at Thu Sep  3 06:11:59 PM CDT 2026;Converting 86414795_112 at Thu Sep  3 06:12:32 PM CDT 2026;' user_mem=28.67GiB(22.8%) job_mem=0.01GiB sys_used=31.9% mem_avail=85.2GiB zombies=0 batch_running=no
[2026-09-03 18:23:18] STARTING batch from checkpoint
[2026-09-03 18:23:18] Started batch pid=1543411
[2026-09-03 18:28:19] PROGRESS done=512/514 converted=42 workers=1/1 active current='Converting 86414795_112 at Thu Sep  3 06:12:32 PM CDT 2026;Converting 86414790_107 at Thu Sep  3 06:23:19 PM CDT 2026;Converting 86414795_112 at Thu Sep  3 06:23:52 PM CDT 2026;' user_mem=41.76GiB(33.4%) job_mem=12.88GiB sys_used=39.7% mem_avail=75.5GiB zombies=0 batch_running=yes
[2026-09-03 18:28:20] STOPPING batch (memory limit (user_mem=33.7%, job_mem=13.22GiB, limits=30%/12GiB))
[2026-09-03 18:28:20] Sending TERM to wvfm2h5.py pid=1550232
[2026-09-03 18:28:20] Sending TERM to batch pid=1544641
[2026-09-03 18:28:33] Batch stopped. Checkpoint saved to /exp/sbnd/app/users/munjung/anomaly-detection/logs/wvfm2h5_checkpoint_offbeamlight_tpc1.txt
[2026-09-03 18:28:33] Cooling down for 60s before resume
[2026-09-03 18:29:34] PROGRESS done=512/514 converted=42 workers=1/1 active current='Converting 86414795_112 at Thu Sep  3 06:12:32 PM CDT 2026;Converting 86414790_107 at Thu Sep  3 06:23:19 PM CDT 2026;Converting 86414795_112 at Thu Sep  3 06:23:52 PM CDT 2026;' user_mem=36.01GiB(28.8%) job_mem=8.49GiB sys_used=37.6% mem_avail=78.1GiB zombies=0 batch_running=yes
[2026-09-03 18:29:34] Batch already running; not starting another instance
[2026-09-03 18:34:36] PROGRESS done=512/514 converted=42 workers=1/1 active current='Converting 86414795_112 at Thu Sep  3 06:12:32 PM CDT 2026;Converting 86414790_107 at Thu Sep  3 06:23:19 PM CDT 2026;Converting 86414795_112 at Thu Sep  3 06:23:52 PM CDT 2026;' user_mem=41.50GiB(33.2%) job_mem=12.88GiB sys_used=42.2% mem_avail=72.3GiB zombies=0 batch_running=yes
[2026-09-03 18:34:36] STOPPING batch (memory limit (user_mem=33.4%, job_mem=13.21GiB, limits=30%/12GiB))
[2026-09-03 18:34:37] Sending TERM to wvfm2h5.py pid=1559125
[2026-09-03 18:34:37] Sending TERM to batch pid=1553607
[2026-09-03 18:34:49] Batch stopped. Checkpoint saved to /exp/sbnd/app/users/munjung/anomaly-detection/logs/wvfm2h5_checkpoint_offbeamlight_tpc1.txt
[2026-09-03 18:34:49] Cooling down for 60s before resume
[2026-09-03 18:35:51] PROGRESS done=512/514 converted=42 workers=1/0 active current='Converting 86414795_112 at Thu Sep  3 06:12:32 PM CDT 2026;Converting 86414790_107 at Thu Sep  3 06:23:19 PM CDT 2026;Converting 86414795_112 at Thu Sep  3 06:23:52 PM CDT 2026;' user_mem=28.89GiB(23.1%) job_mem=0.01GiB sys_used=30.9% mem_avail=86.4GiB zombies=0 batch_running=no
[2026-09-03 18:35:51] STARTING batch from checkpoint
[2026-09-03 18:35:51] Started batch pid=1566139
[2026-09-03 18:40:53] PROGRESS done=512/514 converted=42 workers=1/0 active current='Converting 86414795_112 at Thu Sep  3 06:23:52 PM CDT 2026;Converting 86414790_107 at Thu Sep  3 06:35:51 PM CDT 2026;Converting 86414795_112 at Thu Sep  3 06:36:26 PM CDT 2026;' user_mem=29.75GiB(23.7%) job_mem=0.02GiB sys_used=32.1% mem_avail=85.0GiB zombies=0 batch_running=yes
[2026-09-03 18:45:55] PROGRESS done=512/514 converted=42 workers=1/1 active current='Converting 86414795_112 at Thu Sep  3 06:23:52 PM CDT 2026;Converting 86414790_107 at Thu Sep  3 06:35:51 PM CDT 2026;Converting 86414795_112 at Thu Sep  3 06:36:26 PM CDT 2026;' user_mem=36.06GiB(28.8%) job_mem=7.34GiB sys_used=37.6% mem_avail=78.1GiB zombies=0 batch_running=yes
[2026-09-03 18:50:57] PROGRESS done=512/514 converted=42 workers=1/1 active current='Converting 86414795_112 at Thu Sep  3 06:23:52 PM CDT 2026;Converting 86414790_107 at Thu Sep  3 06:35:51 PM CDT 2026;Converting 86414795_112 at Thu Sep  3 06:36:26 PM CDT 2026;' user_mem=35.14GiB(28.1%) job_mem=6.23GiB sys_used=37.9% mem_avail=77.7GiB zombies=0 batch_running=yes
[2026-09-03 18:55:59] PROGRESS done=512/514 converted=42 workers=1/1 active current='Converting 86414795_112 at Thu Sep  3 06:23:52 PM CDT 2026;Converting 86414790_107 at Thu Sep  3 06:35:51 PM CDT 2026;Converting 86414795_112 at Thu Sep  3 06:36:26 PM CDT 2026;' user_mem=37.29GiB(29.8%) job_mem=8.18GiB sys_used=40.4% mem_avail=74.6GiB zombies=0 batch_running=yes
[2026-09-03 19:01:01] PROGRESS done=512/514 converted=42 workers=1/1 active current='Converting 86414795_112 at Thu Sep  3 06:23:52 PM CDT 2026;Converting 86414790_107 at Thu Sep  3 06:35:51 PM CDT 2026;Converting 86414795_112 at Thu Sep  3 06:36:26 PM CDT 2026;' user_mem=39.96GiB(31.9%) job_mem=10.91GiB sys_used=40.1% mem_avail=75.0GiB zombies=0 batch_running=yes
[2026-09-03 19:01:02] STOPPING batch (memory limit (user_mem=32.2%, job_mem=11.24GiB, limits=30%/12GiB))
[2026-09-03 19:01:03] Sending TERM to wvfm2h5.py pid=1629686
[2026-09-03 19:01:03] Sending TERM to batch pid=1573504
[2026-09-03 19:01:15] Batch stopped. Checkpoint saved to /exp/sbnd/app/users/munjung/anomaly-detection/logs/wvfm2h5_checkpoint_offbeamlight_tpc1.txt
[2026-09-03 19:01:15] Cooling down for 60s before resume
[2026-09-03 19:02:16] PROGRESS done=512/514 converted=42 workers=1/0 active current='Converting 86414795_112 at Thu Sep  3 06:23:52 PM CDT 2026;Converting 86414790_107 at Thu Sep  3 06:35:51 PM CDT 2026;Converting 86414795_112 at Thu Sep  3 06:36:26 PM CDT 2026;' user_mem=29.54GiB(23.6%) job_mem=0.01GiB sys_used=29.8% mem_avail=87.8GiB zombies=0 batch_running=no
[2026-09-03 19:02:17] STARTING batch from checkpoint
[2026-09-03 19:02:17] Started batch pid=1633843
[2026-09-03 19:07:18] PROGRESS done=512/514 converted=42 workers=1/1 active current='Converting 86414795_112 at Thu Sep  3 06:36:26 PM CDT 2026;Converting 86414790_107 at Thu Sep  3 07:02:17 PM CDT 2026;Converting 86414795_112 at Thu Sep  3 07:02:50 PM CDT 2026;' user_mem=39.08GiB(31.2%) job_mem=8.81GiB sys_used=38.1% mem_avail=77.4GiB zombies=0 batch_running=yes
[2026-09-03 19:12:20] PROGRESS done=512/514 converted=42 workers=1/1 active current='Converting 86414795_112 at Thu Sep  3 06:36:26 PM CDT 2026;Converting 86414790_107 at Thu Sep  3 07:02:17 PM CDT 2026;Converting 86414795_112 at Thu Sep  3 07:02:50 PM CDT 2026;' user_mem=29.76GiB(23.8%) job_mem=0.79GiB sys_used=31.0% mem_avail=86.4GiB zombies=0 batch_running=yes
[2026-09-03 19:17:23] PROGRESS done=512/514 converted=42 workers=1/1 active current='Converting 86414795_112 at Thu Sep  3 06:36:26 PM CDT 2026;Converting 86414790_107 at Thu Sep  3 07:02:17 PM CDT 2026;Converting 86414795_112 at Thu Sep  3 07:02:50 PM CDT 2026;' user_mem=33.61GiB(26.9%) job_mem=2.24GiB sys_used=33.8% mem_avail=82.8GiB zombies=0 batch_running=yes
[2026-09-03 19:22:25] PROGRESS done=512/514 converted=42 workers=1/1 active current='Converting 86414795_112 at Thu Sep  3 06:36:26 PM CDT 2026;Converting 86414790_107 at Thu Sep  3 07:02:17 PM CDT 2026;Converting 86414795_112 at Thu Sep  3 07:02:50 PM CDT 2026;' user_mem=21.41GiB(17.1%) job_mem=14.28GiB sys_used=24.6% mem_avail=94.4GiB zombies=0 batch_running=yes
[2026-09-03 19:22:25] STOPPING batch (memory limit (user_mem=17.4%, job_mem=14.51GiB, limits=30%/12GiB))
[2026-09-03 19:22:26] Sending TERM to batch pid=1638927
[2026-09-03 19:22:38] Batch stopped. Checkpoint saved to /exp/sbnd/app/users/munjung/anomaly-detection/logs/wvfm2h5_checkpoint_offbeamlight_tpc1.txt
[2026-09-03 19:22:38] Cooling down for 60s before resume
[2026-09-03 19:23:40] PROGRESS done=512/514 converted=42 workers=1/0 active current='Converting 86414795_112 at Thu Sep  3 06:36:26 PM CDT 2026;Converting 86414790_107 at Thu Sep  3 07:02:17 PM CDT 2026;Converting 86414795_112 at Thu Sep  3 07:02:50 PM CDT 2026;' user_mem=7.36GiB(5.9%) job_mem=0.01GiB sys_used=11.5% mem_avail=110.7GiB zombies=0 batch_running=no
[2026-09-03 19:23:40] STARTING batch from checkpoint
[2026-09-03 19:23:40] Started batch pid=1686400
[2026-09-03 19:28:42] PROGRESS done=512/514 converted=42 workers=1/1 active current='Converting 86414795_112 at Thu Sep  3 07:02:50 PM CDT 2026;Converting 86414790_107 at Thu Sep  3 07:23:40 PM CDT 2026;Converting 86414795_112 at Thu Sep  3 07:24:13 PM CDT 2026;' user_mem=19.24GiB(15.4%) job_mem=12.03GiB sys_used=20.5% mem_avail=99.5GiB zombies=0 batch_running=yes
[2026-09-03 19:28:42] STOPPING batch (memory limit (user_mem=15.7%, job_mem=12.38GiB, limits=30%/12GiB))
[2026-09-03 19:28:43] Sending TERM to wvfm2h5.py pid=1695218
[2026-09-03 19:28:43] Sending TERM to batch pid=1690110
[2026-09-03 19:28:55] Batch stopped. Checkpoint saved to /exp/sbnd/app/users/munjung/anomaly-detection/logs/wvfm2h5_checkpoint_offbeamlight_tpc1.txt
[2026-09-03 19:28:55] Cooling down for 60s before resume
[2026-09-03 19:29:57] PROGRESS done=512/514 converted=42 workers=1/0 active current='Converting 86414795_112 at Thu Sep  3 07:02:50 PM CDT 2026;Converting 86414790_107 at Thu Sep  3 07:23:40 PM CDT 2026;Converting 86414795_112 at Thu Sep  3 07:24:13 PM CDT 2026;' user_mem=7.26GiB(5.8%) job_mem=0.01GiB sys_used=13.1% mem_avail=108.7GiB zombies=0 batch_running=no
[2026-09-03 19:29:57] STARTING batch from checkpoint
[2026-09-03 19:29:57] Started batch pid=1698562
[2026-09-03 19:34:59] PROGRESS done=512/514 converted=42 workers=1/1 active current='Converting 86414795_112 at Thu Sep  3 07:24:13 PM CDT 2026;Converting 86414790_107 at Thu Sep  3 07:29:57 PM CDT 2026;Converting 86414795_112 at Thu Sep  3 07:30:30 PM CDT 2026;' user_mem=16.03GiB(12.8%) job_mem=8.81GiB sys_used=20.1% mem_avail=100.0GiB zombies=0 batch_running=yes
[2026-09-03 19:40:01] PROGRESS done=512/514 converted=42 workers=1/1 active current='Converting 86414795_112 at Thu Sep  3 07:24:13 PM CDT 2026;Converting 86414790_107 at Thu Sep  3 07:29:57 PM CDT 2026;Converting 86414795_112 at Thu Sep  3 07:30:30 PM CDT 2026;' user_mem=18.12GiB(14.5%) job_mem=10.88GiB sys_used=22.4% mem_avail=97.1GiB zombies=0 batch_running=yes
[2026-09-03 19:45:03] PROGRESS done=512/514 converted=42 workers=1/1 active current='Converting 86414795_112 at Thu Sep  3 07:24:13 PM CDT 2026;Converting 86414790_107 at Thu Sep  3 07:29:57 PM CDT 2026;Converting 86414795_112 at Thu Sep  3 07:30:30 PM CDT 2026;' user_mem=15.33GiB(12.2%) job_mem=8.55GiB sys_used=17.6% mem_avail=103.1GiB zombies=0 batch_running=yes
[2026-09-03 19:50:05] PROGRESS done=512/514 converted=42 workers=1/1 active current='Converting 86414795_112 at Thu Sep  3 07:24:13 PM CDT 2026;Converting 86414790_107 at Thu Sep  3 07:29:57 PM CDT 2026;Converting 86414795_112 at Thu Sep  3 07:30:30 PM CDT 2026;' user_mem=17.92GiB(14.3%) job_mem=10.86GiB sys_used=19.1% mem_avail=101.2GiB zombies=0 batch_running=yes
[2026-09-03 19:55:08] PROGRESS done=512/514 converted=42 workers=1/1 active current='Converting 86414795_112 at Thu Sep  3 07:24:13 PM CDT 2026;Converting 86414790_107 at Thu Sep  3 07:29:57 PM CDT 2026;Converting 86414795_112 at Thu Sep  3 07:30:30 PM CDT 2026;' user_mem=20.66GiB(16.5%) job_mem=13.50GiB sys_used=22.1% mem_avail=97.5GiB zombies=0 batch_running=yes
[2026-09-03 19:55:09] STOPPING batch (memory limit (user_mem=16.6%, job_mem=13.70GiB, limits=30%/12GiB))
[2026-09-03 19:55:09] Sending TERM to wvfm2h5.py pid=1737511
[2026-09-03 19:55:09] Sending TERM to batch pid=1698810
[2026-09-03 19:55:19] Sending KILL to wvfm2h5.py pid=1741314
[2026-09-03 19:55:19] Sending KILL to batch pid=1741269
[2026-09-03 19:55:21] Batch stopped. Checkpoint saved to /exp/sbnd/app/users/munjung/anomaly-detection/logs/wvfm2h5_checkpoint_offbeamlight_tpc1.txt
[2026-09-03 19:55:21] Cooling down for 60s before resume
[2026-09-03 19:56:23] PROGRESS done=512/514 converted=42 workers=1/0 active current='Converting 86414795_112 at Thu Sep  3 07:24:13 PM CDT 2026;Converting 86414790_107 at Thu Sep  3 07:29:57 PM CDT 2026;Converting 86414795_112 at Thu Sep  3 07:30:30 PM CDT 2026;' user_mem=7.12GiB(5.7%) job_mem=0.01GiB sys_used=14.1% mem_avail=107.5GiB zombies=0 batch_running=no
[2026-09-03 19:56:23] STARTING batch from checkpoint
[2026-09-03 19:56:23] Started batch pid=1743376
[2026-09-03 20:01:25] PROGRESS done=512/514 converted=42 workers=1/1 active current='Converting 86414795_112 at Thu Sep  3 07:30:30 PM CDT 2026;Converting 86414790_107 at Thu Sep  3 07:56:24 PM CDT 2026;Converting 86414795_112 at Thu Sep  3 07:56:57 PM CDT 2026;' user_mem=16.53GiB(13.2%) job_mem=7.58GiB sys_used=18.3% mem_avail=102.3GiB zombies=0 batch_running=yes
[2026-09-03 20:06:27] PROGRESS done=512/514 converted=42 workers=1/1 active current='Converting 86414795_112 at Thu Sep  3 07:30:30 PM CDT 2026;Converting 86414790_107 at Thu Sep  3 07:56:24 PM CDT 2026;Converting 86414795_112 at Thu Sep  3 07:56:57 PM CDT 2026;' user_mem=22.42GiB(17.9%) job_mem=13.15GiB sys_used=24.5% mem_avail=94.5GiB zombies=0 batch_running=yes
[2026-09-03 20:06:28] STOPPING batch (memory limit (user_mem=18.2%, job_mem=13.49GiB, limits=30%/12GiB))
[2026-09-03 20:06:28] Sending TERM to wvfm2h5.py pid=1758581
[2026-09-03 20:06:28] Sending TERM to batch pid=1751065
[2026-09-03 20:06:40] Batch stopped. Checkpoint saved to /exp/sbnd/app/users/munjung/anomaly-detection/logs/wvfm2h5_checkpoint_offbeamlight_tpc1.txt
[2026-09-03 20:06:40] Cooling down for 60s before resume
[2026-09-03 20:07:42] PROGRESS done=512/514 converted=42 workers=1/0 active current='Converting 86414795_112 at Thu Sep  3 07:30:30 PM CDT 2026;Converting 86414790_107 at Thu Sep  3 07:56:24 PM CDT 2026;Converting 86414795_112 at Thu Sep  3 07:56:57 PM CDT 2026;' user_mem=9.35GiB(7.5%) job_mem=0.01GiB sys_used=16.5% mem_avail=104.5GiB zombies=0 batch_running=no
[2026-09-03 20:07:42] STARTING batch from checkpoint
[2026-09-03 20:07:42] Started batch pid=1765986
[2026-09-03 20:12:44] PROGRESS done=512/514 converted=42 workers=1/1 active current='Converting 86414795_112 at Thu Sep  3 07:56:57 PM CDT 2026;Converting 86414790_107 at Thu Sep  3 08:07:43 PM CDT 2026;Converting 86414795_112 at Thu Sep  3 08:08:16 PM CDT 2026;' user_mem=24.07GiB(19.2%) job_mem=14.58GiB sys_used=25.0% mem_avail=93.8GiB zombies=0 batch_running=yes
[2026-09-03 20:17:46] PROGRESS done=512/514 converted=42 workers=1/1 active current='Converting 86414795_112 at Thu Sep  3 07:56:57 PM CDT 2026;Converting 86414790_107 at Thu Sep  3 08:07:43 PM CDT 2026;Converting 86414795_112 at Thu Sep  3 08:08:16 PM CDT 2026;' user_mem=17.67GiB(14.1%) job_mem=8.18GiB sys_used=21.1% mem_avail=98.7GiB zombies=0 batch_running=yes
[2026-09-03 20:22:48] PROGRESS done=512/514 converted=42 workers=1/1 active current='Converting 86414795_112 at Thu Sep  3 07:56:57 PM CDT 2026;Converting 86414790_107 at Thu Sep  3 08:07:43 PM CDT 2026;Converting 86414795_112 at Thu Sep  3 08:08:16 PM CDT 2026;' user_mem=23.51GiB(18.8%) job_mem=14.08GiB sys_used=26.9% mem_avail=91.5GiB zombies=0 batch_running=yes
[2026-09-03 20:22:48] STOPPING batch (memory limit (user_mem=19.0%, job_mem=14.38GiB, limits=30%/12GiB))
[2026-09-03 20:22:49] Sending TERM to wvfm2h5.py pid=1794295
[2026-09-03 20:22:49] Sending TERM to batch pid=1771125
[2026-09-03 20:23:02] Batch stopped. Checkpoint saved to /exp/sbnd/app/users/munjung/anomaly-detection/logs/wvfm2h5_checkpoint_offbeamlight_tpc1.txt
[2026-09-03 20:23:02] Cooling down for 60s before resume
[2026-09-03 20:24:03] PROGRESS done=512/514 converted=42 workers=1/0 active current='Converting 86414795_112 at Thu Sep  3 07:56:57 PM CDT 2026;Converting 86414790_107 at Thu Sep  3 08:07:43 PM CDT 2026;Converting 86414795_112 at Thu Sep  3 08:08:16 PM CDT 2026;' user_mem=9.50GiB(7.6%) job_mem=0.01GiB sys_used=14.5% mem_avail=106.9GiB zombies=0 batch_running=no
[2026-09-03 20:24:03] STARTING batch from checkpoint
[2026-09-03 20:24:03] Started batch pid=1798218
[2026-09-03 20:29:05] PROGRESS done=512/514 converted=42 workers=1/0 active current='Converting 86414795_112 at Thu Sep  3 08:08:16 PM CDT 2026;Converting 86414790_107 at Thu Sep  3 08:24:04 PM CDT 2026;Converting 86414795_112 at Thu Sep  3 08:24:37 PM CDT 2026;' user_mem=9.65GiB(7.7%) job_mem=0.02GiB sys_used=15.8% mem_avail=105.3GiB zombies=0 batch_running=yes
[2026-09-03 20:34:08] PROGRESS done=512/514 converted=42 workers=1/1 active current='Converting 86414795_112 at Thu Sep  3 08:08:16 PM CDT 2026;Converting 86414790_107 at Thu Sep  3 08:24:04 PM CDT 2026;Converting 86414795_112 at Thu Sep  3 08:24:37 PM CDT 2026;' user_mem=11.28GiB(9.0%) job_mem=1.67GiB sys_used=18.1% mem_avail=102.5GiB zombies=0 batch_running=yes
[2026-09-03 20:39:10] PROGRESS done=512/514 converted=42 workers=1/1 active current='Converting 86414795_112 at Thu Sep  3 08:08:16 PM CDT 2026;Converting 86414790_107 at Thu Sep  3 08:24:04 PM CDT 2026;Converting 86414795_112 at Thu Sep  3 08:24:37 PM CDT 2026;' user_mem=24.09GiB(19.2%) job_mem=14.53GiB sys_used=25.4% mem_avail=93.4GiB zombies=0 batch_running=yes
[2026-09-03 20:39:11] STOPPING batch (memory limit (user_mem=19.3%, job_mem=14.51GiB, limits=30%/12GiB))
[2026-09-03 20:39:11] Sending TERM to wvfm2h5.py pid=1826050
[2026-09-03 20:39:11] Sending TERM to batch pid=1801680
[2026-09-03 20:39:24] Batch stopped. Checkpoint saved to /exp/sbnd/app/users/munjung/anomaly-detection/logs/wvfm2h5_checkpoint_offbeamlight_tpc1.txt
[2026-09-03 20:39:24] Cooling down for 60s before resume
[2026-09-03 20:40:25] PROGRESS done=512/514 converted=42 workers=1/0 active current='Converting 86414795_112 at Thu Sep  3 08:08:16 PM CDT 2026;Converting 86414790_107 at Thu Sep  3 08:24:04 PM CDT 2026;Converting 86414795_112 at Thu Sep  3 08:24:37 PM CDT 2026;' user_mem=9.64GiB(7.7%) job_mem=0.01GiB sys_used=16.4% mem_avail=104.6GiB zombies=0 batch_running=no
[2026-09-03 20:40:25] STARTING batch from checkpoint
[2026-09-03 20:40:25] Started batch pid=1832563
[2026-09-03 20:45:27] PROGRESS done=512/514 converted=42 workers=1/1 active current='Converting 86414795_112 at Thu Sep  3 08:24:37 PM CDT 2026;Converting 86414790_107 at Thu Sep  3 08:40:26 PM CDT 2026;Converting 86414795_112 at Thu Sep  3 08:40:59 PM CDT 2026;' user_mem=24.11GiB(19.3%) job_mem=14.42GiB sys_used=29.5% mem_avail=88.2GiB zombies=0 batch_running=yes
[2026-09-03 20:50:29] PROGRESS done=512/514 converted=42 workers=1/0 active current='Converting 86414795_112 at Thu Sep  3 08:24:37 PM CDT 2026;Converting 86414790_107 at Thu Sep  3 08:40:26 PM CDT 2026;Converting 86414795_112 at Thu Sep  3 08:40:59 PM CDT 2026;' user_mem=9.82GiB(7.8%) job_mem=0.01GiB sys_used=15.6% mem_avail=105.6GiB zombies=0 batch_running=no
[2026-09-03 20:50:30] STARTING batch from checkpoint
[2026-09-03 20:50:30] Started batch pid=1858185
[2026-09-03 20:55:32] PROGRESS done=512/514 converted=42 workers=1/0 active current='Converting 86414795_112 at Thu Sep  3 08:40:59 PM CDT 2026;Converting 86414790_107 at Thu Sep  3 08:50:30 PM CDT 2026;Converting 86414795_112 at Thu Sep  3 08:51:04 PM CDT 2026;' user_mem=9.75GiB(7.8%) job_mem=0.01GiB sys_used=17.0% mem_avail=103.9GiB zombies=0 batch_running=no
[2026-09-03 20:55:33] STARTING batch from checkpoint
[2026-09-03 20:55:33] Started batch pid=1870331
[2026-09-03 21:00:35] PROGRESS done=512/514 converted=42 workers=1/0 active current='Converting 86414795_112 at Thu Sep  3 08:51:04 PM CDT 2026;Converting 86414790_107 at Thu Sep  3 08:55:34 PM CDT 2026;Converting 86414795_112 at Thu Sep  3 08:56:07 PM CDT 2026;' user_mem=9.65GiB(7.7%) job_mem=0.01GiB sys_used=18.6% mem_avail=101.8GiB zombies=0 batch_running=no
[2026-09-03 21:00:36] STARTING batch from checkpoint
[2026-09-03 21:00:36] Started batch pid=1880902
[2026-09-03 21:05:38] PROGRESS done=512/514 converted=42 workers=1/0 active current='Converting 86414795_112 at Thu Sep  3 08:56:07 PM CDT 2026;Converting 86414790_107 at Thu Sep  3 09:00:36 PM CDT 2026;Converting 86414795_112 at Thu Sep  3 09:01:18 PM CDT 2026;' user_mem=9.23GiB(7.4%) job_mem=0.01GiB sys_used=16.3% mem_avail=104.7GiB zombies=0 batch_running=no
[2026-09-03 21:05:39] STARTING batch from checkpoint
[2026-09-03 21:05:39] Started batch pid=1889890
[2026-09-03 21:10:41] PROGRESS done=512/514 converted=42 workers=1/0 active current='Converting 86414795_112 at Thu Sep  3 09:01:18 PM CDT 2026;Converting 86414790_107 at Thu Sep  3 09:05:39 PM CDT 2026;Converting 86414795_112 at Thu Sep  3 09:06:15 PM CDT 2026;' user_mem=9.68GiB(7.7%) job_mem=0.01GiB sys_used=18.3% mem_avail=102.3GiB zombies=0 batch_running=no
[2026-09-03 21:10:42] STARTING batch from checkpoint
[2026-09-03 21:10:43] Started batch pid=1900697
[2026-09-03 21:15:44] PROGRESS done=512/514 converted=42 workers=1/0 active current='Converting 86414795_112 at Thu Sep  3 09:06:15 PM CDT 2026;Converting 86414790_107 at Thu Sep  3 09:10:43 PM CDT 2026;Converting 86414795_112 at Thu Sep  3 09:11:16 PM CDT 2026;' user_mem=9.65GiB(7.7%) job_mem=0.01GiB sys_used=19.2% mem_avail=101.1GiB zombies=0 batch_running=no
[2026-09-03 21:15:45] STARTING batch from checkpoint
[2026-09-03 21:15:45] Started batch pid=1911386
[2026-09-03 21:20:47] PROGRESS done=512/514 converted=42 workers=1/0 active current='Converting 86414795_112 at Thu Sep  3 09:11:16 PM CDT 2026;Converting 86414790_107 at Thu Sep  3 09:15:46 PM CDT 2026;Converting 86414795_112 at Thu Sep  3 09:16:19 PM CDT 2026;' user_mem=9.85GiB(7.9%) job_mem=0.01GiB sys_used=21.0% mem_avail=98.8GiB zombies=0 batch_running=no
[2026-09-03 21:20:48] STARTING batch from checkpoint
[2026-09-03 21:20:48] Started batch pid=1921996
[2026-09-03 21:25:50] PROGRESS done=512/514 converted=42 workers=1/0 active current='Converting 86414795_112 at Thu Sep  3 09:16:19 PM CDT 2026;Converting 86414790_107 at Thu Sep  3 09:20:48 PM CDT 2026;Converting 86414795_112 at Thu Sep  3 09:21:33 PM CDT 2026;' user_mem=9.80GiB(7.8%) job_mem=0.01GiB sys_used=18.5% mem_avail=102.0GiB zombies=0 batch_running=no
[2026-09-03 21:25:51] STARTING batch from checkpoint
[2026-09-03 21:25:51] Started batch pid=1931390
[2026-09-03 21:30:52] PROGRESS done=512/514 converted=42 workers=1/0 active current='Converting 86414795_112 at Thu Sep  3 09:21:33 PM CDT 2026;Converting 86414790_107 at Thu Sep  3 09:25:51 PM CDT 2026;Converting 86414795_112 at Thu Sep  3 09:26:24 PM CDT 2026;' user_mem=9.82GiB(7.8%) job_mem=0.01GiB sys_used=20.3% mem_avail=99.7GiB zombies=0 batch_running=no
[2026-09-03 21:30:53] STARTING batch from checkpoint
[2026-09-03 21:30:54] Started batch pid=1942866
[2026-09-03 21:35:55] PROGRESS done=512/514 converted=42 workers=1/0 active current='Converting 86414795_112 at Thu Sep  3 09:26:24 PM CDT 2026;Converting 86414790_107 at Thu Sep  3 09:30:54 PM CDT 2026;Converting 86414795_112 at Thu Sep  3 09:31:27 PM CDT 2026;' user_mem=9.93GiB(7.9%) job_mem=0.01GiB sys_used=21.5% mem_avail=98.2GiB zombies=0 batch_running=no
[2026-09-03 21:35:56] STARTING batch from checkpoint
[2026-09-03 21:35:56] Started batch pid=1952281
[2026-09-03 21:40:58] PROGRESS done=512/514 converted=42 workers=1/0 active current='Converting 86414795_112 at Thu Sep  3 09:31:27 PM CDT 2026;Converting 86414790_107 at Thu Sep  3 09:35:57 PM CDT 2026;Converting 86414795_112 at Thu Sep  3 09:36:31 PM CDT 2026;' user_mem=10.05GiB(8.0%) job_mem=0.01GiB sys_used=22.9% mem_avail=96.5GiB zombies=0 batch_running=no
[2026-09-03 21:40:59] STARTING batch from checkpoint
[2026-09-03 21:40:59] Started batch pid=1961929
[2026-09-03 21:46:01] PROGRESS done=512/514 converted=42 workers=1/0 active current='Converting 86414795_112 at Thu Sep  3 09:36:31 PM CDT 2026;Converting 86414790_107 at Thu Sep  3 09:40:59 PM CDT 2026;Converting 86414795_112 at Thu Sep  3 09:41:33 PM CDT 2026;' user_mem=10.10GiB(8.1%) job_mem=0.01GiB sys_used=20.4% mem_avail=99.6GiB zombies=0 batch_running=no
[2026-09-03 21:46:02] STARTING batch from checkpoint
[2026-09-03 21:46:02] Started batch pid=1971974
[2026-09-03 21:51:04] PROGRESS done=512/514 converted=42 workers=1/0 active current='Converting 86414795_112 at Thu Sep  3 09:41:33 PM CDT 2026;Converting 86414790_107 at Thu Sep  3 09:46:03 PM CDT 2026;Converting 86414795_112 at Thu Sep  3 09:46:36 PM CDT 2026;' user_mem=10.08GiB(8.1%) job_mem=0.01GiB sys_used=21.2% mem_avail=98.6GiB zombies=0 batch_running=no
[2026-09-03 21:51:05] STARTING batch from checkpoint
[2026-09-03 21:51:05] Started batch pid=1982344
[2026-09-03 21:56:07] PROGRESS done=512/514 converted=42 workers=1/0 active current='Converting 86414795_112 at Thu Sep  3 09:46:36 PM CDT 2026;Converting 86414790_107 at Thu Sep  3 09:51:05 PM CDT 2026;Converting 86414795_112 at Thu Sep  3 09:51:38 PM CDT 2026;' user_mem=10.12GiB(8.1%) job_mem=0.01GiB sys_used=20.7% mem_avail=99.2GiB zombies=0 batch_running=no
[2026-09-03 21:56:08] STARTING batch from checkpoint
[2026-09-03 21:56:08] Started batch pid=1988899
[2026-09-03 22:01:10] PROGRESS done=512/514 converted=42 workers=1/0 active current='Converting 86414795_112 at Thu Sep  3 09:51:38 PM CDT 2026;Converting 86414790_107 at Thu Sep  3 09:56:08 PM CDT 2026;Converting 86414795_112 at Thu Sep  3 09:56:42 PM CDT 2026;' user_mem=10.23GiB(8.2%) job_mem=0.01GiB sys_used=21.2% mem_avail=98.6GiB zombies=0 batch_running=no
[2026-09-03 22:01:11] STARTING batch from checkpoint
[2026-09-03 22:01:11] Started batch pid=2000081
[2026-09-03 22:06:13] PROGRESS done=512/514 converted=42 workers=1/0 active current='Converting 86414795_112 at Thu Sep  3 09:56:42 PM CDT 2026;Converting 86414790_107 at Thu Sep  3 10:01:11 PM CDT 2026;Converting 86414795_112 at Thu Sep  3 10:01:46 PM CDT 2026;' user_mem=10.12GiB(8.1%) job_mem=0.01GiB sys_used=21.3% mem_avail=98.5GiB zombies=0 batch_running=no
[2026-09-03 22:06:14] STARTING batch from checkpoint
[2026-09-03 22:06:14] Started batch pid=2009940
[2026-09-03 22:11:15] PROGRESS done=512/514 converted=42 workers=1/0 active current='Converting 86414795_112 at Thu Sep  3 10:01:46 PM CDT 2026;Converting 86414790_107 at Thu Sep  3 10:06:14 PM CDT 2026;Converting 86414795_112 at Thu Sep  3 10:06:47 PM CDT 2026;' user_mem=10.16GiB(8.1%) job_mem=0.01GiB sys_used=21.2% mem_avail=98.6GiB zombies=0 batch_running=no
[2026-09-03 22:11:16] STARTING batch from checkpoint
[2026-09-03 22:11:16] Started batch pid=2018586
[2026-09-03 22:16:18] PROGRESS done=512/514 converted=42 workers=1/0 active current='Converting 86414795_112 at Thu Sep  3 10:06:47 PM CDT 2026;Converting 86414790_107 at Thu Sep  3 10:11:17 PM CDT 2026;Converting 86414795_112 at Thu Sep  3 10:11:50 PM CDT 2026;' user_mem=10.02GiB(8.0%) job_mem=0.01GiB sys_used=21.1% mem_avail=98.8GiB zombies=0 batch_running=no
[2026-09-03 22:16:19] STARTING batch from checkpoint
[2026-09-03 22:16:19] Started batch pid=2028678
[2026-09-03 22:21:21] PROGRESS done=512/514 converted=42 workers=1/0 active current='Converting 86414795_112 at Thu Sep  3 10:11:50 PM CDT 2026;Converting 86414790_107 at Thu Sep  3 10:16:19 PM CDT 2026;Converting 86414795_112 at Thu Sep  3 10:16:53 PM CDT 2026;' user_mem=9.66GiB(7.7%) job_mem=0.01GiB sys_used=21.3% mem_avail=98.5GiB zombies=0 batch_running=no
[2026-09-03 22:21:22] STARTING batch from checkpoint
[2026-09-03 22:21:22] Started batch pid=2040218
[2026-09-03 22:26:24] PROGRESS done=512/514 converted=42 workers=1/0 active current='Converting 86414795_112 at Thu Sep  3 10:16:53 PM CDT 2026;Converting 86414790_107 at Thu Sep  3 10:21:22 PM CDT 2026;Converting 86414795_112 at Thu Sep  3 10:21:55 PM CDT 2026;' user_mem=8.23GiB(6.6%) job_mem=0.01GiB sys_used=20.2% mem_avail=99.9GiB zombies=0 batch_running=no
[2026-09-03 22:26:24] STARTING batch from checkpoint
[2026-09-03 22:26:24] Started batch pid=2047866
[2026-09-03 22:31:26] PROGRESS done=512/514 converted=42 workers=1/0 active current='Converting 86414795_112 at Thu Sep  3 10:21:55 PM CDT 2026;Converting 86414790_107 at Thu Sep  3 10:26:25 PM CDT 2026;Converting 86414795_112 at Thu Sep  3 10:26:59 PM CDT 2026;' user_mem=8.35GiB(6.7%) job_mem=0.01GiB sys_used=20.7% mem_avail=99.2GiB zombies=0 batch_running=no
[2026-09-03 22:31:27] STARTING batch from checkpoint
[2026-09-03 22:31:27] Started batch pid=2058713
[2026-09-03 22:36:29] PROGRESS done=512/514 converted=42 workers=1/0 active current='Converting 86414795_112 at Thu Sep  3 10:26:59 PM CDT 2026;Converting 86414790_107 at Thu Sep  3 10:31:27 PM CDT 2026;Converting 86414795_112 at Thu Sep  3 10:32:00 PM CDT 2026;' user_mem=8.34GiB(6.7%) job_mem=0.01GiB sys_used=21.3% mem_avail=98.5GiB zombies=0 batch_running=no
[2026-09-03 22:36:30] STARTING batch from checkpoint
[2026-09-03 22:36:30] Started batch pid=2068949
[2026-09-03 22:41:32] PROGRESS done=512/514 converted=42 workers=1/0 active current='Converting 86414795_112 at Thu Sep  3 10:32:00 PM CDT 2026;Converting 86414790_107 at Thu Sep  3 10:36:30 PM CDT 2026;Converting 86414795_112 at Thu Sep  3 10:37:03 PM CDT 2026;' user_mem=8.71GiB(7.0%) job_mem=0.01GiB sys_used=21.9% mem_avail=97.7GiB zombies=0 batch_running=no
[2026-09-03 22:41:33] STARTING batch from checkpoint
[2026-09-03 22:41:33] Started batch pid=2079309
[2026-09-03 22:46:34] PROGRESS done=512/514 converted=42 workers=1/0 active current='Converting 86414795_112 at Thu Sep  3 10:37:03 PM CDT 2026;Converting 86414790_107 at Thu Sep  3 10:41:33 PM CDT 2026;Converting 86414795_112 at Thu Sep  3 10:42:06 PM CDT 2026;' user_mem=8.86GiB(7.1%) job_mem=0.01GiB sys_used=24.6% mem_avail=94.4GiB zombies=0 batch_running=no
[2026-09-03 22:46:35] STARTING batch from checkpoint
[2026-09-03 22:46:35] Started batch pid=2091701
[2026-09-03 22:51:37] PROGRESS done=512/514 converted=42 workers=1/0 active current='Converting 86414795_112 at Thu Sep  3 10:42:06 PM CDT 2026;Converting 86414790_107 at Thu Sep  3 10:46:35 PM CDT 2026;Converting 86414795_112 at Thu Sep  3 10:47:08 PM CDT 2026;' user_mem=10.95GiB(8.8%) job_mem=0.02GiB sys_used=25.5% mem_avail=93.3GiB zombies=0 batch_running=yes
[2026-09-03 22:56:39] PROGRESS done=512/514 converted=42 workers=1/0 active current='Converting 86414795_112 at Thu Sep  3 10:42:06 PM CDT 2026;Converting 86414790_107 at Thu Sep  3 10:46:35 PM CDT 2026;Converting 86414795_112 at Thu Sep  3 10:47:08 PM CDT 2026;' user_mem=11.63GiB(9.3%) job_mem=0.02GiB sys_used=28.7% mem_avail=89.3GiB zombies=0 batch_running=yes
[2026-09-03 23:01:41] PROGRESS done=512/514 converted=42 workers=1/0 active current='Converting 86414795_112 at Thu Sep  3 10:42:06 PM CDT 2026;Converting 86414790_107 at Thu Sep  3 10:46:35 PM CDT 2026;Converting 86414795_112 at Thu Sep  3 10:47:08 PM CDT 2026;' user_mem=11.63GiB(9.3%) job_mem=0.02GiB sys_used=25.4% mem_avail=93.4GiB zombies=0 batch_running=yes
[2026-09-03 23:06:44] PROGRESS done=512/514 converted=42 workers=1/0 active current='Converting 86414795_112 at Thu Sep  3 10:42:06 PM CDT 2026;Converting 86414790_107 at Thu Sep  3 10:46:35 PM CDT 2026;Converting 86414795_112 at Thu Sep  3 10:47:08 PM CDT 2026;' user_mem=11.58GiB(9.3%) job_mem=0.01GiB sys_used=25.2% mem_avail=93.6GiB zombies=0 batch_running=no
[2026-09-03 23:06:45] STARTING batch from checkpoint
[2026-09-03 23:06:45] Started batch pid=2136879
[2026-09-03 23:11:46] PROGRESS done=512/514 converted=42 workers=1/0 active current='Converting 86414795_112 at Thu Sep  3 10:47:08 PM CDT 2026;Converting 86414790_107 at Thu Sep  3 11:06:45 PM CDT 2026;Converting 86414795_112 at Thu Sep  3 11:07:18 PM CDT 2026;' user_mem=11.71GiB(9.4%) job_mem=0.01GiB sys_used=26.0% mem_avail=92.6GiB zombies=0 batch_running=no
[2026-09-03 23:11:47] STARTING batch from checkpoint
[2026-09-03 23:11:47] Started batch pid=2146301
[2026-09-03 23:16:49] PROGRESS done=512/514 converted=42 workers=1/0 active current='Converting 86414795_112 at Thu Sep  3 11:07:18 PM CDT 2026;Converting 86414790_107 at Thu Sep  3 11:11:47 PM CDT 2026;Converting 86414795_112 at Thu Sep  3 11:12:21 PM CDT 2026;' user_mem=11.78GiB(9.4%) job_mem=0.01GiB sys_used=26.3% mem_avail=92.2GiB zombies=0 batch_running=no
[2026-09-03 23:16:50] STARTING batch from checkpoint
[2026-09-03 23:16:50] Started batch pid=2157515
[2026-09-03 23:21:52] PROGRESS done=512/514 converted=42 workers=1/0 active current='Converting 86414795_112 at Thu Sep  3 11:12:21 PM CDT 2026;Converting 86414790_107 at Thu Sep  3 11:16:50 PM CDT 2026;Converting 86414795_112 at Thu Sep  3 11:17:23 PM CDT 2026;' user_mem=11.85GiB(9.5%) job_mem=0.01GiB sys_used=16.8% mem_avail=104.1GiB zombies=0 batch_running=no
[2026-09-03 23:21:53] STARTING batch from checkpoint
[2026-09-03 23:21:53] Started batch pid=2169374
[2026-09-03 23:26:54] PROGRESS done=512/514 converted=42 workers=1/0 active current='Converting 86414795_112 at Thu Sep  3 11:17:23 PM CDT 2026;Converting 86414790_107 at Thu Sep  3 11:21:53 PM CDT 2026;Converting 86414795_112 at Thu Sep  3 11:22:26 PM CDT 2026;' user_mem=11.35GiB(9.1%) job_mem=0.01GiB sys_used=16.8% mem_avail=104.1GiB zombies=0 batch_running=no
[2026-09-03 23:26:55] STARTING batch from checkpoint
[2026-09-03 23:26:55] Started batch pid=2178708
[2026-09-03 23:31:57] PROGRESS done=512/514 converted=42 workers=1/0 active current='Converting 86414795_112 at Thu Sep  3 11:22:26 PM CDT 2026;Converting 86414790_107 at Thu Sep  3 11:26:55 PM CDT 2026;Converting 86414795_112 at Thu Sep  3 11:27:29 PM CDT 2026;' user_mem=11.39GiB(9.1%) job_mem=0.01GiB sys_used=11.9% mem_avail=110.2GiB zombies=0 batch_running=no
[2026-09-03 23:31:58] STARTING batch from checkpoint
[2026-09-03 23:31:58] Started batch pid=2189645
[2026-09-03 23:36:59] PROGRESS done=512/514 converted=42 workers=1/0 active current='Converting 86414795_112 at Thu Sep  3 11:27:29 PM CDT 2026;Converting 86414790_107 at Thu Sep  3 11:31:58 PM CDT 2026;Converting 86414795_112 at Thu Sep  3 11:32:31 PM CDT 2026;' user_mem=10.35GiB(8.3%) job_mem=0.01GiB sys_used=10.6% mem_avail=111.9GiB zombies=0 batch_running=no
[2026-09-03 23:37:00] STARTING batch from checkpoint
[2026-09-03 23:37:00] Started batch pid=2199120
[2026-09-03 23:42:02] PROGRESS done=512/514 converted=42 workers=1/0 active current='Converting 86414795_112 at Thu Sep  3 11:32:31 PM CDT 2026;Converting 86414790_107 at Thu Sep  3 11:37:01 PM CDT 2026;Converting 86414795_112 at Thu Sep  3 11:37:33 PM CDT 2026;' user_mem=10.38GiB(8.3%) job_mem=0.01GiB sys_used=10.9% mem_avail=111.5GiB zombies=0 batch_running=no
[2026-09-03 23:42:03] STARTING batch from checkpoint
[2026-09-03 23:42:03] Started batch pid=2209563
[2026-09-03 23:47:05] PROGRESS done=512/514 converted=42 workers=1/0 active current='Converting 86414795_112 at Thu Sep  3 11:37:33 PM CDT 2026;Converting 86414790_107 at Thu Sep  3 11:42:03 PM CDT 2026;Converting 86414795_112 at Thu Sep  3 11:42:36 PM CDT 2026;' user_mem=10.66GiB(8.5%) job_mem=0.01GiB sys_used=11.0% mem_avail=111.3GiB zombies=0 batch_running=no
[2026-09-03 23:47:06] STARTING batch from checkpoint
[2026-09-03 23:47:06] Started batch pid=2219799
[2026-09-03 23:52:08] PROGRESS done=512/514 converted=42 workers=1/0 active current='Converting 86414795_112 at Thu Sep  3 11:42:36 PM CDT 2026;Converting 86414790_107 at Thu Sep  3 11:47:06 PM CDT 2026;Converting 86414795_112 at Thu Sep  3 11:47:39 PM CDT 2026;' user_mem=10.79GiB(8.6%) job_mem=0.01GiB sys_used=11.3% mem_avail=111.1GiB zombies=0 batch_running=no
[2026-09-03 23:52:09] STARTING batch from checkpoint
[2026-09-03 23:52:09] Started batch pid=2229935
[2026-09-03 23:57:10] PROGRESS done=512/514 converted=42 workers=1/0 active current='Converting 86414795_112 at Thu Sep  3 11:47:39 PM CDT 2026;Converting 86414790_107 at Thu Sep  3 11:52:09 PM CDT 2026;Converting 86414795_112 at Thu Sep  3 11:52:42 PM CDT 2026;' user_mem=10.89GiB(8.7%) job_mem=0.01GiB sys_used=11.5% mem_avail=110.7GiB zombies=0 batch_running=no
[2026-09-03 23:57:11] STARTING batch from checkpoint
[2026-09-03 23:57:11] Started batch pid=2237447
[2026-09-04 00:02:13] PROGRESS done=512/514 converted=42 workers=1/0 active current='Converting 86414795_112 at Thu Sep  3 11:52:42 PM CDT 2026;Converting 86414790_107 at Thu Sep  3 11:57:12 PM CDT 2026;Converting 86414795_112 at Thu Sep  3 11:57:45 PM CDT 2026;' user_mem=10.51GiB(8.4%) job_mem=0.01GiB sys_used=12.7% mem_avail=109.2GiB zombies=0 batch_running=no
[2026-09-04 00:02:14] STARTING batch from checkpoint
[2026-09-04 00:02:14] Started batch pid=2248542
[2026-09-04 00:07:16] PROGRESS done=512/514 converted=42 workers=1/1 active current='Converting 86414795_112 at Thu Sep  3 11:57:45 PM CDT 2026;Converting 86414790_107 at Fri Sep  4 12:02:14 AM CDT 2026;Converting 86414795_112 at Fri Sep  4 12:02:47 AM CDT 2026;' user_mem=21.83GiB(17.4%) job_mem=8.63GiB sys_used=21.6% mem_avail=98.1GiB zombies=0 batch_running=yes
[2026-09-04 00:12:18] PROGRESS done=512/514 converted=42 workers=1/0 active current='Converting 86414795_112 at Thu Sep  3 11:57:45 PM CDT 2026;Converting 86414790_107 at Fri Sep  4 12:02:14 AM CDT 2026;Converting 86414795_112 at Fri Sep  4 12:02:47 AM CDT 2026;' user_mem=21.80GiB(17.4%) job_mem=0.02GiB sys_used=21.8% mem_avail=97.9GiB zombies=0 batch_running=yes
[2026-09-04 00:17:20] PROGRESS done=512/514 converted=42 workers=1/1 active current='Converting 86414795_112 at Thu Sep  3 11:57:45 PM CDT 2026;Converting 86414790_107 at Fri Sep  4 12:02:14 AM CDT 2026;Converting 86414795_112 at Fri Sep  4 12:02:47 AM CDT 2026;' user_mem=33.16GiB(26.5%) job_mem=11.41GiB sys_used=31.4% mem_avail=85.8GiB zombies=0 batch_running=yes
[2026-09-04 00:22:23] PROGRESS done=512/514 converted=42 workers=1/0 active current='Converting 86414795_112 at Thu Sep  3 11:57:45 PM CDT 2026;Converting 86414790_107 at Fri Sep  4 12:02:14 AM CDT 2026;Converting 86414795_112 at Fri Sep  4 12:02:47 AM CDT 2026;' user_mem=21.84GiB(17.5%) job_mem=0.02GiB sys_used=22.5% mem_avail=97.0GiB zombies=0 batch_running=yes
[2026-09-04 00:27:25] PROGRESS done=512/514 converted=42 workers=1/1 active current='Converting 86414795_112 at Thu Sep  3 11:57:45 PM CDT 2026;Converting 86414790_107 at Fri Sep  4 12:02:14 AM CDT 2026;Converting 86414795_112 at Fri Sep  4 12:02:47 AM CDT 2026;' user_mem=31.36GiB(25.0%) job_mem=8.74GiB sys_used=27.4% mem_avail=90.9GiB zombies=0 batch_running=yes
[2026-09-04 00:32:27] PROGRESS done=512/514 converted=42 workers=1/0 active current='Converting 86414795_112 at Thu Sep  3 11:57:45 PM CDT 2026;Converting 86414790_107 at Fri Sep  4 12:02:14 AM CDT 2026;Converting 86414795_112 at Fri Sep  4 12:02:47 AM CDT 2026;' user_mem=27.38GiB(21.9%) job_mem=0.02GiB sys_used=26.5% mem_avail=92.0GiB zombies=0 batch_running=yes
[2026-09-04 00:37:29] PROGRESS done=512/514 converted=42 workers=1/0 active current='Converting 86414795_112 at Thu Sep  3 11:57:45 PM CDT 2026;Converting 86414790_107 at Fri Sep  4 12:02:14 AM CDT 2026;Converting 86414795_112 at Fri Sep  4 12:02:47 AM CDT 2026;' user_mem=27.25GiB(21.8%) job_mem=0.02GiB sys_used=26.6% mem_avail=91.9GiB zombies=0 batch_running=yes
[2026-09-04 00:42:31] PROGRESS done=512/514 converted=42 workers=1/0 active current='Converting 86414795_112 at Thu Sep  3 11:57:45 PM CDT 2026;Converting 86414790_107 at Fri Sep  4 12:02:14 AM CDT 2026;Converting 86414795_112 at Fri Sep  4 12:02:47 AM CDT 2026;' user_mem=27.42GiB(21.9%) job_mem=0.02GiB sys_used=26.6% mem_avail=91.8GiB zombies=0 batch_running=yes
[2026-09-04 00:47:33] PROGRESS done=512/514 converted=42 workers=1/1 active current='Converting 86414795_112 at Thu Sep  3 11:57:45 PM CDT 2026;Converting 86414790_107 at Fri Sep  4 12:02:14 AM CDT 2026;Converting 86414795_112 at Fri Sep  4 12:02:47 AM CDT 2026;' user_mem=35.49GiB(28.4%) job_mem=8.11GiB sys_used=33.7% mem_avail=82.9GiB zombies=0 batch_running=yes
[2026-09-04 00:52:36] PROGRESS done=512/514 converted=42 workers=1/1 active current='Converting 86414795_112 at Thu Sep  3 11:57:45 PM CDT 2026;Converting 86414790_107 at Fri Sep  4 12:02:14 AM CDT 2026;Converting 86414795_112 at Fri Sep  4 12:02:47 AM CDT 2026;' user_mem=35.74GiB(28.6%) job_mem=8.55GiB sys_used=35.7% mem_avail=80.5GiB zombies=0 batch_running=yes
[2026-09-04 00:57:38] PROGRESS done=512/514 converted=42 workers=1/0 active current='Converting 86414795_112 at Thu Sep  3 11:57:45 PM CDT 2026;Converting 86414790_107 at Fri Sep  4 12:02:14 AM CDT 2026;Converting 86414795_112 at Fri Sep  4 12:02:47 AM CDT 2026;' user_mem=27.00GiB(21.6%) job_mem=0.02GiB sys_used=26.6% mem_avail=91.8GiB zombies=0 batch_running=yes
[2026-09-04 01:02:40] PROGRESS done=512/514 converted=42 workers=1/1 active current='Converting 86414795_112 at Thu Sep  3 11:57:45 PM CDT 2026;Converting 86414790_107 at Fri Sep  4 12:02:14 AM CDT 2026;Converting 86414795_112 at Fri Sep  4 12:02:47 AM CDT 2026;' user_mem=40.24GiB(32.1%) job_mem=13.54GiB sys_used=37.6% mem_avail=78.1GiB zombies=0 batch_running=yes
[2026-09-04 01:02:40] STOPPING batch (memory limit (user_mem=32.2%, job_mem=13.68GiB, limits=30%/12GiB))
[2026-09-04 01:02:41] Sending TERM to wvfm2h5.py pid=2357563
[2026-09-04 01:02:41] Sending TERM to batch pid=2353692
[2026-09-04 01:02:53] Batch stopped. Checkpoint saved to /exp/sbnd/app/users/munjung/anomaly-detection/logs/wvfm2h5_checkpoint_offbeamlight_tpc1.txt
[2026-09-04 01:02:53] Cooling down for 60s before resume
[2026-09-04 01:03:55] PROGRESS done=512/514 converted=42 workers=1/0 active current='Converting 86414795_112 at Thu Sep  3 11:57:45 PM CDT 2026;Converting 86414790_107 at Fri Sep  4 12:02:14 AM CDT 2026;Converting 86414795_112 at Fri Sep  4 12:02:47 AM CDT 2026;' user_mem=26.59GiB(21.2%) job_mem=0.01GiB sys_used=27.6% mem_avail=90.6GiB zombies=0 batch_running=no
[2026-09-04 01:03:55] STARTING batch from checkpoint
[2026-09-04 01:03:55] Started batch pid=2361132
[2026-09-04 01:08:56] PROGRESS done=512/514 converted=42 workers=1/0 active current='Converting 86414795_112 at Fri Sep  4 12:02:47 AM CDT 2026;Converting 86414790_107 at Fri Sep  4 01:03:55 AM CDT 2026;Converting 86414795_112 at Fri Sep  4 01:04:28 AM CDT 2026;' user_mem=26.80GiB(21.4%) job_mem=0.01GiB sys_used=28.5% mem_avail=89.5GiB zombies=0 batch_running=no
[2026-09-04 01:08:58] STARTING batch from checkpoint
[2026-09-04 01:08:58] Started batch pid=2370425
[2026-09-04 01:13:59] PROGRESS done=512/514 converted=42 workers=1/0 active current='Converting 86414795_112 at Fri Sep  4 01:04:28 AM CDT 2026;Converting 86414790_107 at Fri Sep  4 01:08:58 AM CDT 2026;Converting 86414795_112 at Fri Sep  4 01:09:31 AM CDT 2026;' user_mem=26.72GiB(21.4%) job_mem=0.01GiB sys_used=27.0% mem_avail=91.3GiB zombies=0 batch_running=no
[2026-09-04 01:14:00] STARTING batch from checkpoint
[2026-09-04 01:14:00] Started batch pid=2380993
[2026-09-04 01:19:02] PROGRESS done=512/514 converted=42 workers=1/0 active current='Converting 86414795_112 at Fri Sep  4 01:09:31 AM CDT 2026;Converting 86414790_107 at Fri Sep  4 01:14:00 AM CDT 2026;Converting 86414795_112 at Fri Sep  4 01:14:34 AM CDT 2026;' user_mem=26.76GiB(21.4%) job_mem=0.01GiB sys_used=26.5% mem_avail=92.0GiB zombies=0 batch_running=no
[2026-09-04 01:19:03] STARTING batch from checkpoint
[2026-09-04 01:19:03] Started batch pid=2391059
[2026-09-04 01:24:05] PROGRESS done=512/514 converted=42 workers=1/0 active current='Converting 86414795_112 at Fri Sep  4 01:14:34 AM CDT 2026;Converting 86414790_107 at Fri Sep  4 01:19:03 AM CDT 2026;Converting 86414795_112 at Fri Sep  4 01:19:36 AM CDT 2026;' user_mem=26.79GiB(21.4%) job_mem=0.01GiB sys_used=26.5% mem_avail=92.0GiB zombies=0 batch_running=no
[2026-09-04 01:24:06] STARTING batch from checkpoint
[2026-09-04 01:24:06] Started batch pid=2401685
[2026-09-04 01:29:08] PROGRESS done=512/514 converted=42 workers=1/0 active current='Converting 86414795_112 at Fri Sep  4 01:19:36 AM CDT 2026;Converting 86414790_107 at Fri Sep  4 01:24:06 AM CDT 2026;Converting 86414795_112 at Fri Sep  4 01:24:39 AM CDT 2026;' user_mem=26.80GiB(21.4%) job_mem=0.01GiB sys_used=26.8% mem_avail=91.6GiB zombies=0 batch_running=no
[2026-09-04 01:29:09] STARTING batch from checkpoint
[2026-09-04 01:29:09] Started batch pid=2411262
[2026-09-04 01:34:10] PROGRESS done=512/514 converted=42 workers=1/0 active current='Converting 86414795_112 at Fri Sep  4 01:24:39 AM CDT 2026;Converting 86414790_107 at Fri Sep  4 01:29:09 AM CDT 2026;Converting 86414795_112 at Fri Sep  4 01:29:42 AM CDT 2026;' user_mem=26.91GiB(21.5%) job_mem=0.01GiB sys_used=27.1% mem_avail=91.2GiB zombies=0 batch_running=no
[2026-09-04 01:34:11] STARTING batch from checkpoint
[2026-09-04 01:34:11] Started batch pid=2423970
[2026-09-04 01:39:13] PROGRESS done=512/514 converted=42 workers=1/0 active current='Converting 86414795_112 at Fri Sep  4 01:29:42 AM CDT 2026;Converting 86414790_107 at Fri Sep  4 01:34:12 AM CDT 2026;Converting 86414795_112 at Fri Sep  4 01:34:45 AM CDT 2026;' user_mem=26.90GiB(21.5%) job_mem=0.01GiB sys_used=29.0% mem_avail=88.8GiB zombies=0 batch_running=no
[2026-09-04 01:39:15] STARTING batch from checkpoint
[2026-09-04 01:39:15] Started batch pid=2433661
[2026-09-04 01:44:16] PROGRESS done=512/514 converted=42 workers=1/0 active current='Converting 86414795_112 at Fri Sep  4 01:34:45 AM CDT 2026;Converting 86414790_107 at Fri Sep  4 01:39:15 AM CDT 2026;Converting 86414795_112 at Fri Sep  4 01:39:48 AM CDT 2026;' user_mem=26.78GiB(21.4%) job_mem=0.01GiB sys_used=27.0% mem_avail=91.3GiB zombies=0 batch_running=no
[2026-09-04 01:44:17] STARTING batch from checkpoint
[2026-09-04 01:44:17] Started batch pid=2444330
[2026-09-04 01:49:19] PROGRESS done=512/514 converted=42 workers=1/0 active current='Converting 86414795_112 at Fri Sep  4 01:39:48 AM CDT 2026;Converting 86414790_107 at Fri Sep  4 01:44:18 AM CDT 2026;Converting 86414795_112 at Fri Sep  4 01:44:50 AM CDT 2026;' user_mem=26.84GiB(21.5%) job_mem=0.01GiB sys_used=26.3% mem_avail=92.3GiB zombies=0 batch_running=no
[2026-09-04 01:49:20] STARTING batch from checkpoint
[2026-09-04 01:49:20] Started batch pid=2453906
[2026-09-04 01:54:22] PROGRESS done=512/514 converted=42 workers=1/0 active current='Converting 86414795_112 at Fri Sep  4 01:44:50 AM CDT 2026;Converting 86414790_107 at Fri Sep  4 01:49:20 AM CDT 2026;Converting 86414795_112 at Fri Sep  4 01:49:53 AM CDT 2026;' user_mem=26.79GiB(21.4%) job_mem=0.01GiB sys_used=26.4% mem_avail=92.1GiB zombies=0 batch_running=no
[2026-09-04 01:54:23] STARTING batch from checkpoint
[2026-09-04 01:54:23] Started batch pid=2461062
[2026-09-04 01:59:24] PROGRESS done=512/514 converted=42 workers=1/0 active current='Converting 86414795_112 at Fri Sep  4 01:49:53 AM CDT 2026;Converting 86414790_107 at Fri Sep  4 01:54:23 AM CDT 2026;Converting 86414795_112 at Fri Sep  4 01:54:56 AM CDT 2026;' user_mem=26.86GiB(21.5%) job_mem=0.01GiB sys_used=27.1% mem_avail=91.2GiB zombies=0 batch_running=no
[2026-09-04 01:59:25] STARTING batch from checkpoint
[2026-09-04 01:59:25] Started batch pid=2470868
[2026-09-04 02:04:27] PROGRESS done=512/514 converted=42 workers=1/0 active current='Converting 86414795_112 at Fri Sep  4 01:54:56 AM CDT 2026;Converting 86414790_107 at Fri Sep  4 01:59:25 AM CDT 2026;Converting 86414795_112 at Fri Sep  4 01:59:58 AM CDT 2026;' user_mem=26.73GiB(21.4%) job_mem=0.02GiB sys_used=24.3% mem_avail=94.8GiB zombies=0 batch_running=yes
[2026-09-04 02:09:29] PROGRESS done=512/514 converted=42 workers=1/1 active current='Converting 86414795_112 at Fri Sep  4 01:54:56 AM CDT 2026;Converting 86414790_107 at Fri Sep  4 01:59:25 AM CDT 2026;Converting 86414795_112 at Fri Sep  4 01:59:58 AM CDT 2026;' user_mem=37.31GiB(29.8%) job_mem=10.60GiB sys_used=31.8% mem_avail=85.3GiB zombies=0 batch_running=yes
[2026-09-04 02:14:31] PROGRESS done=512/514 converted=42 workers=1/1 active current='Converting 86414795_112 at Fri Sep  4 01:54:56 AM CDT 2026;Converting 86414790_107 at Fri Sep  4 01:59:25 AM CDT 2026;Converting 86414795_112 at Fri Sep  4 01:59:58 AM CDT 2026;' user_mem=39.78GiB(31.8%) job_mem=13.39GiB sys_used=35.1% mem_avail=81.2GiB zombies=0 batch_running=yes
[2026-09-04 02:14:32] STOPPING batch (memory limit (user_mem=31.9%, job_mem=13.55GiB, limits=30%/12GiB))
[2026-09-04 02:14:32] Sending TERM to wvfm2h5.py pid=2497591
[2026-09-04 02:14:32] Sending TERM to batch pid=2494086
[2026-09-04 02:14:45] Batch stopped. Checkpoint saved to /exp/sbnd/app/users/munjung/anomaly-detection/logs/wvfm2h5_checkpoint_offbeamlight_tpc1.txt
[2026-09-04 02:14:45] Cooling down for 60s before resume
[2026-09-04 02:15:46] PROGRESS done=512/514 converted=42 workers=1/0 active current='Converting 86414795_112 at Fri Sep  4 01:54:56 AM CDT 2026;Converting 86414790_107 at Fri Sep  4 01:59:25 AM CDT 2026;Converting 86414795_112 at Fri Sep  4 01:59:58 AM CDT 2026;' user_mem=26.21GiB(20.9%) job_mem=0.01GiB sys_used=24.4% mem_avail=94.6GiB zombies=0 batch_running=no
[2026-09-04 02:15:47] STARTING batch from checkpoint
[2026-09-04 02:15:47] Started batch pid=2502989
[2026-09-04 02:20:48] PROGRESS done=512/514 converted=42 workers=1/0 active current='Converting 86414795_112 at Fri Sep  4 01:59:58 AM CDT 2026;Converting 86414790_107 at Fri Sep  4 02:15:47 AM CDT 2026;Converting 86414795_112 at Fri Sep  4 02:16:20 AM CDT 2026;' user_mem=26.26GiB(21.0%) job_mem=0.01GiB sys_used=23.8% mem_avail=95.4GiB zombies=0 batch_running=no
[2026-09-04 02:20:49] STARTING batch from checkpoint
[2026-09-04 02:20:49] Started batch pid=2513796
[2026-09-04 02:25:51] PROGRESS done=512/514 converted=42 workers=1/0 active current='Converting 86414795_112 at Fri Sep  4 02:16:20 AM CDT 2026;Converting 86414790_107 at Fri Sep  4 02:20:49 AM CDT 2026;Converting 86414795_112 at Fri Sep  4 02:21:22 AM CDT 2026;' user_mem=26.17GiB(20.9%) job_mem=0.01GiB sys_used=24.7% mem_avail=94.2GiB zombies=0 batch_running=no
[2026-09-04 02:25:52] STARTING batch from checkpoint
[2026-09-04 02:25:52] Started batch pid=2522886
[2026-09-04 02:30:54] PROGRESS done=512/514 converted=42 workers=1/0 active current='Converting 86414795_112 at Fri Sep  4 02:21:22 AM CDT 2026;Converting 86414790_107 at Fri Sep  4 02:25:52 AM CDT 2026;Converting 86414795_112 at Fri Sep  4 02:26:26 AM CDT 2026;' user_mem=26.39GiB(21.1%) job_mem=0.01GiB sys_used=23.9% mem_avail=95.3GiB zombies=0 batch_running=no
[2026-09-04 02:30:55] STARTING batch from checkpoint
[2026-09-04 02:30:55] Started batch pid=2533569
[2026-09-04 02:35:56] PROGRESS done=512/514 converted=42 workers=1/0 active current='Converting 86414795_112 at Fri Sep  4 02:26:26 AM CDT 2026;Converting 86414790_107 at Fri Sep  4 02:30:55 AM CDT 2026;Converting 86414795_112 at Fri Sep  4 02:31:28 AM CDT 2026;' user_mem=26.46GiB(21.1%) job_mem=0.01GiB sys_used=23.8% mem_avail=95.3GiB zombies=0 batch_running=no
[2026-09-04 02:35:57] STARTING batch from checkpoint
[2026-09-04 02:35:57] Started batch pid=2543240
[2026-09-04 02:40:59] PROGRESS done=512/514 converted=42 workers=1/0 active current='Converting 86414795_112 at Fri Sep  4 02:31:28 AM CDT 2026;Converting 86414790_107 at Fri Sep  4 02:35:58 AM CDT 2026;Converting 86414795_112 at Fri Sep  4 02:36:31 AM CDT 2026;' user_mem=26.28GiB(21.0%) job_mem=0.01GiB sys_used=23.7% mem_avail=95.5GiB zombies=0 batch_running=no
[2026-09-04 02:41:00] STARTING batch from checkpoint
[2026-09-04 02:41:00] Started batch pid=2553219
[2026-09-04 02:46:02] PROGRESS done=512/514 converted=42 workers=1/0 active current='Converting 86414795_112 at Fri Sep  4 02:36:31 AM CDT 2026;Converting 86414790_107 at Fri Sep  4 02:41:00 AM CDT 2026;Converting 86414795_112 at Fri Sep  4 02:41:33 AM CDT 2026;' user_mem=26.40GiB(21.1%) job_mem=0.01GiB sys_used=24.0% mem_avail=95.0GiB zombies=0 batch_running=no
[2026-09-04 02:46:03] STARTING batch from checkpoint
[2026-09-04 02:46:03] Started batch pid=2563102
[2026-09-04 02:51:04] PROGRESS done=512/514 converted=42 workers=1/0 active current='Converting 86414795_112 at Fri Sep  4 02:41:33 AM CDT 2026;Converting 86414790_107 at Fri Sep  4 02:46:03 AM CDT 2026;Converting 86414795_112 at Fri Sep  4 02:46:36 AM CDT 2026;' user_mem=26.62GiB(21.3%) job_mem=0.01GiB sys_used=24.0% mem_avail=95.1GiB zombies=0 batch_running=no
[2026-09-04 02:51:05] STARTING batch from checkpoint
[2026-09-04 02:51:05] Started batch pid=2574089
[2026-09-04 02:56:07] PROGRESS done=512/514 converted=42 workers=1/0 active current='Converting 86414795_112 at Fri Sep  4 02:46:36 AM CDT 2026;Converting 86414790_107 at Fri Sep  4 02:51:05 AM CDT 2026;Converting 86414795_112 at Fri Sep  4 02:51:38 AM CDT 2026;' user_mem=26.70GiB(21.3%) job_mem=0.01GiB sys_used=24.1% mem_avail=95.0GiB zombies=0 batch_running=no
[2026-09-04 02:56:08] STARTING batch from checkpoint
[2026-09-04 02:56:08] Started batch pid=2580031
[2026-09-04 03:01:09] PROGRESS done=512/514 converted=42 workers=1/0 active current='Converting 86414795_112 at Fri Sep  4 02:51:38 AM CDT 2026;Converting 86414790_107 at Fri Sep  4 02:56:08 AM CDT 2026;Converting 86414795_112 at Fri Sep  4 02:56:41 AM CDT 2026;' user_mem=26.54GiB(21.2%) job_mem=0.01GiB sys_used=24.2% mem_avail=94.8GiB zombies=0 batch_running=no
[2026-09-04 03:01:10] STARTING batch from checkpoint
[2026-09-04 03:01:10] Started batch pid=2590603
[2026-09-04 03:06:12] PROGRESS done=512/514 converted=42 workers=1/0 active current='Converting 86414795_112 at Fri Sep  4 02:56:41 AM CDT 2026;Converting 86414790_107 at Fri Sep  4 03:01:10 AM CDT 2026;Converting 86414795_112 at Fri Sep  4 03:01:43 AM CDT 2026;' user_mem=26.71GiB(21.3%) job_mem=0.01GiB sys_used=24.2% mem_avail=94.9GiB zombies=0 batch_running=no
[2026-09-04 03:06:13] STARTING batch from checkpoint
[2026-09-04 03:06:13] Started batch pid=2601106
[2026-09-04 03:11:15] PROGRESS done=512/514 converted=42 workers=1/0 active current='Converting 86414795_112 at Fri Sep  4 03:01:43 AM CDT 2026;Converting 86414790_107 at Fri Sep  4 03:06:14 AM CDT 2026;Converting 86414795_112 at Fri Sep  4 03:06:47 AM CDT 2026;' user_mem=26.39GiB(21.1%) job_mem=0.01GiB sys_used=25.4% mem_avail=93.3GiB zombies=0 batch_running=no
[2026-09-04 03:11:16] STARTING batch from checkpoint
[2026-09-04 03:11:16] Started batch pid=2612726
[2026-09-04 03:16:18] PROGRESS done=512/514 converted=42 workers=1/0 active current='Converting 86414795_112 at Fri Sep  4 03:06:47 AM CDT 2026;Converting 86414790_107 at Fri Sep  4 03:11:17 AM CDT 2026;Converting 86414795_112 at Fri Sep  4 03:11:50 AM CDT 2026;' user_mem=26.43GiB(21.1%) job_mem=0.01GiB sys_used=26.4% mem_avail=92.1GiB zombies=0 batch_running=no
[2026-09-04 03:16:19] STARTING batch from checkpoint
[2026-09-04 03:16:19] Started batch pid=2622619
[2026-09-04 03:21:21] PROGRESS done=512/514 converted=42 workers=1/0 active current='Converting 86414795_112 at Fri Sep  4 03:11:50 AM CDT 2026;Converting 86414790_107 at Fri Sep  4 03:16:20 AM CDT 2026;Converting 86414795_112 at Fri Sep  4 03:16:54 AM CDT 2026;' user_mem=26.39GiB(21.1%) job_mem=0.01GiB sys_used=26.7% mem_avail=91.7GiB zombies=0 batch_running=no
[2026-09-04 03:21:22] STARTING batch from checkpoint
[2026-09-04 03:21:22] Started batch pid=2634893
[2026-09-04 03:26:24] PROGRESS done=512/514 converted=42 workers=1/0 active current='Converting 86414795_112 at Fri Sep  4 03:16:54 AM CDT 2026;Converting 86414790_107 at Fri Sep  4 03:21:23 AM CDT 2026;Converting 86414795_112 at Fri Sep  4 03:21:56 AM CDT 2026;' user_mem=26.28GiB(21.0%) job_mem=0.01GiB sys_used=28.2% mem_avail=89.9GiB zombies=0 batch_running=no
[2026-09-04 03:26:25] STARTING batch from checkpoint
[2026-09-04 03:26:25] Started batch pid=2645023
[2026-09-04 03:31:27] PROGRESS done=512/514 converted=42 workers=1/0 active current='Converting 86414795_112 at Fri Sep  4 03:21:56 AM CDT 2026;Converting 86414790_107 at Fri Sep  4 03:26:25 AM CDT 2026;Converting 86414795_112 at Fri Sep  4 03:26:59 AM CDT 2026;' user_mem=26.08GiB(20.8%) job_mem=0.01GiB sys_used=28.3% mem_avail=89.7GiB zombies=0 batch_running=no
[2026-09-04 03:31:29] STARTING batch from checkpoint
[2026-09-04 03:31:29] Started batch pid=2656212
[2026-09-04 03:36:31] PROGRESS done=512/514 converted=42 workers=1/0 active current='Converting 86414795_112 at Fri Sep  4 03:26:59 AM CDT 2026;Converting 86414790_107 at Fri Sep  4 03:31:29 AM CDT 2026;Converting 86414795_112 at Fri Sep  4 03:32:02 AM CDT 2026;' user_mem=25.71GiB(20.5%) job_mem=0.01GiB sys_used=28.4% mem_avail=89.6GiB zombies=0 batch_running=no
[2026-09-04 03:36:33] STARTING batch from checkpoint
[2026-09-04 03:36:33] Started batch pid=2666227
[2026-09-04 03:41:34] PROGRESS done=512/514 converted=42 workers=1/0 active current='Converting 86414795_112 at Fri Sep  4 03:32:02 AM CDT 2026;Converting 86414790_107 at Fri Sep  4 03:36:33 AM CDT 2026;Converting 86414795_112 at Fri Sep  4 03:37:06 AM CDT 2026;' user_mem=25.68GiB(20.5%) job_mem=0.01GiB sys_used=27.4% mem_avail=90.8GiB zombies=0 batch_running=no
[2026-09-04 03:41:35] STARTING batch from checkpoint
[2026-09-04 03:41:35] Started batch pid=2676399
[2026-09-04 03:46:37] PROGRESS done=512/514 converted=42 workers=1/0 active current='Converting 86414795_112 at Fri Sep  4 03:37:06 AM CDT 2026;Converting 86414790_107 at Fri Sep  4 03:41:36 AM CDT 2026;Converting 86414795_112 at Fri Sep  4 03:42:09 AM CDT 2026;' user_mem=25.94GiB(20.7%) job_mem=0.01GiB sys_used=30.3% mem_avail=87.3GiB zombies=0 batch_running=no
[2026-09-04 03:46:39] STARTING batch from checkpoint
[2026-09-04 03:46:39] Started batch pid=2685515
[2026-09-04 03:51:40] PROGRESS done=512/514 converted=42 workers=1/0 active current='Converting 86414795_112 at Fri Sep  4 03:42:09 AM CDT 2026;Converting 86414790_107 at Fri Sep  4 03:46:39 AM CDT 2026;Converting 86414795_112 at Fri Sep  4 03:47:12 AM CDT 2026;' user_mem=25.95GiB(20.7%) job_mem=0.01GiB sys_used=30.1% mem_avail=87.5GiB zombies=0 batch_running=no
[2026-09-04 03:51:41] STARTING batch from checkpoint
[2026-09-04 03:51:41] Started batch pid=2700307
[2026-09-04 03:56:43] PROGRESS done=512/514 converted=42 workers=1/0 active current='Converting 86414795_112 at Fri Sep  4 03:47:12 AM CDT 2026;Converting 86414790_107 at Fri Sep  4 03:51:42 AM CDT 2026;Converting 86414795_112 at Fri Sep  4 03:52:18 AM CDT 2026;' user_mem=25.96GiB(20.7%) job_mem=0.01GiB sys_used=28.2% mem_avail=89.9GiB zombies=0 batch_running=no
[2026-09-04 03:56:44] STARTING batch from checkpoint
[2026-09-04 03:56:44] Started batch pid=2706644
[2026-09-04 04:01:46] PROGRESS done=512/514 converted=42 workers=1/0 active current='Converting 86414795_112 at Fri Sep  4 03:52:18 AM CDT 2026;Converting 86414790_107 at Fri Sep  4 03:56:44 AM CDT 2026;Converting 86414795_112 at Fri Sep  4 03:57:18 AM CDT 2026;' user_mem=25.97GiB(20.8%) job_mem=0.01GiB sys_used=28.7% mem_avail=89.3GiB zombies=0 batch_running=no
[2026-09-04 04:01:47] STARTING batch from checkpoint
[2026-09-04 04:01:47] Started batch pid=2717413
[2026-09-04 04:06:49] PROGRESS done=512/514 converted=42 workers=1/0 active current='Converting 86414795_112 at Fri Sep  4 03:57:18 AM CDT 2026;Converting 86414790_107 at Fri Sep  4 04:01:47 AM CDT 2026;Converting 86414795_112 at Fri Sep  4 04:02:21 AM CDT 2026;' user_mem=26.01GiB(20.8%) job_mem=0.01GiB sys_used=28.7% mem_avail=89.2GiB zombies=0 batch_running=no
[2026-09-04 04:06:50] STARTING batch from checkpoint
[2026-09-04 04:06:50] Started batch pid=2727169
[2026-09-04 04:11:51] PROGRESS done=512/514 converted=42 workers=1/0 active current='Converting 86414795_112 at Fri Sep  4 04:02:21 AM CDT 2026;Converting 86414790_107 at Fri Sep  4 04:06:50 AM CDT 2026;Converting 86414795_112 at Fri Sep  4 04:07:23 AM CDT 2026;' user_mem=26.02GiB(20.8%) job_mem=0.01GiB sys_used=29.0% mem_avail=88.9GiB zombies=0 batch_running=no
[2026-09-04 04:11:53] STARTING batch from checkpoint
[2026-09-04 04:11:53] Started batch pid=2737025
[2026-09-04 04:16:54] PROGRESS done=512/514 converted=42 workers=1/0 active current='Converting 86414795_112 at Fri Sep  4 04:07:23 AM CDT 2026;Converting 86414790_107 at Fri Sep  4 04:11:53 AM CDT 2026;Converting 86414795_112 at Fri Sep  4 04:12:26 AM CDT 2026;' user_mem=25.98GiB(20.8%) job_mem=0.01GiB sys_used=30.0% mem_avail=87.6GiB zombies=0 batch_running=no
[2026-09-04 04:16:55] STARTING batch from checkpoint
[2026-09-04 04:16:55] Started batch pid=2746704
[2026-09-04 04:21:57] PROGRESS done=512/514 converted=42 workers=1/0 active current='Converting 86414795_112 at Fri Sep  4 04:12:26 AM CDT 2026;Converting 86414790_107 at Fri Sep  4 04:16:55 AM CDT 2026;Converting 86414795_112 at Fri Sep  4 04:17:29 AM CDT 2026;' user_mem=25.63GiB(20.5%) job_mem=0.01GiB sys_used=30.7% mem_avail=86.7GiB zombies=0 batch_running=no
[2026-09-04 04:21:58] STARTING batch from checkpoint
[2026-09-04 04:21:58] Started batch pid=2759617
[2026-09-04 04:27:00] PROGRESS done=512/514 converted=42 workers=1/0 active current='Converting 86414795_112 at Fri Sep  4 04:17:29 AM CDT 2026;Converting 86414790_107 at Fri Sep  4 04:21:58 AM CDT 2026;Converting 86414795_112 at Fri Sep  4 04:22:31 AM CDT 2026;' user_mem=25.65GiB(20.5%) job_mem=0.01GiB sys_used=31.1% mem_avail=86.3GiB zombies=0 batch_running=no
[2026-09-04 04:27:01] STARTING batch from checkpoint
[2026-09-04 04:27:01] Started batch pid=2769154
[2026-09-04 04:32:03] PROGRESS done=512/514 converted=42 workers=1/0 active current='Converting 86414795_112 at Fri Sep  4 04:22:31 AM CDT 2026;Converting 86414790_107 at Fri Sep  4 04:27:01 AM CDT 2026;Converting 86414795_112 at Fri Sep  4 04:27:34 AM CDT 2026;' user_mem=25.56GiB(20.4%) job_mem=0.01GiB sys_used=31.2% mem_avail=86.1GiB zombies=0 batch_running=no
[2026-09-04 04:32:04] STARTING batch from checkpoint
[2026-09-04 04:32:04] Started batch pid=2779150
[2026-09-04 04:37:05] PROGRESS done=512/514 converted=42 workers=1/0 active current='Converting 86414795_112 at Fri Sep  4 04:27:34 AM CDT 2026;Converting 86414790_107 at Fri Sep  4 04:32:04 AM CDT 2026;Converting 86414795_112 at Fri Sep  4 04:32:37 AM CDT 2026;' user_mem=25.59GiB(20.5%) job_mem=0.01GiB sys_used=31.2% mem_avail=86.1GiB zombies=0 batch_running=no
[2026-09-04 04:37:07] STARTING batch from checkpoint
[2026-09-04 04:37:07] Started batch pid=2788862
[2026-09-04 04:42:08] PROGRESS done=512/514 converted=42 workers=1/0 active current='Converting 86414795_112 at Fri Sep  4 04:32:37 AM CDT 2026;Converting 86414790_107 at Fri Sep  4 04:37:07 AM CDT 2026;Converting 86414795_112 at Fri Sep  4 04:37:41 AM CDT 2026;' user_mem=25.70GiB(20.5%) job_mem=0.01GiB sys_used=32.0% mem_avail=85.1GiB zombies=0 batch_running=no
[2026-09-04 04:42:09] STARTING batch from checkpoint
[2026-09-04 04:42:09] Started batch pid=2798953
[2026-09-04 04:47:11] PROGRESS done=512/514 converted=42 workers=1/0 active current='Converting 86414795_112 at Fri Sep  4 04:37:41 AM CDT 2026;Converting 86414790_107 at Fri Sep  4 04:42:10 AM CDT 2026;Converting 86414795_112 at Fri Sep  4 04:42:43 AM CDT 2026;' user_mem=25.72GiB(20.6%) job_mem=0.01GiB sys_used=32.5% mem_avail=84.5GiB zombies=0 batch_running=no
[2026-09-04 04:47:12] STARTING batch from checkpoint
[2026-09-04 04:47:12] Started batch pid=2808600
[2026-09-04 04:52:14] PROGRESS done=512/514 converted=42 workers=1/0 active current='Converting 86414795_112 at Fri Sep  4 04:42:43 AM CDT 2026;Converting 86414790_107 at Fri Sep  4 04:47:13 AM CDT 2026;Converting 86414795_112 at Fri Sep  4 04:47:49 AM CDT 2026;' user_mem=25.77GiB(20.6%) job_mem=0.01GiB sys_used=32.5% mem_avail=84.5GiB zombies=0 batch_running=no
[2026-09-04 04:52:15] STARTING batch from checkpoint
[2026-09-04 04:52:15] Started batch pid=2817543
[2026-09-04 04:57:17] PROGRESS done=512/514 converted=42 workers=1/0 active current='Converting 86414795_112 at Fri Sep  4 04:47:49 AM CDT 2026;Converting 86414790_107 at Fri Sep  4 04:52:16 AM CDT 2026;Converting 86414795_112 at Fri Sep  4 04:52:49 AM CDT 2026;' user_mem=25.76GiB(20.6%) job_mem=0.01GiB sys_used=32.7% mem_avail=84.2GiB zombies=0 batch_running=no
[2026-09-04 04:57:18] STARTING batch from checkpoint
[2026-09-04 04:57:18] Started batch pid=2825243
[2026-09-04 05:02:20] PROGRESS done=512/514 converted=42 workers=1/0 active current='Converting 86414795_112 at Fri Sep  4 04:52:49 AM CDT 2026;Converting 86414790_107 at Fri Sep  4 04:57:19 AM CDT 2026;Converting 86414795_112 at Fri Sep  4 04:57:52 AM CDT 2026;' user_mem=25.48GiB(20.4%) job_mem=0.01GiB sys_used=32.7% mem_avail=84.2GiB zombies=0 batch_running=no
[2026-09-04 05:02:21] STARTING batch from checkpoint
[2026-09-04 05:02:21] Started batch pid=2835064
[2026-09-04 05:07:23] PROGRESS done=512/514 converted=42 workers=1/0 active current='Converting 86414795_112 at Fri Sep  4 04:57:52 AM CDT 2026;Converting 86414790_107 at Fri Sep  4 05:02:21 AM CDT 2026;Converting 86414795_112 at Fri Sep  4 05:02:55 AM CDT 2026;' user_mem=25.45GiB(20.3%) job_mem=0.01GiB sys_used=33.3% mem_avail=83.5GiB zombies=0 batch_running=no
[2026-09-04 05:07:24] STARTING batch from checkpoint
[2026-09-04 05:07:24] Started batch pid=2845786
[2026-09-04 05:12:25] PROGRESS done=512/514 converted=42 workers=1/0 active current='Converting 86414795_112 at Fri Sep  4 05:02:55 AM CDT 2026;Converting 86414790_107 at Fri Sep  4 05:07:24 AM CDT 2026;Converting 86414795_112 at Fri Sep  4 05:07:57 AM CDT 2026;' user_mem=25.36GiB(20.3%) job_mem=0.01GiB sys_used=33.6% mem_avail=83.1GiB zombies=0 batch_running=no
[2026-09-04 05:12:27] STARTING batch from checkpoint
[2026-09-04 05:12:27] Started batch pid=2856355
[2026-09-04 05:17:28] PROGRESS done=512/514 converted=42 workers=1/0 active current='Converting 86414795_112 at Fri Sep  4 05:07:57 AM CDT 2026;Converting 86414790_107 at Fri Sep  4 05:12:27 AM CDT 2026;Converting 86414795_112 at Fri Sep  4 05:13:01 AM CDT 2026;' user_mem=25.37GiB(20.3%) job_mem=0.01GiB sys_used=33.8% mem_avail=82.8GiB zombies=0 batch_running=no
[2026-09-04 05:17:30] STARTING batch from checkpoint
[2026-09-04 05:17:30] Started batch pid=2866340
[2026-09-04 05:22:31] PROGRESS done=512/514 converted=42 workers=1/0 active current='Converting 86414795_112 at Fri Sep  4 05:13:01 AM CDT 2026;Converting 86414790_107 at Fri Sep  4 05:17:30 AM CDT 2026;Converting 86414795_112 at Fri Sep  4 05:18:04 AM CDT 2026;' user_mem=25.44GiB(20.3%) job_mem=0.01GiB sys_used=34.1% mem_avail=82.4GiB zombies=0 batch_running=no
[2026-09-04 05:22:32] STARTING batch from checkpoint
[2026-09-04 05:22:32] Started batch pid=2875399
[2026-09-04 05:27:34] PROGRESS done=512/514 converted=42 workers=1/0 active current='Converting 86414795_112 at Fri Sep  4 05:18:04 AM CDT 2026;Converting 86414790_107 at Fri Sep  4 05:22:32 AM CDT 2026;Converting 86414795_112 at Fri Sep  4 05:23:05 AM CDT 2026;' user_mem=25.26GiB(20.2%) job_mem=0.01GiB sys_used=34.5% mem_avail=82.0GiB zombies=0 batch_running=no
[2026-09-04 05:27:35] STARTING batch from checkpoint
[2026-09-04 05:27:35] Started batch pid=2886597
[2026-09-04 05:32:37] PROGRESS done=512/514 converted=42 workers=1/0 active current='Converting 86414795_112 at Fri Sep  4 05:23:05 AM CDT 2026;Converting 86414790_107 at Fri Sep  4 05:27:35 AM CDT 2026;Converting 86414795_112 at Fri Sep  4 05:28:08 AM CDT 2026;' user_mem=25.15GiB(20.1%) job_mem=0.01GiB sys_used=34.8% mem_avail=81.6GiB zombies=0 batch_running=no
[2026-09-04 05:32:38] STARTING batch from checkpoint
[2026-09-04 05:32:38] Started batch pid=2896992
[2026-09-04 05:37:39] PROGRESS done=512/514 converted=42 workers=1/0 active current='Converting 86414795_112 at Fri Sep  4 05:28:08 AM CDT 2026;Converting 86414790_107 at Fri Sep  4 05:32:38 AM CDT 2026;Converting 86414795_112 at Fri Sep  4 05:33:11 AM CDT 2026;' user_mem=24.73GiB(19.8%) job_mem=0.01GiB sys_used=34.8% mem_avail=81.6GiB zombies=0 batch_running=no
[2026-09-04 05:37:40] STARTING batch from checkpoint
[2026-09-04 05:37:40] Started batch pid=2906778
[2026-09-04 05:42:42] PROGRESS done=512/514 converted=42 workers=1/0 active current='Converting 86414795_112 at Fri Sep  4 05:33:11 AM CDT 2026;Converting 86414790_107 at Fri Sep  4 05:37:41 AM CDT 2026;Converting 86414795_112 at Fri Sep  4 05:38:14 AM CDT 2026;' user_mem=24.54GiB(19.6%) job_mem=0.01GiB sys_used=35.2% mem_avail=81.0GiB zombies=0 batch_running=no
[2026-09-04 05:42:43] STARTING batch from checkpoint
[2026-09-04 05:42:43] Started batch pid=2917184
[2026-09-04 05:47:45] PROGRESS done=512/514 converted=42 workers=1/0 active current='Converting 86414795_112 at Fri Sep  4 05:38:14 AM CDT 2026;Converting 86414790_107 at Fri Sep  4 05:42:43 AM CDT 2026;Converting 86414795_112 at Fri Sep  4 05:43:17 AM CDT 2026;' user_mem=24.51GiB(19.6%) job_mem=0.01GiB sys_used=35.8% mem_avail=80.3GiB zombies=0 batch_running=no
[2026-09-04 05:47:46] STARTING batch from checkpoint
[2026-09-04 05:47:46] Started batch pid=2927030
[2026-09-04 05:52:47] PROGRESS done=512/514 converted=42 workers=1/0 active current='Converting 86414795_112 at Fri Sep  4 05:43:17 AM CDT 2026;Converting 86414790_107 at Fri Sep  4 05:47:46 AM CDT 2026;Converting 86414795_112 at Fri Sep  4 05:48:19 AM CDT 2026;' user_mem=24.55GiB(19.6%) job_mem=0.01GiB sys_used=36.7% mem_avail=79.2GiB zombies=0 batch_running=no
[2026-09-04 05:52:48] STARTING batch from checkpoint
[2026-09-04 05:52:48] Started batch pid=2936943
[2026-09-04 05:57:50] PROGRESS done=512/514 converted=42 workers=1/0 active current='Converting 86414795_112 at Fri Sep  4 05:48:19 AM CDT 2026;Converting 86414790_107 at Fri Sep  4 05:52:49 AM CDT 2026;Converting 86414795_112 at Fri Sep  4 05:53:23 AM CDT 2026;' user_mem=24.49GiB(19.6%) job_mem=0.01GiB sys_used=37.2% mem_avail=78.6GiB zombies=0 batch_running=no
[2026-09-04 05:57:51] STARTING batch from checkpoint
[2026-09-04 05:57:51] Started batch pid=2945408
[2026-09-04 06:02:53] PROGRESS done=512/514 converted=42 workers=1/0 active current='Converting 86414795_112 at Fri Sep  4 05:53:23 AM CDT 2026;Converting 86414790_107 at Fri Sep  4 05:57:51 AM CDT 2026;Converting 86414795_112 at Fri Sep  4 05:58:24 AM CDT 2026;' user_mem=24.50GiB(19.6%) job_mem=0.01GiB sys_used=37.9% mem_avail=77.7GiB zombies=0 batch_running=no
[2026-09-04 06:02:54] STARTING batch from checkpoint
[2026-09-04 06:02:54] Started batch pid=2956051
[2026-09-04 06:07:56] PROGRESS done=512/514 converted=42 workers=1/0 active current='Converting 86414795_112 at Fri Sep  4 05:58:24 AM CDT 2026;Converting 86414790_107 at Fri Sep  4 06:02:54 AM CDT 2026;Converting 86414795_112 at Fri Sep  4 06:03:27 AM CDT 2026;' user_mem=24.51GiB(19.6%) job_mem=0.01GiB sys_used=38.7% mem_avail=76.7GiB zombies=0 batch_running=no
[2026-09-04 06:07:57] STARTING batch from checkpoint
[2026-09-04 06:07:57] Started batch pid=2965903
[2026-09-04 06:12:58] PROGRESS done=512/514 converted=42 workers=1/0 active current='Converting 86414795_112 at Fri Sep  4 06:03:27 AM CDT 2026;Converting 86414790_107 at Fri Sep  4 06:07:57 AM CDT 2026;Converting 86414795_112 at Fri Sep  4 06:08:30 AM CDT 2026;' user_mem=24.55GiB(19.6%) job_mem=0.01GiB sys_used=40.0% mem_avail=75.1GiB zombies=0 batch_running=no
[2026-09-04 06:13:00] STARTING batch from checkpoint
[2026-09-04 06:13:00] Started batch pid=2976275
[2026-09-04 06:18:01] PROGRESS done=512/514 converted=42 workers=1/0 active current='Converting 86414795_112 at Fri Sep  4 06:08:30 AM CDT 2026;Converting 86414790_107 at Fri Sep  4 06:13:00 AM CDT 2026;Converting 86414795_112 at Fri Sep  4 06:13:33 AM CDT 2026;' user_mem=24.50GiB(19.6%) job_mem=0.01GiB sys_used=41.3% mem_avail=73.5GiB zombies=0 batch_running=no
[2026-09-04 06:18:02] STARTING batch from checkpoint
[2026-09-04 06:18:02] Started batch pid=2986494
[2026-09-04 06:23:04] PROGRESS done=512/514 converted=42 workers=1/0 active current='Converting 86414795_112 at Fri Sep  4 06:13:33 AM CDT 2026;Converting 86414790_107 at Fri Sep  4 06:18:02 AM CDT 2026;Converting 86414795_112 at Fri Sep  4 06:18:35 AM CDT 2026;' user_mem=24.48GiB(19.6%) job_mem=0.01GiB sys_used=43.2% mem_avail=71.1GiB zombies=0 batch_running=no
[2026-09-04 06:23:06] STARTING batch from checkpoint
[2026-09-04 06:23:06] Started batch pid=2997016
[2026-09-04 06:28:07] PROGRESS done=512/514 converted=42 workers=1/0 active current='Converting 86414795_112 at Fri Sep  4 06:18:35 AM CDT 2026;Converting 86414790_107 at Fri Sep  4 06:23:06 AM CDT 2026;Converting 86414795_112 at Fri Sep  4 06:23:39 AM CDT 2026;' user_mem=6.31GiB(5.0%) job_mem=0.01GiB sys_used=20.5% mem_avail=99.5GiB zombies=0 batch_running=no
[2026-09-04 06:28:09] STARTING batch from checkpoint
[2026-09-04 06:28:09] Started batch pid=3006785
[2026-09-04 06:33:10] PROGRESS done=512/514 converted=42 workers=1/0 active current='Converting 86414795_112 at Fri Sep  4 06:23:39 AM CDT 2026;Converting 86414790_107 at Fri Sep  4 06:28:09 AM CDT 2026;Converting 86414795_112 at Fri Sep  4 06:28:42 AM CDT 2026;' user_mem=6.47GiB(5.2%) job_mem=0.01GiB sys_used=22.6% mem_avail=96.9GiB zombies=0 batch_running=no
[2026-09-04 06:33:12] STARTING batch from checkpoint
[2026-09-04 06:33:12] Started batch pid=3017240
[2026-09-04 06:38:13] PROGRESS done=512/514 converted=42 workers=1/0 active current='Converting 86414795_112 at Fri Sep  4 06:28:42 AM CDT 2026;Converting 86414790_107 at Fri Sep  4 06:33:12 AM CDT 2026;Converting 86414795_112 at Fri Sep  4 06:33:45 AM CDT 2026;' user_mem=6.57GiB(5.3%) job_mem=0.01GiB sys_used=23.8% mem_avail=95.3GiB zombies=0 batch_running=no
[2026-09-04 06:38:14] STARTING batch from checkpoint
[2026-09-04 06:38:14] Started batch pid=3026437
[2026-09-04 06:43:16] PROGRESS done=512/514 converted=42 workers=1/0 active current='Converting 86414795_112 at Fri Sep  4 06:33:45 AM CDT 2026;Converting 86414790_107 at Fri Sep  4 06:38:15 AM CDT 2026;Converting 86414795_112 at Fri Sep  4 06:38:47 AM CDT 2026;' user_mem=6.53GiB(5.2%) job_mem=0.01GiB sys_used=25.4% mem_avail=93.4GiB zombies=0 batch_running=no
[2026-09-04 06:43:17] STARTING batch from checkpoint
[2026-09-04 06:43:17] Started batch pid=3036778
[2026-09-04 06:48:19] PROGRESS done=512/514 converted=42 workers=1/0 active current='Converting 86414795_112 at Fri Sep  4 06:38:47 AM CDT 2026;Converting 86414790_107 at Fri Sep  4 06:43:17 AM CDT 2026;Converting 86414795_112 at Fri Sep  4 06:43:51 AM CDT 2026;' user_mem=6.56GiB(5.2%) job_mem=0.01GiB sys_used=27.0% mem_avail=91.3GiB zombies=0 batch_running=no
[2026-09-04 06:48:20] STARTING batch from checkpoint
[2026-09-04 06:48:20] Started batch pid=3047445
[2026-09-04 06:53:22] PROGRESS done=512/514 converted=42 workers=1/0 active current='Converting 86414795_112 at Fri Sep  4 06:43:51 AM CDT 2026;Converting 86414790_107 at Fri Sep  4 06:48:20 AM CDT 2026;Converting 86414795_112 at Fri Sep  4 06:48:53 AM CDT 2026;' user_mem=6.59GiB(5.3%) job_mem=0.01GiB sys_used=20.2% mem_avail=99.9GiB zombies=0 batch_running=no
[2026-09-04 06:53:23] STARTING batch from checkpoint
[2026-09-04 06:53:23] Started batch pid=3054741
[2026-09-04 06:58:24] PROGRESS done=512/514 converted=42 workers=1/0 active current='Converting 86414795_112 at Fri Sep  4 06:48:53 AM CDT 2026;Converting 86414790_107 at Fri Sep  4 06:53:23 AM CDT 2026;Converting 86414795_112 at Fri Sep  4 06:53:56 AM CDT 2026;' user_mem=6.57GiB(5.2%) job_mem=0.01GiB sys_used=21.1% mem_avail=98.7GiB zombies=0 batch_running=no
[2026-09-04 06:58:25] STARTING batch from checkpoint
[2026-09-04 06:58:25] Started batch pid=3062804
[2026-09-04 07:03:27] PROGRESS done=512/514 converted=42 workers=1/0 active current='Converting 86414795_112 at Fri Sep  4 06:53:56 AM CDT 2026;Converting 86414790_107 at Fri Sep  4 06:58:25 AM CDT 2026;Converting 86414795_112 at Fri Sep  4 06:58:59 AM CDT 2026;' user_mem=6.55GiB(5.2%) job_mem=0.01GiB sys_used=22.1% mem_avail=97.5GiB zombies=0 batch_running=no
[2026-09-04 07:03:28] STARTING batch from checkpoint
[2026-09-04 07:03:28] Started batch pid=3074553
[2026-09-04 07:08:29] PROGRESS done=512/514 converted=42 workers=1/0 active current='Converting 86414795_112 at Fri Sep  4 06:58:59 AM CDT 2026;Converting 86414790_107 at Fri Sep  4 07:03:28 AM CDT 2026;Converting 86414795_112 at Fri Sep  4 07:04:01 AM CDT 2026;' user_mem=6.59GiB(5.3%) job_mem=0.01GiB sys_used=23.1% mem_avail=96.3GiB zombies=0 batch_running=no
[2026-09-04 07:08:30] STARTING batch from checkpoint
[2026-09-04 07:08:30] Started batch pid=3082852
[2026-09-04 07:13:32] PROGRESS done=512/514 converted=42 workers=1/0 active current='Converting 86414795_112 at Fri Sep  4 07:04:01 AM CDT 2026;Converting 86414790_107 at Fri Sep  4 07:08:31 AM CDT 2026;Converting 86414795_112 at Fri Sep  4 07:09:04 AM CDT 2026;' user_mem=6.65GiB(5.3%) job_mem=0.01GiB sys_used=24.3% mem_avail=94.8GiB zombies=0 batch_running=no
[2026-09-04 07:13:33] STARTING batch from checkpoint
[2026-09-04 07:13:33] Started batch pid=3093888
[2026-09-04 07:18:35] PROGRESS done=512/514 converted=42 workers=1/0 active current='Converting 86414795_112 at Fri Sep  4 07:09:04 AM CDT 2026;Converting 86414790_107 at Fri Sep  4 07:13:33 AM CDT 2026;Converting 86414795_112 at Fri Sep  4 07:14:07 AM CDT 2026;' user_mem=6.62GiB(5.3%) job_mem=0.01GiB sys_used=22.1% mem_avail=97.5GiB zombies=0 batch_running=no
[2026-09-04 07:18:36] STARTING batch from checkpoint
[2026-09-04 07:18:36] Started batch pid=3104138
[2026-09-04 07:23:37] PROGRESS done=512/514 converted=42 workers=1/0 active current='Converting 86414795_112 at Fri Sep  4 07:14:07 AM CDT 2026;Converting 86414790_107 at Fri Sep  4 07:18:36 AM CDT 2026;Converting 86414795_112 at Fri Sep  4 07:19:09 AM CDT 2026;' user_mem=6.70GiB(5.4%) job_mem=0.01GiB sys_used=24.1% mem_avail=95.0GiB zombies=0 batch_running=no
[2026-09-04 07:23:38] STARTING batch from checkpoint
[2026-09-04 07:23:38] Started batch pid=3114534
[2026-09-04 07:28:40] PROGRESS done=512/514 converted=42 workers=1/0 active current='Converting 86414795_112 at Fri Sep  4 07:19:09 AM CDT 2026;Converting 86414790_107 at Fri Sep  4 07:23:38 AM CDT 2026;Converting 86414795_112 at Fri Sep  4 07:24:11 AM CDT 2026;' user_mem=6.77GiB(5.4%) job_mem=0.01GiB sys_used=12.3% mem_avail=109.7GiB zombies=0 batch_running=no
[2026-09-04 07:28:41] STARTING batch from checkpoint
[2026-09-04 07:28:41] Started batch pid=3123780
[2026-09-04 07:33:43] PROGRESS done=512/514 converted=42 workers=1/0 active current='Converting 86414795_112 at Fri Sep  4 07:24:11 AM CDT 2026;Converting 86414790_107 at Fri Sep  4 07:28:41 AM CDT 2026;Converting 86414795_112 at Fri Sep  4 07:29:14 AM CDT 2026;' user_mem=6.69GiB(5.4%) job_mem=0.01GiB sys_used=9.3% mem_avail=113.5GiB zombies=0 batch_running=no
[2026-09-04 07:33:44] STARTING batch from checkpoint
[2026-09-04 07:33:44] Started batch pid=3134569
[2026-09-04 07:38:45] PROGRESS done=512/514 converted=42 workers=1/0 active current='Converting 86414795_112 at Fri Sep  4 07:29:14 AM CDT 2026;Converting 86414790_107 at Fri Sep  4 07:33:44 AM CDT 2026;Converting 86414795_112 at Fri Sep  4 07:34:17 AM CDT 2026;' user_mem=6.77GiB(5.4%) job_mem=0.01GiB sys_used=9.1% mem_avail=113.8GiB zombies=0 batch_running=no
[2026-09-04 07:38:46] STARTING batch from checkpoint
[2026-09-04 07:38:46] Started batch pid=3143705
[2026-09-04 07:43:48] PROGRESS done=512/514 converted=42 workers=1/0 active current='Converting 86414795_112 at Fri Sep  4 07:34:17 AM CDT 2026;Converting 86414790_107 at Fri Sep  4 07:38:46 AM CDT 2026;Converting 86414795_112 at Fri Sep  4 07:39:19 AM CDT 2026;' user_mem=6.86GiB(5.5%) job_mem=0.01GiB sys_used=9.0% mem_avail=113.8GiB zombies=0 batch_running=no
[2026-09-04 07:43:49] STARTING batch from checkpoint
[2026-09-04 07:43:49] Started batch pid=3154379
[2026-09-04 07:48:50] PROGRESS done=512/514 converted=42 workers=1/0 active current='Converting 86414795_112 at Fri Sep  4 07:39:19 AM CDT 2026;Converting 86414790_107 at Fri Sep  4 07:43:49 AM CDT 2026;Converting 86414795_112 at Fri Sep  4 07:44:22 AM CDT 2026;' user_mem=6.67GiB(5.3%) job_mem=0.01GiB sys_used=9.0% mem_avail=113.9GiB zombies=0 batch_running=no
[2026-09-04 07:48:51] STARTING batch from checkpoint
[2026-09-04 07:48:51] Started batch pid=3164178
[2026-09-04 07:53:53] PROGRESS done=512/514 converted=42 workers=1/0 active current='Converting 86414795_112 at Fri Sep  4 07:44:22 AM CDT 2026;Converting 86414790_107 at Fri Sep  4 07:48:52 AM CDT 2026;Converting 86414795_112 at Fri Sep  4 07:49:24 AM CDT 2026;' user_mem=6.37GiB(5.1%) job_mem=0.01GiB sys_used=8.9% mem_avail=114.0GiB zombies=0 batch_running=no
[2026-09-04 07:53:54] STARTING batch from checkpoint
[2026-09-04 07:53:54] Started batch pid=3171733
[2026-09-04 07:58:56] PROGRESS done=512/514 converted=42 workers=1/0 active current='Converting 86414795_112 at Fri Sep  4 07:49:24 AM CDT 2026;Converting 86414790_107 at Fri Sep  4 07:53:54 AM CDT 2026;Converting 86414795_112 at Fri Sep  4 07:54:27 AM CDT 2026;' user_mem=6.45GiB(5.2%) job_mem=0.01GiB sys_used=9.4% mem_avail=113.4GiB zombies=0 batch_running=no
[2026-09-04 07:58:57] STARTING batch from checkpoint
[2026-09-04 07:58:57] Started batch pid=3184525
[2026-09-04 08:03:58] PROGRESS done=512/514 converted=42 workers=1/0 active current='Converting 86414795_112 at Fri Sep  4 07:54:27 AM CDT 2026;Converting 86414790_107 at Fri Sep  4 07:58:57 AM CDT 2026;Converting 86414795_112 at Fri Sep  4 07:59:30 AM CDT 2026;' user_mem=6.63GiB(5.3%) job_mem=0.01GiB sys_used=10.8% mem_avail=111.6GiB zombies=0 batch_running=no
[2026-09-04 08:03:59] STARTING batch from checkpoint
[2026-09-04 08:03:59] Started batch pid=3194887
[2026-09-04 08:09:01] PROGRESS done=512/514 converted=42 workers=1/0 active current='Converting 86414795_112 at Fri Sep  4 07:59:30 AM CDT 2026;Converting 86414790_107 at Fri Sep  4 08:04:00 AM CDT 2026;Converting 86414795_112 at Fri Sep  4 08:04:32 AM CDT 2026;' user_mem=6.68GiB(5.3%) job_mem=0.02GiB sys_used=22.0% mem_avail=97.6GiB zombies=0 batch_running=yes
[2026-09-04 08:14:03] PROGRESS done=512/514 converted=42 workers=1/1 active current='Converting 86414795_112 at Fri Sep  4 07:59:30 AM CDT 2026;Converting 86414790_107 at Fri Sep  4 08:04:00 AM CDT 2026;Converting 86414795_112 at Fri Sep  4 08:04:32 AM CDT 2026;' user_mem=14.15GiB(11.3%) job_mem=7.62GiB sys_used=31.1% mem_avail=86.2GiB zombies=0 batch_running=yes
[2026-09-04 08:19:06] PROGRESS done=512/514 converted=42 workers=1/0 active current='Converting 86414795_112 at Fri Sep  4 07:59:30 AM CDT 2026;Converting 86414790_107 at Fri Sep  4 08:04:00 AM CDT 2026;Converting 86414795_112 at Fri Sep  4 08:04:32 AM CDT 2026;' user_mem=6.67GiB(5.3%) job_mem=0.02GiB sys_used=10.8% mem_avail=111.6GiB zombies=0 batch_running=yes
[2026-09-04 08:24:08] PROGRESS done=512/514 converted=42 workers=1/0 active current='Converting 86414795_112 at Fri Sep  4 07:59:30 AM CDT 2026;Converting 86414790_107 at Fri Sep  4 08:04:00 AM CDT 2026;Converting 86414795_112 at Fri Sep  4 08:04:32 AM CDT 2026;' user_mem=6.49GiB(5.2%) job_mem=0.02GiB sys_used=19.4% mem_avail=100.9GiB zombies=0 batch_running=yes
[2026-09-04 08:29:11] PROGRESS done=512/514 converted=42 workers=1/1 active current='Converting 86414795_112 at Fri Sep  4 07:59:30 AM CDT 2026;Converting 86414790_107 at Fri Sep  4 08:04:00 AM CDT 2026;Converting 86414795_112 at Fri Sep  4 08:04:32 AM CDT 2026;' user_mem=11.33GiB(9.1%) job_mem=4.73GiB sys_used=32.9% mem_avail=84.0GiB zombies=0 batch_running=yes
[2026-09-04 08:34:13] PROGRESS done=512/514 converted=42 workers=1/1 active current='Converting 86414795_112 at Fri Sep  4 07:59:30 AM CDT 2026;Converting 86414790_107 at Fri Sep  4 08:04:00 AM CDT 2026;Converting 86414795_112 at Fri Sep  4 08:04:32 AM CDT 2026;' user_mem=19.81GiB(15.8%) job_mem=13.49GiB sys_used=49.1% mem_avail=63.6GiB zombies=0 batch_running=yes
[2026-09-04 08:34:14] STOPPING batch (memory limit (user_mem=16.0%, job_mem=13.65GiB, limits=30%/12GiB))
[2026-09-04 08:34:14] Sending TERM to wvfm2h5.py pid=3257785
[2026-09-04 08:34:14] Sending TERM to batch pid=3252585
[2026-09-04 08:34:27] Batch stopped. Checkpoint saved to /exp/sbnd/app/users/munjung/anomaly-detection/logs/wvfm2h5_checkpoint_offbeamlight_tpc1.txt
[2026-09-04 08:34:27] Cooling down for 60s before resume
[2026-09-04 08:35:28] PROGRESS done=512/514 converted=42 workers=1/0 active current='Converting 86414795_112 at Fri Sep  4 07:59:30 AM CDT 2026;Converting 86414790_107 at Fri Sep  4 08:04:00 AM CDT 2026;Converting 86414795_112 at Fri Sep  4 08:04:32 AM CDT 2026;' user_mem=6.36GiB(5.1%) job_mem=0.01GiB sys_used=41.8% mem_avail=72.9GiB zombies=0 batch_running=no
[2026-09-04 08:35:28] STARTING batch from checkpoint
[2026-09-04 08:35:28] Started batch pid=3260886
[2026-09-04 08:40:30] PROGRESS done=512/514 converted=42 workers=1/0 active current='Converting 86414795_112 at Fri Sep  4 08:04:32 AM CDT 2026;Converting 86414790_107 at Fri Sep  4 08:35:29 AM CDT 2026;Converting 86414795_112 at Fri Sep  4 08:36:07 AM CDT 2026;' user_mem=6.43GiB(5.1%) job_mem=0.01GiB sys_used=9.0% mem_avail=113.9GiB zombies=0 batch_running=no
[2026-09-04 08:40:31] STARTING batch from checkpoint
[2026-09-04 08:40:31] Started batch pid=3273493
[2026-09-04 08:45:33] PROGRESS done=512/514 converted=42 workers=1/0 active current='Converting 86414795_112 at Fri Sep  4 08:36:07 AM CDT 2026;Converting 86414790_107 at Fri Sep  4 08:40:31 AM CDT 2026;Converting 86414795_112 at Fri Sep  4 08:41:04 AM CDT 2026;' user_mem=6.36GiB(5.1%) job_mem=0.01GiB sys_used=8.6% mem_avail=114.4GiB zombies=0 batch_running=no
[2026-09-04 08:45:34] STARTING batch from checkpoint
[2026-09-04 08:45:34] Started batch pid=3285436
[2026-09-04 08:50:35] PROGRESS done=512/514 converted=42 workers=1/0 active current='Converting 86414795_112 at Fri Sep  4 08:41:04 AM CDT 2026;Converting 86414790_107 at Fri Sep  4 08:45:34 AM CDT 2026;Converting 86414795_112 at Fri Sep  4 08:46:07 AM CDT 2026;' user_mem=6.54GiB(5.2%) job_mem=0.01GiB sys_used=8.8% mem_avail=114.2GiB zombies=0 batch_running=no
[2026-09-04 08:50:36] STARTING batch from checkpoint
[2026-09-04 08:50:36] Started batch pid=3294838
[2026-09-04 08:55:38] PROGRESS done=512/514 converted=42 workers=1/0 active current='Converting 86414795_112 at Fri Sep  4 08:46:07 AM CDT 2026;Converting 86414790_107 at Fri Sep  4 08:50:37 AM CDT 2026;Converting 86414795_112 at Fri Sep  4 08:51:09 AM CDT 2026;' user_mem=6.41GiB(5.1%) job_mem=0.01GiB sys_used=8.7% mem_avail=114.3GiB zombies=0 batch_running=no
[2026-09-04 08:55:39] STARTING batch from checkpoint
[2026-09-04 08:55:39] Started batch pid=3301465
[2026-09-04 09:00:41] PROGRESS done=512/514 converted=42 workers=1/0 active current='Converting 86414795_112 at Fri Sep  4 08:51:09 AM CDT 2026;Converting 86414790_107 at Fri Sep  4 08:55:39 AM CDT 2026;Converting 86414795_112 at Fri Sep  4 08:56:12 AM CDT 2026;' user_mem=6.64GiB(5.3%) job_mem=0.01GiB sys_used=8.8% mem_avail=114.2GiB zombies=0 batch_running=no
[2026-09-04 09:00:42] STARTING batch from checkpoint
[2026-09-04 09:00:42] Started batch pid=3311728
[2026-09-04 09:05:43] PROGRESS done=512/514 converted=42 workers=1/0 active current='Converting 86414795_112 at Fri Sep  4 08:56:12 AM CDT 2026;Converting 86414790_107 at Fri Sep  4 09:00:42 AM CDT 2026;Converting 86414795_112 at Fri Sep  4 09:01:15 AM CDT 2026;' user_mem=6.49GiB(5.2%) job_mem=0.01GiB sys_used=9.0% mem_avail=113.9GiB zombies=0 batch_running=no
[2026-09-04 09:05:44] STARTING batch from checkpoint
[2026-09-04 09:05:44] Started batch pid=3323316
[2026-09-04 09:10:46] PROGRESS done=512/514 converted=42 workers=1/0 active current='Converting 86414795_112 at Fri Sep  4 09:01:15 AM CDT 2026;Converting 86414790_107 at Fri Sep  4 09:05:44 AM CDT 2026;Converting 86414795_112 at Fri Sep  4 09:06:17 AM CDT 2026;' user_mem=6.50GiB(5.2%) job_mem=0.01GiB sys_used=9.0% mem_avail=113.9GiB zombies=0 batch_running=no
[2026-09-04 09:10:47] STARTING batch from checkpoint
[2026-09-04 09:10:47] Started batch pid=3336511
[2026-09-04 09:15:48] PROGRESS done=512/514 converted=42 workers=1/0 active current='Converting 86414795_112 at Fri Sep  4 09:06:17 AM CDT 2026;Converting 86414790_107 at Fri Sep  4 09:10:47 AM CDT 2026;Converting 86414795_112 at Fri Sep  4 09:11:20 AM CDT 2026;' user_mem=6.25GiB(5.0%) job_mem=0.01GiB sys_used=8.6% mem_avail=114.4GiB zombies=0 batch_running=no
[2026-09-04 09:15:49] STARTING batch from checkpoint
[2026-09-04 09:15:49] Started batch pid=3346442
[2026-09-04 09:20:51] PROGRESS done=512/514 converted=42 workers=1/0 active current='Converting 86414795_112 at Fri Sep  4 09:11:20 AM CDT 2026;Converting 86414790_107 at Fri Sep  4 09:15:50 AM CDT 2026;Converting 86414795_112 at Fri Sep  4 09:16:22 AM CDT 2026;' user_mem=6.15GiB(4.9%) job_mem=0.01GiB sys_used=8.6% mem_avail=114.4GiB zombies=0 batch_running=no
[2026-09-04 09:20:52] STARTING batch from checkpoint
[2026-09-04 09:20:52] Started batch pid=3356500
[2026-09-04 09:25:54] PROGRESS done=512/514 converted=42 workers=1/0 active current='Converting 86414795_112 at Fri Sep  4 09:16:22 AM CDT 2026;Converting 86414790_107 at Fri Sep  4 09:20:52 AM CDT 2026;Converting 86414795_112 at Fri Sep  4 09:21:25 AM CDT 2026;' user_mem=6.35GiB(5.1%) job_mem=0.01GiB sys_used=8.8% mem_avail=114.2GiB zombies=0 batch_running=no
[2026-09-04 09:25:55] STARTING batch from checkpoint
[2026-09-04 09:25:55] Started batch pid=3366599
[2026-09-04 09:30:56] PROGRESS done=512/514 converted=42 workers=1/0 active current='Converting 86414795_112 at Fri Sep  4 09:21:25 AM CDT 2026;Converting 86414790_107 at Fri Sep  4 09:25:55 AM CDT 2026;Converting 86414795_112 at Fri Sep  4 09:26:28 AM CDT 2026;' user_mem=6.47GiB(5.2%) job_mem=0.01GiB sys_used=9.3% mem_avail=113.5GiB zombies=0 batch_running=no
[2026-09-04 09:30:57] STARTING batch from checkpoint
[2026-09-04 09:30:57] Started batch pid=3377487
[2026-09-04 09:35:59] PROGRESS done=512/514 converted=42 workers=1/0 active current='Converting 86414795_112 at Fri Sep  4 09:26:28 AM CDT 2026;Converting 86414790_107 at Fri Sep  4 09:30:57 AM CDT 2026;Converting 86414795_112 at Fri Sep  4 09:31:30 AM CDT 2026;' user_mem=6.53GiB(5.2%) job_mem=0.01GiB sys_used=8.7% mem_avail=114.3GiB zombies=0 batch_running=no
[2026-09-04 09:36:00] STARTING batch from checkpoint
[2026-09-04 09:36:00] Started batch pid=3387025
[2026-09-04 09:41:02] PROGRESS done=512/514 converted=42 workers=1/0 active current='Converting 86414795_112 at Fri Sep  4 09:31:30 AM CDT 2026;Converting 86414790_107 at Fri Sep  4 09:36:00 AM CDT 2026;Converting 86414795_112 at Fri Sep  4 09:36:33 AM CDT 2026;' user_mem=6.46GiB(5.2%) job_mem=0.01GiB sys_used=12.6% mem_avail=109.4GiB zombies=0 batch_running=no
[2026-09-04 09:41:03] STARTING batch from checkpoint
[2026-09-04 09:41:03] Started batch pid=3397751
[2026-09-04 09:46:05] PROGRESS done=512/514 converted=42 workers=1/0 active current='Converting 86414795_112 at Fri Sep  4 09:36:33 AM CDT 2026;Converting 86414790_107 at Fri Sep  4 09:41:03 AM CDT 2026;Converting 86414795_112 at Fri Sep  4 09:41:36 AM CDT 2026;' user_mem=6.45GiB(5.2%) job_mem=0.01GiB sys_used=9.2% mem_avail=113.6GiB zombies=0 batch_running=no
[2026-09-04 09:46:06] STARTING batch from checkpoint
[2026-09-04 09:46:06] Started batch pid=3407479
[2026-09-04 09:51:07] PROGRESS done=512/514 converted=42 workers=1/0 active current='Converting 86414795_112 at Fri Sep  4 09:41:36 AM CDT 2026;Converting 86414790_107 at Fri Sep  4 09:46:06 AM CDT 2026;Converting 86414795_112 at Fri Sep  4 09:46:39 AM CDT 2026;' user_mem=6.43GiB(5.1%) job_mem=0.01GiB sys_used=8.9% mem_avail=114.0GiB zombies=0 batch_running=no
[2026-09-04 09:51:08] STARTING batch from checkpoint
[2026-09-04 09:51:08] Started batch pid=3418338
[2026-09-04 09:56:11] PROGRESS done=512/514 converted=42 workers=1/0 active current='Converting 86414795_112 at Fri Sep  4 09:46:39 AM CDT 2026;Converting 86414790_107 at Fri Sep  4 09:51:08 AM CDT 2026;Converting 86414795_112 at Fri Sep  4 09:51:41 AM CDT 2026;' user_mem=6.50GiB(5.2%) job_mem=0.01GiB sys_used=12.3% mem_avail=109.8GiB zombies=0 batch_running=no
[2026-09-04 09:56:12] STARTING batch from checkpoint
[2026-09-04 09:56:12] Started batch pid=3426619
[2026-09-04 10:01:18] PROGRESS done=512/514 converted=42 workers=1/1 active current='Converting 86414795_112 at Fri Sep  4 09:51:41 AM CDT 2026;Converting 86414790_107 at Fri Sep  4 09:56:12 AM CDT 2026;Converting 86414795_112 at Fri Sep  4 09:56:46 AM CDT 2026;' user_mem=16.02GiB(12.8%) job_mem=9.68GiB sys_used=77.8% mem_avail=27.7GiB zombies=0 batch_running=yes
[2026-09-04 10:06:22] PROGRESS done=512/514 converted=42 workers=1/0 active current='Converting 86414795_112 at Fri Sep  4 09:51:41 AM CDT 2026;Converting 86414790_107 at Fri Sep  4 09:56:12 AM CDT 2026;Converting 86414795_112 at Fri Sep  4 09:56:46 AM CDT 2026;' user_mem=6.36GiB(5.1%) job_mem=0.01GiB sys_used=70.7% mem_avail=36.6GiB zombies=0 batch_running=no
[2026-09-04 10:06:24] STARTING batch from checkpoint
[2026-09-04 10:06:24] Started batch pid=3444195
[2026-09-04 10:11:26] PROGRESS done=512/514 converted=42 workers=1/1 active current='Converting 86414795_112 at Fri Sep  4 09:56:46 AM CDT 2026;Converting 86414790_107 at Fri Sep  4 10:06:24 AM CDT 2026;Converting 86414795_112 at Fri Sep  4 10:07:03 AM CDT 2026;' user_mem=19.72GiB(15.7%) job_mem=13.68GiB sys_used=79.8% mem_avail=25.3GiB zombies=0 batch_running=yes
[2026-09-04 10:11:27] STOPPING batch (memory limit (user_mem=15.8%, job_mem=13.79GiB, limits=30%/12GiB))
[2026-09-04 10:11:27] Sending TERM to wvfm2h5.py pid=3447660
[2026-09-04 10:11:27] Sending TERM to batch pid=3447613
[2026-09-04 10:11:40] Batch stopped. Checkpoint saved to /exp/sbnd/app/users/munjung/anomaly-detection/logs/wvfm2h5_checkpoint_offbeamlight_tpc1.txt
[2026-09-04 10:11:40] Cooling down for 60s before resume
[2026-09-04 10:12:42] PROGRESS done=512/514 converted=42 workers=1/0 active current='Converting 86414795_112 at Fri Sep  4 09:56:46 AM CDT 2026;Converting 86414790_107 at Fri Sep  4 10:06:24 AM CDT 2026;Converting 86414795_112 at Fri Sep  4 10:07:03 AM CDT 2026;' user_mem=6.09GiB(4.9%) job_mem=0.01GiB sys_used=69.3% mem_avail=38.4GiB zombies=0 batch_running=no
[2026-09-04 10:12:42] STARTING batch from checkpoint
[2026-09-04 10:12:42] Started batch pid=3455659
[2026-09-04 10:17:45] PROGRESS done=512/514 converted=42 workers=1/1 active current='Converting 86414795_112 at Fri Sep  4 10:07:03 AM CDT 2026;Converting 86414790_107 at Fri Sep  4 10:12:43 AM CDT 2026;Converting 86414795_112 at Fri Sep  4 10:13:17 AM CDT 2026;' user_mem=13.07GiB(10.4%) job_mem=6.94GiB sys_used=75.5% mem_avail=30.6GiB zombies=0 batch_running=yes
[2026-09-04 10:22:48] PROGRESS done=512/514 converted=42 workers=1/0 active current='Converting 86414795_112 at Fri Sep  4 10:07:03 AM CDT 2026;Converting 86414790_107 at Fri Sep  4 10:12:43 AM CDT 2026;Converting 86414795_112 at Fri Sep  4 10:13:17 AM CDT 2026;' user_mem=6.11GiB(4.9%) job_mem=0.01GiB sys_used=69.2% mem_avail=38.6GiB zombies=0 batch_running=no
[2026-09-04 10:22:50] STARTING batch from checkpoint
[2026-09-04 10:22:50] Started batch pid=3472781
[2026-09-04 10:27:52] PROGRESS done=512/514 converted=42 workers=1/0 active current='Converting 86414795_112 at Fri Sep  4 10:13:17 AM CDT 2026;Converting 86414790_107 at Fri Sep  4 10:22:50 AM CDT 2026;Converting 86414795_112 at Fri Sep  4 10:23:25 AM CDT 2026;' user_mem=6.27GiB(5.0%) job_mem=0.01GiB sys_used=17.9% mem_avail=102.7GiB zombies=0 batch_running=no
[2026-09-04 10:27:53] STARTING batch from checkpoint
[2026-09-04 10:27:53] Started batch pid=3483666
[2026-09-04 10:32:56] PROGRESS done=512/514 converted=42 workers=1/0 active current='Converting 86414795_112 at Fri Sep  4 10:23:25 AM CDT 2026;Converting 86414790_107 at Fri Sep  4 10:27:54 AM CDT 2026;Converting 86414795_112 at Fri Sep  4 10:28:27 AM CDT 2026;' user_mem=6.18GiB(4.9%) job_mem=0.01GiB sys_used=32.4% mem_avail=84.6GiB zombies=0 batch_running=no
[2026-09-04 10:32:57] STARTING batch from checkpoint
[2026-09-04 10:32:57] Started batch pid=3494598
[2026-09-04 10:38:00] PROGRESS done=512/514 converted=42 workers=1/0 active current='Converting 86414795_112 at Fri Sep  4 10:28:27 AM CDT 2026;Converting 86414790_107 at Fri Sep  4 10:32:58 AM CDT 2026;Converting 86414795_112 at Fri Sep  4 10:33:31 AM CDT 2026;' user_mem=6.29GiB(5.0%) job_mem=0.01GiB sys_used=33.0% mem_avail=83.8GiB zombies=0 batch_running=no
[2026-09-04 10:38:01] STARTING batch from checkpoint
[2026-09-04 10:38:01] Started batch pid=3505199
[2026-09-04 10:43:04] PROGRESS done=512/514 converted=42 workers=1/0 active current='Converting 86414795_112 at Fri Sep  4 10:33:31 AM CDT 2026;Converting 86414790_107 at Fri Sep  4 10:38:02 AM CDT 2026;Converting 86414795_112 at Fri Sep  4 10:38:36 AM CDT 2026;' user_mem=6.31GiB(5.0%) job_mem=0.01GiB sys_used=34.8% mem_avail=81.5GiB zombies=0 batch_running=no
[2026-09-04 10:43:05] STARTING batch from checkpoint
[2026-09-04 10:43:05] Started batch pid=3514817
[2026-09-04 10:48:08] PROGRESS done=512/514 converted=42 workers=1/0 active current='Converting 86414795_112 at Fri Sep  4 10:38:36 AM CDT 2026;Converting 86414790_107 at Fri Sep  4 10:43:06 AM CDT 2026;Converting 86414795_112 at Fri Sep  4 10:43:39 AM CDT 2026;' user_mem=6.34GiB(5.1%) job_mem=0.01GiB sys_used=34.9% mem_avail=81.5GiB zombies=0 batch_running=no
[2026-09-04 10:48:09] STARTING batch from checkpoint
[2026-09-04 10:48:09] Started batch pid=3523654
[2026-09-04 10:53:12] PROGRESS done=512/514 converted=42 workers=1/0 active current='Converting 86414795_112 at Fri Sep  4 10:43:39 AM CDT 2026;Converting 86414790_107 at Fri Sep  4 10:48:09 AM CDT 2026;Converting 86414795_112 at Fri Sep  4 10:48:43 AM CDT 2026;' user_mem=6.28GiB(5.0%) job_mem=0.01GiB sys_used=33.8% mem_avail=82.8GiB zombies=0 batch_running=no
[2026-09-04 10:53:13] STARTING batch from checkpoint
[2026-09-04 10:53:13] Started batch pid=3530721
[2026-09-04 10:58:16] PROGRESS done=512/514 converted=42 workers=1/0 active current='Converting 86414795_112 at Fri Sep  4 10:48:43 AM CDT 2026;Converting 86414790_107 at Fri Sep  4 10:53:14 AM CDT 2026;Converting 86414795_112 at Fri Sep  4 10:53:47 AM CDT 2026;' user_mem=6.37GiB(5.1%) job_mem=0.01GiB sys_used=34.9% mem_avail=81.5GiB zombies=0 batch_running=no
[2026-09-04 10:58:17] STARTING batch from checkpoint
[2026-09-04 10:58:17] Started batch pid=3537829
[2026-09-04 11:03:19] PROGRESS done=512/514 converted=42 workers=1/1 active current='Converting 86414795_112 at Fri Sep  4 10:53:47 AM CDT 2026;Converting 86414790_107 at Fri Sep  4 10:58:18 AM CDT 2026;Converting 86414795_112 at Fri Sep  4 10:58:51 AM CDT 2026;' user_mem=17.97GiB(14.4%) job_mem=11.63GiB sys_used=63.8% mem_avail=45.3GiB zombies=0 batch_running=yes
[2026-09-04 11:08:23] PROGRESS done=512/514 converted=42 workers=1/0 active current='Converting 86414795_112 at Fri Sep  4 10:53:47 AM CDT 2026;Converting 86414790_107 at Fri Sep  4 10:58:18 AM CDT 2026;Converting 86414795_112 at Fri Sep  4 10:58:51 AM CDT 2026;' user_mem=6.38GiB(5.1%) job_mem=0.01GiB sys_used=60.1% mem_avail=50.0GiB zombies=0 batch_running=no
[2026-09-04 11:08:25] STARTING batch from checkpoint
[2026-09-04 11:08:25] Started batch pid=3556129
[2026-09-04 11:13:27] PROGRESS done=512/514 converted=42 workers=1/1 active current='Converting 86414795_112 at Fri Sep  4 10:58:51 AM CDT 2026;Converting 86414790_107 at Fri Sep  4 11:08:25 AM CDT 2026;Converting 86414795_112 at Fri Sep  4 11:09:04 AM CDT 2026;' user_mem=20.80GiB(16.6%) job_mem=14.53GiB sys_used=62.7% mem_avail=46.6GiB zombies=0 batch_running=yes
[2026-09-04 11:18:34] PROGRESS done=512/514 converted=42 workers=1/1 active current='Converting 86414795_112 at Fri Sep  4 10:58:51 AM CDT 2026;Converting 86414790_107 at Fri Sep  4 11:08:25 AM CDT 2026;Converting 86414795_112 at Fri Sep  4 11:09:04 AM CDT 2026;' user_mem=19.80GiB(15.8%) job_mem=14.10GiB sys_used=91.7% mem_avail=10.4GiB zombies=0 batch_running=yes
[2026-09-04 11:18:36] STOPPING batch (memory limit (user_mem=15.9%, job_mem=14.26GiB, limits=30%/12GiB))
[2026-09-04 11:18:37] Sending TERM to wvfm2h5.py pid=3570891
[2026-09-04 11:18:37] Sending TERM to batch pid=3565020
[2026-09-04 11:18:49] Batch stopped. Checkpoint saved to /exp/sbnd/app/users/munjung/anomaly-detection/logs/wvfm2h5_checkpoint_offbeamlight_tpc1.txt
[2026-09-04 11:18:49] Cooling down for 60s before resume
[2026-09-04 11:19:53] PROGRESS done=512/514 converted=42 workers=1/1 active current='Converting 86414795_112 at Fri Sep  4 10:58:51 AM CDT 2026;Converting 86414790_107 at Fri Sep  4 11:08:25 AM CDT 2026;Converting 86414795_112 at Fri Sep  4 11:09:04 AM CDT 2026;' user_mem=7.96GiB(6.4%) job_mem=2.20GiB sys_used=91.1% mem_avail=11.1GiB zombies=0 batch_running=yes
[2026-09-04 11:19:53] Batch already running; not starting another instance
[2026-09-04 11:27:03] PROGRESS done=512/514 converted=42 workers=1/1 active current='Converting 86414795_112 at Fri Sep  4 10:58:51 AM CDT 2026;Converting 86414790_107 at Fri Sep  4 11:08:25 AM CDT 2026;Converting 86414795_112 at Fri Sep  4 11:09:04 AM CDT 2026;' user_mem=19.34GiB(15.4%) job_mem=13.76GiB sys_used=77.3% mem_avail=28.4GiB zombies=0 batch_running=yes
[2026-09-04 11:27:04] STOPPING batch (memory limit (user_mem=15.8%, job_mem=14.22GiB, limits=30%/12GiB))
[2026-09-04 11:27:05] Sending TERM to wvfm2h5.py pid=3578896
[2026-09-04 11:27:05] Sending TERM to batch pid=3578831
[2026-09-04 11:27:15] Sending KILL to wvfm2h5.py pid=3593432
[2026-09-04 11:27:15] Sending KILL to batch pid=3593274
[2026-09-04 11:27:15] Sending KILL to batch pid=3593956
[2026-09-04 11:27:17] Batch stopped. Checkpoint saved to /exp/sbnd/app/users/munjung/anomaly-detection/logs/wvfm2h5_checkpoint_offbeamlight_tpc1.txt
[2026-09-04 11:27:17] Cooling down for 60s before resume
[2026-09-04 11:28:19] PROGRESS done=512/514 converted=42 workers=1/0 active current='Converting 86414795_112 at Fri Sep  4 10:58:51 AM CDT 2026;Converting 86414790_107 at Fri Sep  4 11:08:25 AM CDT 2026;Converting 86414795_112 at Fri Sep  4 11:09:04 AM CDT 2026;' user_mem=5.75GiB(4.6%) job_mem=0.01GiB sys_used=45.1% mem_avail=68.7GiB zombies=0 batch_running=no
[2026-09-04 11:28:19] STARTING batch from checkpoint
[2026-09-04 11:28:19] Started batch pid=3598095
[2026-09-04 11:33:20] PROGRESS done=512/514 converted=42 workers=1/1 active current='Converting 86414795_112 at Fri Sep  4 11:09:04 AM CDT 2026;Converting 86414790_107 at Fri Sep  4 11:28:19 AM CDT 2026;Converting 86414795_112 at Fri Sep  4 11:28:55 AM CDT 2026;' user_mem=19.12GiB(15.3%) job_mem=13.07GiB sys_used=52.4% mem_avail=59.6GiB zombies=0 batch_running=yes
[2026-09-04 11:33:21] STOPPING batch (memory limit (user_mem=15.4%, job_mem=13.25GiB, limits=30%/12GiB))
[2026-09-04 11:33:22] Sending TERM to wvfm2h5.py pid=3606294
[2026-09-04 11:33:22] Sending TERM to batch pid=3606252
[2026-09-04 11:33:34] Batch stopped. Checkpoint saved to /exp/sbnd/app/users/munjung/anomaly-detection/logs/wvfm2h5_checkpoint_offbeamlight_tpc1.txt
[2026-09-04 11:33:34] Cooling down for 60s before resume
[2026-09-04 11:34:36] PROGRESS done=512/514 converted=42 workers=1/0 active current='Converting 86414795_112 at Fri Sep  4 11:09:04 AM CDT 2026;Converting 86414790_107 at Fri Sep  4 11:28:19 AM CDT 2026;Converting 86414795_112 at Fri Sep  4 11:28:55 AM CDT 2026;' user_mem=6.21GiB(5.0%) job_mem=0.01GiB sys_used=18.3% mem_avail=102.3GiB zombies=0 batch_running=no
[2026-09-04 11:34:36] STARTING batch from checkpoint
[2026-09-04 11:34:36] Started batch pid=3611495
[2026-09-04 11:39:37] PROGRESS done=512/514 converted=42 workers=1/0 active current='Converting 86414795_112 at Fri Sep  4 11:28:55 AM CDT 2026;Converting 86414790_107 at Fri Sep  4 11:34:36 AM CDT 2026;Converting 86414795_112 at Fri Sep  4 11:35:09 AM CDT 2026;' user_mem=6.32GiB(5.1%) job_mem=0.01GiB sys_used=8.5% mem_avail=114.4GiB zombies=0 batch_running=yes
[2026-09-04 11:44:39] PROGRESS done=512/514 converted=42 workers=1/0 active current='Converting 86414795_112 at Fri Sep  4 11:28:55 AM CDT 2026;Converting 86414790_107 at Fri Sep  4 11:34:36 AM CDT 2026;Converting 86414795_112 at Fri Sep  4 11:35:09 AM CDT 2026;' user_mem=6.36GiB(5.1%) job_mem=0.01GiB sys_used=8.3% mem_avail=114.7GiB zombies=0 batch_running=yes
[2026-09-04 11:49:41] PROGRESS done=512/514 converted=42 workers=1/0 active current='Converting 86414795_112 at Fri Sep  4 11:28:55 AM CDT 2026;Converting 86414790_107 at Fri Sep  4 11:34:36 AM CDT 2026;Converting 86414795_112 at Fri Sep  4 11:35:09 AM CDT 2026;' user_mem=6.36GiB(5.1%) job_mem=0.01GiB sys_used=8.2% mem_avail=114.9GiB zombies=0 batch_running=yes
[2026-09-04 11:54:43] PROGRESS done=512/514 converted=42 workers=1/0 active current='Converting 86414795_112 at Fri Sep  4 11:28:55 AM CDT 2026;Converting 86414790_107 at Fri Sep  4 11:34:36 AM CDT 2026;Converting 86414795_112 at Fri Sep  4 11:35:09 AM CDT 2026;' user_mem=6.45GiB(5.2%) job_mem=0.01GiB sys_used=8.5% mem_avail=114.5GiB zombies=0 batch_running=yes
[2026-09-04 11:59:45] PROGRESS done=512/514 converted=42 workers=1/0 active current='Converting 86414795_112 at Fri Sep  4 11:28:55 AM CDT 2026;Converting 86414790_107 at Fri Sep  4 11:34:36 AM CDT 2026;Converting 86414795_112 at Fri Sep  4 11:35:09 AM CDT 2026;' user_mem=6.51GiB(5.2%) job_mem=0.01GiB sys_used=8.4% mem_avail=114.6GiB zombies=0 batch_running=yes
[2026-09-04 12:04:47] PROGRESS done=512/514 converted=42 workers=1/0 active current='Converting 86414795_112 at Fri Sep  4 11:28:55 AM CDT 2026;Converting 86414790_107 at Fri Sep  4 11:34:36 AM CDT 2026;Converting 86414795_112 at Fri Sep  4 11:35:09 AM CDT 2026;' user_mem=6.47GiB(5.2%) job_mem=0.01GiB sys_used=8.4% mem_avail=114.7GiB zombies=0 batch_running=yes
[2026-09-04 12:09:50] PROGRESS done=512/514 converted=42 workers=1/0 active current='Converting 86414795_112 at Fri Sep  4 11:28:55 AM CDT 2026;Converting 86414790_107 at Fri Sep  4 11:34:36 AM CDT 2026;Converting 86414795_112 at Fri Sep  4 11:35:09 AM CDT 2026;' user_mem=6.51GiB(5.2%) job_mem=0.01GiB sys_used=8.2% mem_avail=114.9GiB zombies=0 batch_running=yes
[2026-09-04 12:14:52] PROGRESS done=512/514 converted=42 workers=1/1 active current='Converting 86414795_112 at Fri Sep  4 11:28:55 AM CDT 2026;Converting 86414790_107 at Fri Sep  4 11:34:36 AM CDT 2026;Converting 86414795_112 at Fri Sep  4 11:35:09 AM CDT 2026;' user_mem=15.07GiB(12.0%) job_mem=8.52GiB sys_used=15.1% mem_avail=106.2GiB zombies=0 batch_running=yes
[2026-09-04 12:19:54] PROGRESS done=512/514 converted=42 workers=1/1 active current='Converting 86414795_112 at Fri Sep  4 11:28:55 AM CDT 2026;Converting 86414790_107 at Fri Sep  4 11:34:36 AM CDT 2026;Converting 86414795_112 at Fri Sep  4 11:35:09 AM CDT 2026;' user_mem=20.29GiB(16.2%) job_mem=13.76GiB sys_used=19.3% mem_avail=101.0GiB zombies=0 batch_running=yes
[2026-09-04 12:19:54] STOPPING batch (memory limit (user_mem=16.5%, job_mem=14.11GiB, limits=30%/12GiB))
[2026-09-04 12:19:55] Sending TERM to wvfm2h5.py pid=3686690
[2026-09-04 12:19:55] Sending TERM to batch pid=3684851
[2026-09-04 12:20:07] Batch stopped. Checkpoint saved to /exp/sbnd/app/users/munjung/anomaly-detection/logs/wvfm2h5_checkpoint_offbeamlight_tpc1.txt
[2026-09-04 12:20:07] Cooling down for 60s before resume
[2026-09-04 12:21:09] PROGRESS done=512/514 converted=42 workers=1/0 active current='Converting 86414795_112 at Fri Sep  4 11:28:55 AM CDT 2026;Converting 86414790_107 at Fri Sep  4 11:34:36 AM CDT 2026;Converting 86414795_112 at Fri Sep  4 11:35:09 AM CDT 2026;' user_mem=6.56GiB(5.2%) job_mem=0.01GiB sys_used=8.3% mem_avail=114.7GiB zombies=0 batch_running=no
[2026-09-04 12:21:09] STARTING batch from checkpoint
[2026-09-04 12:21:09] Started batch pid=3691219
[2026-09-04 12:26:10] PROGRESS done=512/514 converted=42 workers=1/0 active current='Converting 86414795_112 at Fri Sep  4 11:35:09 AM CDT 2026;Converting 86414790_107 at Fri Sep  4 12:21:09 PM CDT 2026;Converting 86414795_112 at Fri Sep  4 12:21:43 PM CDT 2026;' user_mem=6.52GiB(5.2%) job_mem=0.01GiB sys_used=8.1% mem_avail=115.0GiB zombies=0 batch_running=no
[2026-09-04 12:26:11] STARTING batch from checkpoint
[2026-09-04 12:26:11] Started batch pid=3699986
[2026-09-04 12:31:13] PROGRESS done=512/514 converted=42 workers=1/0 active current='Converting 86414795_112 at Fri Sep  4 12:21:43 PM CDT 2026;Converting 86414790_107 at Fri Sep  4 12:26:12 PM CDT 2026;Converting 86414795_112 at Fri Sep  4 12:26:44 PM CDT 2026;' user_mem=10.10GiB(8.1%) job_mem=0.01GiB sys_used=14.8% mem_avail=106.6GiB zombies=0 batch_running=no
[2026-09-04 12:31:14] STARTING batch from checkpoint
[2026-09-04 12:31:14] Started batch pid=3712005
[2026-09-04 12:36:16] PROGRESS done=512/514 converted=42 workers=1/0 active current='Converting 86414795_112 at Fri Sep  4 12:26:44 PM CDT 2026;Converting 86414790_107 at Fri Sep  4 12:31:14 PM CDT 2026;Converting 86414795_112 at Fri Sep  4 12:31:47 PM CDT 2026;' user_mem=10.02GiB(8.0%) job_mem=0.01GiB sys_used=12.8% mem_avail=109.1GiB zombies=0 batch_running=no
[2026-09-04 12:36:17] STARTING batch from checkpoint
[2026-09-04 12:36:17] Started batch pid=3722179
[2026-09-04 12:41:18] PROGRESS done=512/514 converted=42 workers=1/0 active current='Converting 86414795_112 at Fri Sep  4 12:31:47 PM CDT 2026;Converting 86414790_107 at Fri Sep  4 12:36:17 PM CDT 2026;Converting 86414795_112 at Fri Sep  4 12:36:50 PM CDT 2026;' user_mem=10.10GiB(8.1%) job_mem=0.01GiB sys_used=12.7% mem_avail=109.3GiB zombies=0 batch_running=no
[2026-09-04 12:41:19] STARTING batch from checkpoint
[2026-09-04 12:41:19] Started batch pid=3730759
[2026-09-04 12:46:21] PROGRESS done=512/514 converted=42 workers=1/0 active current='Converting 86414795_112 at Fri Sep  4 12:36:50 PM CDT 2026;Converting 86414790_107 at Fri Sep  4 12:41:19 PM CDT 2026;Converting 86414795_112 at Fri Sep  4 12:41:52 PM CDT 2026;' user_mem=11.52GiB(9.2%) job_mem=0.01GiB sys_used=13.7% mem_avail=107.9GiB zombies=0 batch_running=no
[2026-09-04 12:46:22] STARTING batch from checkpoint
[2026-09-04 12:46:22] Started batch pid=3739775
[2026-09-04 12:51:23] PROGRESS done=512/514 converted=42 workers=1/0 active current='Converting 86414795_112 at Fri Sep  4 12:41:52 PM CDT 2026;Converting 86414790_107 at Fri Sep  4 12:46:22 PM CDT 2026;Converting 86414795_112 at Fri Sep  4 12:46:55 PM CDT 2026;' user_mem=12.04GiB(9.6%) job_mem=0.01GiB sys_used=15.7% mem_avail=105.4GiB zombies=0 batch_running=no
[2026-09-04 12:51:24] STARTING batch from checkpoint
[2026-09-04 12:51:24] Started batch pid=3751169
[2026-09-04 12:56:26] PROGRESS done=512/514 converted=42 workers=1/0 active current='Converting 86414795_112 at Fri Sep  4 12:46:55 PM CDT 2026;Converting 86414790_107 at Fri Sep  4 12:51:25 PM CDT 2026;Converting 86414795_112 at Fri Sep  4 12:51:57 PM CDT 2026;' user_mem=12.36GiB(9.9%) job_mem=0.01GiB sys_used=14.4% mem_avail=107.1GiB zombies=0 batch_running=no
[2026-09-04 12:56:27] STARTING batch from checkpoint
[2026-09-04 12:56:27] Started batch pid=3757010
[2026-09-04 13:01:29] PROGRESS done=512/514 converted=42 workers=1/0 active current='Converting 86414795_112 at Fri Sep  4 12:51:57 PM CDT 2026;Converting 86414790_107 at Fri Sep  4 12:56:27 PM CDT 2026;Converting 86414795_112 at Fri Sep  4 12:57:00 PM CDT 2026;' user_mem=12.29GiB(9.8%) job_mem=0.01GiB sys_used=14.9% mem_avail=106.5GiB zombies=0 batch_running=no
[2026-09-04 13:01:30] STARTING batch from checkpoint
[2026-09-04 13:01:30] Started batch pid=3768062
[2026-09-04 13:06:31] PROGRESS done=512/514 converted=42 workers=1/0 active current='Converting 86414795_112 at Fri Sep  4 12:57:00 PM CDT 2026;Converting 86414790_107 at Fri Sep  4 01:01:30 PM CDT 2026;Converting 86414795_112 at Fri Sep  4 01:02:03 PM CDT 2026;' user_mem=12.66GiB(10.1%) job_mem=0.01GiB sys_used=16.1% mem_avail=105.0GiB zombies=0 batch_running=no
[2026-09-04 13:06:32] STARTING batch from checkpoint
[2026-09-04 13:06:32] Started batch pid=3778833
[2026-09-04 13:11:34] PROGRESS done=512/514 converted=42 workers=1/0 active current='Converting 86414795_112 at Fri Sep  4 01:02:03 PM CDT 2026;Converting 86414790_107 at Fri Sep  4 01:06:32 PM CDT 2026;Converting 86414795_112 at Fri Sep  4 01:07:05 PM CDT 2026;' user_mem=14.44GiB(11.5%) job_mem=0.01GiB sys_used=16.3% mem_avail=104.7GiB zombies=0 batch_running=no
[2026-09-04 13:11:35] STARTING batch from checkpoint
[2026-09-04 13:11:35] Started batch pid=3923060
[2026-09-04 13:16:36] PROGRESS done=512/514 converted=42 workers=1/0 active current='Converting 86414795_112 at Fri Sep  4 01:07:05 PM CDT 2026;Converting 86414790_107 at Fri Sep  4 01:11:35 PM CDT 2026;Converting 86414795_112 at Fri Sep  4 01:12:08 PM CDT 2026;' user_mem=14.97GiB(12.0%) job_mem=0.01GiB sys_used=16.7% mem_avail=104.2GiB zombies=0 batch_running=no
[2026-09-04 13:16:38] STARTING batch from checkpoint
[2026-09-04 13:16:38] Started batch pid=3932967
[2026-09-04 13:21:39] PROGRESS done=512/514 converted=42 workers=1/0 active current='Converting 86414795_112 at Fri Sep  4 01:12:08 PM CDT 2026;Converting 86414790_107 at Fri Sep  4 01:16:38 PM CDT 2026;Converting 86414795_112 at Fri Sep  4 01:17:11 PM CDT 2026;' user_mem=14.94GiB(11.9%) job_mem=0.01GiB sys_used=16.5% mem_avail=104.5GiB zombies=0 batch_running=no
[2026-09-04 13:21:40] STARTING batch from checkpoint
[2026-09-04 13:21:40] Started batch pid=3943637
[2026-09-04 13:26:42] PROGRESS done=512/514 converted=42 workers=1/0 active current='Converting 86414795_112 at Fri Sep  4 01:17:11 PM CDT 2026;Converting 86414790_107 at Fri Sep  4 01:21:40 PM CDT 2026;Converting 86414795_112 at Fri Sep  4 01:22:13 PM CDT 2026;' user_mem=15.68GiB(12.5%) job_mem=0.01GiB sys_used=18.9% mem_avail=101.5GiB zombies=0 batch_running=no
[2026-09-04 13:26:43] STARTING batch from checkpoint
[2026-09-04 13:26:43] Started batch pid=4064689
