Starting batch (crossingmuon, tpc=1) at Thu Sep  3 01:03:55 PM CDT 2026 parallel=0 workers=1 pause_every=1
Input:  /pnfs/sbnd/scratch/users/munjung/v10_06_00/data_MCP2025B_CrossingMuon_FullRun1_AfterLight_8_crossingmuon/waveforms
Output: /pnfs/sbnd/scratch/users/munjung/v10_06_00/data_MCP2025B_CrossingMuon_FullRun1_AfterLight_8_crossingmuon/h5 (g4-raw-1_*.h5)
User memory budget: 37 GiB, currently used: 8 GiB
SKIP (no waveform.root): 71789146_start
PAUSE after 1 conversions: cooldown 30s + cleanup
SKIP (no waveform.root): 71789149_2
PAUSE after 1 conversions: cooldown 30s + cleanup
Starting batch (crossingmuon, tpc=1) at Thu Sep  3 01:04:51 PM CDT 2026 parallel=0 workers=1 pause_every=1
Input:  /pnfs/sbnd/scratch/users/munjung/v10_06_00/data_MCP2025B_CrossingMuon_FullRun1_AfterLight_8_crossingmuon/waveforms
Output: /pnfs/sbnd/scratch/users/munjung/v10_06_00/data_MCP2025B_CrossingMuon_FullRun1_AfterLight_8_crossingmuon/h5 (g4-raw-1_*.h5)
User memory budget: 37 GiB, currently used: 8 GiB
SKIP (no waveform.root): 71789151_4
Converting 71789160_13 at Thu Sep  3 01:04:51 PM CDT 2026
Starting batch (crossingmuon, tpc=1) at Thu Sep  3 01:09:19 PM CDT 2026 parallel=0 workers=1 pause_every=1
Input:  /pnfs/sbnd/scratch/users/munjung/v10_06_00/data_MCP2025B_CrossingMuon_FullRun1_AfterLight_8_crossingmuon/waveforms
Output: /pnfs/sbnd/scratch/users/munjung/v10_06_00/data_MCP2025B_CrossingMuon_FullRun1_AfterLight_8_crossingmuon/h5 (g4-raw-1_*.h5)
User memory budget: 37 GiB, currently used: 8 GiB
Converting 71789160_13 at Thu Sep  3 01:09:20 PM CDT 2026
DONE 71789160_13 at Thu Sep  3 01:16:24 PM CDT 2026
PAUSE after 1 conversions: cooldown 30s + cleanup
SKIP (no waveform.root): 71789164_17
SKIP (no waveform.root): 71789172_25
Converting 71789174_27 at Thu Sep  3 01:16:56 PM CDT 2026
DONE 71789174_27 at Thu Sep  3 01:23:15 PM CDT 2026
PAUSE after 1 conversions: cooldown 30s + cleanup
Converting 71789175_28 at Thu Sep  3 01:23:47 PM CDT 2026
DONE 71789175_28 at Thu Sep  3 01:30:14 PM CDT 2026
PAUSE after 1 conversions: cooldown 30s + cleanup
Converting 71789176_29 at Thu Sep  3 01:30:46 PM CDT 2026
FAILED 71789176_29 at Thu Sep  3 01:31:51 PM CDT 2026
PAUSE after 1 conversions: cooldown 30s + cleanup
Converting 71789177_30 at Thu Sep  3 01:32:23 PM CDT 2026
Starting batch (crossingmuon, tpc=1) at Thu Sep  3 01:39:43 PM CDT 2026 parallel=0 workers=1 pause_every=1
Input:  /pnfs/sbnd/scratch/users/munjung/v10_06_00/data_MCP2025B_CrossingMuon_FullRun1_AfterLight_8_crossingmuon/waveforms
Output: /pnfs/sbnd/scratch/users/munjung/v10_06_00/data_MCP2025B_CrossingMuon_FullRun1_AfterLight_8_crossingmuon/h5 (g4-raw-1_*.h5)
User memory budget: 37 GiB, currently used: 8 GiB
Converting 71789176_29 at Thu Sep  3 01:39:43 PM CDT 2026
FAILED 71789176_29 at Thu Sep  3 01:40:50 PM CDT 2026
PAUSE after 1 conversions: cooldown 30s + cleanup
Converting 71789177_30 at Thu Sep  3 01:41:24 PM CDT 2026
Starting batch (crossingmuon, tpc=1) at Thu Sep  3 01:44:47 PM CDT 2026 parallel=0 workers=1 pause_every=1
Input:  /pnfs/sbnd/scratch/users/munjung/v10_06_00/data_MCP2025B_CrossingMuon_FullRun1_AfterLight_8_crossingmuon/waveforms
Output: /pnfs/sbnd/scratch/users/munjung/v10_06_00/data_MCP2025B_CrossingMuon_FullRun1_AfterLight_8_crossingmuon/h5 (g4-raw-1_*.h5)
User memory budget: 37 GiB, currently used: 8 GiB
Converting 71789176_29 at Thu Sep  3 01:44:48 PM CDT 2026
FAILED 71789176_29 at Thu Sep  3 01:45:41 PM CDT 2026
PAUSE after 1 conversions: cooldown 30s + cleanup
Converting 71789177_30 at Thu Sep  3 01:46:15 PM CDT 2026
DONE 71789177_30 at Thu Sep  3 01:51:00 PM CDT 2026
PAUSE after 1 conversions: cooldown 30s + cleanup
Converting 71789179_32 at Thu Sep  3 01:51:33 PM CDT 2026
Starting batch (crossingmuon, tpc=1) at Thu Sep  3 01:59:59 PM CDT 2026 parallel=0 workers=1 pause_every=1
Input:  /pnfs/sbnd/scratch/users/munjung/v10_06_00/data_MCP2025B_CrossingMuon_FullRun1_AfterLight_8_crossingmuon/waveforms
Output: /pnfs/sbnd/scratch/users/munjung/v10_06_00/data_MCP2025B_CrossingMuon_FullRun1_AfterLight_8_crossingmuon/h5 (g4-raw-1_*.h5)
User memory budget: 37 GiB, currently used: 9 GiB
Converting 71789176_29 at Thu Sep  3 01:59:59 PM CDT 2026
FAILED 71789176_29 at Thu Sep  3 02:01:15 PM CDT 2026
PAUSE after 1 conversions: cooldown 30s + cleanup
Converting 71789179_32 at Thu Sep  3 02:01:49 PM CDT 2026
DONE 71789179_32 at Thu Sep  3 02:08:47 PM CDT 2026
PAUSE after 1 conversions: cooldown 30s + cleanup
Converting 71789180_33 at Thu Sep  3 02:09:19 PM CDT 2026
DONE 71789180_33 at Thu Sep  3 02:15:45 PM CDT 2026
PAUSE after 1 conversions: cooldown 30s + cleanup
Converting 71789222_75 at Thu Sep  3 02:16:18 PM CDT 2026
FAILED 71789222_75 at Thu Sep  3 02:17:15 PM CDT 2026
PAUSE after 1 conversions: cooldown 30s + cleanup
SKIP (no waveform.root): 71789227_80
SKIP (no waveform.root): 71789236_89
SKIP (no waveform.root): 71789243_96
Converting 71789252_105 at Thu Sep  3 02:17:48 PM CDT 2026
DONE 71789252_105 at Thu Sep  3 02:23:05 PM CDT 2026
PAUSE after 1 conversions: cooldown 30s + cleanup
SKIP (no waveform.root): 71789257_110
Converting 71789258_111 at Thu Sep  3 02:23:37 PM CDT 2026
DONE 71789258_111 at Thu Sep  3 02:24:30 PM CDT 2026
PAUSE after 1 conversions: cooldown 30s + cleanup
Converting 71789265_118 at Thu Sep  3 02:25:03 PM CDT 2026
Starting batch (crossingmuon, tpc=1) at Thu Sep  3 02:30:22 PM CDT 2026 parallel=0 workers=1 pause_every=1
Input:  /pnfs/sbnd/scratch/users/munjung/v10_06_00/data_MCP2025B_CrossingMuon_FullRun1_AfterLight_8_crossingmuon/waveforms
Output: /pnfs/sbnd/scratch/users/munjung/v10_06_00/data_MCP2025B_CrossingMuon_FullRun1_AfterLight_8_crossingmuon/h5 (g4-raw-1_*.h5)
User memory budget: 37 GiB, currently used: 9 GiB
Converting 71789176_29 at Thu Sep  3 02:30:23 PM CDT 2026
FAILED 71789176_29 at Thu Sep  3 02:31:41 PM CDT 2026
PAUSE after 1 conversions: cooldown 30s + cleanup
Converting 71789222_75 at Thu Sep  3 02:32:13 PM CDT 2026
FAILED 71789222_75 at Thu Sep  3 02:33:08 PM CDT 2026
PAUSE after 1 conversions: cooldown 30s + cleanup
Converting 71789265_118 at Thu Sep  3 02:33:40 PM CDT 2026
Starting batch (crossingmuon, tpc=1) at Thu Sep  3 02:40:32 PM CDT 2026 parallel=0 workers=1 pause_every=1
Input:  /pnfs/sbnd/scratch/users/munjung/v10_06_00/data_MCP2025B_CrossingMuon_FullRun1_AfterLight_8_crossingmuon/waveforms
Output: /pnfs/sbnd/scratch/users/munjung/v10_06_00/data_MCP2025B_CrossingMuon_FullRun1_AfterLight_8_crossingmuon/h5 (g4-raw-1_*.h5)
User memory budget: 37 GiB, currently used: 9 GiB
Converting 71789176_29 at Thu Sep  3 02:40:32 PM CDT 2026
FAILED 71789176_29 at Thu Sep  3 02:41:55 PM CDT 2026
PAUSE after 1 conversions: cooldown 30s + cleanup
Converting 71789222_75 at Thu Sep  3 02:42:28 PM CDT 2026
FAILED 71789222_75 at Thu Sep  3 02:43:29 PM CDT 2026
PAUSE after 1 conversions: cooldown 30s + cleanup
Converting 71789265_118 at Thu Sep  3 02:44:04 PM CDT 2026
DONE 71789265_118 at Thu Sep  3 02:50:30 PM CDT 2026
PAUSE after 1 conversions: cooldown 30s + cleanup
Converting 71789266_119 at Thu Sep  3 02:51:03 PM CDT 2026
Starting batch (crossingmuon, tpc=1) at Thu Sep  3 02:55:43 PM CDT 2026 parallel=0 workers=1 pause_every=1
Input:  /pnfs/sbnd/scratch/users/munjung/v10_06_00/data_MCP2025B_CrossingMuon_FullRun1_AfterLight_8_crossingmuon/waveforms
Output: /pnfs/sbnd/scratch/users/munjung/v10_06_00/data_MCP2025B_CrossingMuon_FullRun1_AfterLight_8_crossingmuon/h5 (g4-raw-1_*.h5)
User memory budget: 37 GiB, currently used: 9 GiB
Converting 71789176_29 at Thu Sep  3 02:55:44 PM CDT 2026
FAILED 71789176_29 at Thu Sep  3 02:56:56 PM CDT 2026
PAUSE after 1 conversions: cooldown 30s + cleanup
Converting 71789222_75 at Thu Sep  3 02:57:29 PM CDT 2026
FAILED 71789222_75 at Thu Sep  3 02:58:29 PM CDT 2026
PAUSE after 1 conversions: cooldown 30s + cleanup
Converting 71789266_119 at Thu Sep  3 02:59:03 PM CDT 2026
DONE 71789266_119 at Thu Sep  3 03:04:13 PM CDT 2026
PAUSE after 1 conversions: cooldown 30s + cleanup
Converting 71789267_120 at Thu Sep  3 03:04:45 PM CDT 2026
DONE 71789267_120 at Thu Sep  3 03:09:30 PM CDT 2026
PAUSE after 1 conversions: cooldown 30s + cleanup
Converting 71789268_121 at Thu Sep  3 03:10:02 PM CDT 2026
Starting batch (crossingmuon, tpc=1) at Thu Sep  3 03:16:02 PM CDT 2026 parallel=0 workers=1 pause_every=1
Input:  /pnfs/sbnd/scratch/users/munjung/v10_06_00/data_MCP2025B_CrossingMuon_FullRun1_AfterLight_8_crossingmuon/waveforms
Output: /pnfs/sbnd/scratch/users/munjung/v10_06_00/data_MCP2025B_CrossingMuon_FullRun1_AfterLight_8_crossingmuon/h5 (g4-raw-1_*.h5)
User memory budget: 37 GiB, currently used: 10 GiB
Converting 71789176_29 at Thu Sep  3 03:16:02 PM CDT 2026
FAILED 71789176_29 at Thu Sep  3 03:17:25 PM CDT 2026
PAUSE after 1 conversions: cooldown 30s + cleanup
Converting 71789222_75 at Thu Sep  3 03:17:58 PM CDT 2026
FAILED 71789222_75 at Thu Sep  3 03:19:00 PM CDT 2026
PAUSE after 1 conversions: cooldown 30s + cleanup
Converting 71789268_121 at Thu Sep  3 03:19:33 PM CDT 2026
Starting batch (crossingmuon, tpc=1) at Thu Sep  3 03:26:13 PM CDT 2026 parallel=0 workers=1 pause_every=1
Input:  /pnfs/sbnd/scratch/users/munjung/v10_06_00/data_MCP2025B_CrossingMuon_FullRun1_AfterLight_8_crossingmuon/waveforms
Output: /pnfs/sbnd/scratch/users/munjung/v10_06_00/data_MCP2025B_CrossingMuon_FullRun1_AfterLight_8_crossingmuon/h5 (g4-raw-1_*.h5)
User memory budget: 37 GiB, currently used: 10 GiB
Converting 71789176_29 at Thu Sep  3 03:26:14 PM CDT 2026
FAILED 71789176_29 at Thu Sep  3 03:28:20 PM CDT 2026
PAUSE after 1 conversions: cooldown 30s + cleanup
Converting 71789222_75 at Thu Sep  3 03:28:53 PM CDT 2026
FAILED 71789222_75 at Thu Sep  3 03:30:33 PM CDT 2026
PAUSE after 1 conversions: cooldown 30s + cleanup
Converting 71789268_121 at Thu Sep  3 03:31:07 PM CDT 2026
DONE 71789268_121 at Thu Sep  3 03:41:17 PM CDT 2026
PAUSE after 1 conversions: cooldown 30s + cleanup
Converting 71789269_122 at Thu Sep  3 03:41:49 PM CDT 2026
Starting batch (crossingmuon, tpc=1) at Thu Sep  3 03:51:41 PM CDT 2026 parallel=0 workers=1 pause_every=1
Input:  /pnfs/sbnd/scratch/users/munjung/v10_06_00/data_MCP2025B_CrossingMuon_FullRun1_AfterLight_8_crossingmuon/waveforms
Output: /pnfs/sbnd/scratch/users/munjung/v10_06_00/data_MCP2025B_CrossingMuon_FullRun1_AfterLight_8_crossingmuon/h5 (g4-raw-1_*.h5)
User memory budget: 37 GiB, currently used: 9 GiB
Converting 71789176_29 at Thu Sep  3 03:51:42 PM CDT 2026
FAILED 71789176_29 at Thu Sep  3 03:53:45 PM CDT 2026
PAUSE after 1 conversions: cooldown 30s + cleanup
Converting 71789222_75 at Thu Sep  3 03:54:18 PM CDT 2026
FAILED 71789222_75 at Thu Sep  3 03:55:41 PM CDT 2026
PAUSE after 1 conversions: cooldown 30s + cleanup
Converting 71789269_122 at Thu Sep  3 03:56:14 PM CDT 2026
Starting batch (crossingmuon, tpc=1) at Thu Sep  3 04:01:52 PM CDT 2026 parallel=0 workers=1 pause_every=1
Input:  /pnfs/sbnd/scratch/users/munjung/v10_06_00/data_MCP2025B_CrossingMuon_FullRun1_AfterLight_8_crossingmuon/waveforms
Output: /pnfs/sbnd/scratch/users/munjung/v10_06_00/data_MCP2025B_CrossingMuon_FullRun1_AfterLight_8_crossingmuon/h5 (g4-raw-1_*.h5)
User memory budget: 37 GiB, currently used: 11 GiB
Converting 71789176_29 at Thu Sep  3 04:01:52 PM CDT 2026
FAILED 71789176_29 at Thu Sep  3 04:03:36 PM CDT 2026
PAUSE after 1 conversions: cooldown 30s + cleanup
Converting 71789222_75 at Thu Sep  3 04:04:09 PM CDT 2026
FAILED 71789222_75 at Thu Sep  3 04:05:43 PM CDT 2026
PAUSE after 1 conversions: cooldown 30s + cleanup
Converting 71789269_122 at Thu Sep  3 04:06:17 PM CDT 2026
DONE 71789269_122 at Thu Sep  3 04:13:30 PM CDT 2026
PAUSE after 1 conversions: cooldown 30s + cleanup
Converting 71789270_123 at Thu Sep  3 04:14:02 PM CDT 2026
Starting batch (crossingmuon, tpc=1) at Thu Sep  3 04:22:14 PM CDT 2026 parallel=0 workers=1 pause_every=1
Input:  /pnfs/sbnd/scratch/users/munjung/v10_06_00/data_MCP2025B_CrossingMuon_FullRun1_AfterLight_8_crossingmuon/waveforms
Output: /pnfs/sbnd/scratch/users/munjung/v10_06_00/data_MCP2025B_CrossingMuon_FullRun1_AfterLight_8_crossingmuon/h5 (g4-raw-1_*.h5)
User memory budget: 37 GiB, currently used: 16 GiB
Converting 71789176_29 at Thu Sep  3 04:22:14 PM CDT 2026
Starting batch (crossingmuon, tpc=1) at Thu Sep  3 04:27:20 PM CDT 2026 parallel=0 workers=1 pause_every=1
Input:  /pnfs/sbnd/scratch/users/munjung/v10_06_00/data_MCP2025B_CrossingMuon_FullRun1_AfterLight_8_crossingmuon/waveforms
Output: /pnfs/sbnd/scratch/users/munjung/v10_06_00/data_MCP2025B_CrossingMuon_FullRun1_AfterLight_8_crossingmuon/h5 (g4-raw-1_*.h5)
User memory budget: 37 GiB, currently used: 22 GiB
Converting 71789176_29 at Thu Sep  3 04:27:20 PM CDT 2026
Starting batch (crossingmuon, tpc=1) at Thu Sep  3 04:32:26 PM CDT 2026 parallel=0 workers=1 pause_every=1
Input:  /pnfs/sbnd/scratch/users/munjung/v10_06_00/data_MCP2025B_CrossingMuon_FullRun1_AfterLight_8_crossingmuon/waveforms
Output: /pnfs/sbnd/scratch/users/munjung/v10_06_00/data_MCP2025B_CrossingMuon_FullRun1_AfterLight_8_crossingmuon/h5 (g4-raw-1_*.h5)
User memory budget: 37 GiB, currently used: 22 GiB
Converting 71789176_29 at Thu Sep  3 04:32:27 PM CDT 2026
Starting batch (crossingmuon, tpc=1) at Thu Sep  3 04:37:31 PM CDT 2026 parallel=0 workers=1 pause_every=1
Input:  /pnfs/sbnd/scratch/users/munjung/v10_06_00/data_MCP2025B_CrossingMuon_FullRun1_AfterLight_8_crossingmuon/waveforms
Output: /pnfs/sbnd/scratch/users/munjung/v10_06_00/data_MCP2025B_CrossingMuon_FullRun1_AfterLight_8_crossingmuon/h5 (g4-raw-1_*.h5)
User memory budget: 37 GiB, currently used: 23 GiB
Converting 71789176_29 at Thu Sep  3 04:37:33 PM CDT 2026
FAILED 71789176_29 at Thu Sep  3 04:39:24 PM CDT 2026
PAUSE after 1 conversions: cooldown 30s + cleanup
Converting 71789222_75 at Thu Sep  3 04:39:57 PM CDT 2026
FAILED 71789222_75 at Thu Sep  3 04:41:08 PM CDT 2026
PAUSE after 1 conversions: cooldown 30s + cleanup
Converting 71789270_123 at Thu Sep  3 04:41:42 PM CDT 2026
Starting batch (crossingmuon, tpc=1) at Thu Sep  3 04:47:42 PM CDT 2026 parallel=0 workers=1 pause_every=1
Input:  /pnfs/sbnd/scratch/users/munjung/v10_06_00/data_MCP2025B_CrossingMuon_FullRun1_AfterLight_8_crossingmuon/waveforms
Output: /pnfs/sbnd/scratch/users/munjung/v10_06_00/data_MCP2025B_CrossingMuon_FullRun1_AfterLight_8_crossingmuon/h5 (g4-raw-1_*.h5)
User memory budget: 37 GiB, currently used: 21 GiB
Converting 71789176_29 at Thu Sep  3 04:47:43 PM CDT 2026
FAILED 71789176_29 at Thu Sep  3 04:49:34 PM CDT 2026
PAUSE after 1 conversions: cooldown 30s + cleanup
Converting 71789222_75 at Thu Sep  3 04:50:06 PM CDT 2026
FAILED 71789222_75 at Thu Sep  3 04:51:30 PM CDT 2026
PAUSE after 1 conversions: cooldown 30s + cleanup
Converting 71789270_123 at Thu Sep  3 04:52:05 PM CDT 2026
Starting batch (crossingmuon, tpc=1) at Thu Sep  3 04:57:52 PM CDT 2026 parallel=0 workers=1 pause_every=1
Input:  /pnfs/sbnd/scratch/users/munjung/v10_06_00/data_MCP2025B_CrossingMuon_FullRun1_AfterLight_8_crossingmuon/waveforms
Output: /pnfs/sbnd/scratch/users/munjung/v10_06_00/data_MCP2025B_CrossingMuon_FullRun1_AfterLight_8_crossingmuon/h5 (g4-raw-1_*.h5)
User memory budget: 37 GiB, currently used: 23 GiB
Converting 71789176_29 at Thu Sep  3 04:57:53 PM CDT 2026
FAILED 71789176_29 at Thu Sep  3 04:59:33 PM CDT 2026
PAUSE after 1 conversions: cooldown 30s + cleanup
Converting 71789222_75 at Thu Sep  3 05:00:06 PM CDT 2026
FAILED 71789222_75 at Thu Sep  3 05:01:43 PM CDT 2026
PAUSE after 1 conversions: cooldown 30s + cleanup
Converting 71789270_123 at Thu Sep  3 05:02:18 PM CDT 2026
Starting batch (crossingmuon, tpc=1) at Thu Sep  3 05:08:03 PM CDT 2026 parallel=0 workers=1 pause_every=1
Input:  /pnfs/sbnd/scratch/users/munjung/v10_06_00/data_MCP2025B_CrossingMuon_FullRun1_AfterLight_8_crossingmuon/waveforms
Output: /pnfs/sbnd/scratch/users/munjung/v10_06_00/data_MCP2025B_CrossingMuon_FullRun1_AfterLight_8_crossingmuon/h5 (g4-raw-1_*.h5)
User memory budget: 37 GiB, currently used: 24 GiB
Converting 71789176_29 at Thu Sep  3 05:08:04 PM CDT 2026
FAILED 71789176_29 at Thu Sep  3 05:09:46 PM CDT 2026
PAUSE after 1 conversions: cooldown 30s + cleanup
Converting 71789222_75 at Thu Sep  3 05:10:19 PM CDT 2026
FAILED 71789222_75 at Thu Sep  3 05:11:52 PM CDT 2026
PAUSE after 1 conversions: cooldown 30s + cleanup
Converting 71789270_123 at Thu Sep  3 05:12:25 PM CDT 2026
Starting batch (crossingmuon, tpc=1) at Thu Sep  3 05:23:18 PM CDT 2026 parallel=0 workers=1 pause_every=1
Input:  /pnfs/sbnd/scratch/users/munjung/v10_06_00/data_MCP2025B_CrossingMuon_FullRun1_AfterLight_8_crossingmuon/waveforms
Output: /pnfs/sbnd/scratch/users/munjung/v10_06_00/data_MCP2025B_CrossingMuon_FullRun1_AfterLight_8_crossingmuon/h5 (g4-raw-1_*.h5)
User memory budget: 37 GiB, currently used: 24 GiB
Converting 71789176_29 at Thu Sep  3 05:23:18 PM CDT 2026
FAILED 71789176_29 at Thu Sep  3 05:25:13 PM CDT 2026
PAUSE after 1 conversions: cooldown 30s + cleanup
Converting 71789222_75 at Thu Sep  3 05:25:45 PM CDT 2026
FAILED 71789222_75 at Thu Sep  3 05:27:29 PM CDT 2026
PAUSE after 1 conversions: cooldown 30s + cleanup
Converting 71789270_123 at Thu Sep  3 05:28:04 PM CDT 2026
DONE 71789270_123 at Thu Sep  3 05:38:40 PM CDT 2026
PAUSE after 1 conversions: cooldown 30s + cleanup
Converting 71789271_124 at Thu Sep  3 05:39:13 PM CDT 2026
Starting batch (crossingmuon, tpc=1) at Thu Sep  3 05:48:41 PM CDT 2026 parallel=0 workers=1 pause_every=1
Input:  /pnfs/sbnd/scratch/users/munjung/v10_06_00/data_MCP2025B_CrossingMuon_FullRun1_AfterLight_8_crossingmuon/waveforms
Output: /pnfs/sbnd/scratch/users/munjung/v10_06_00/data_MCP2025B_CrossingMuon_FullRun1_AfterLight_8_crossingmuon/h5 (g4-raw-1_*.h5)
User memory budget: 37 GiB, currently used: 24 GiB
Converting 71789176_29 at Thu Sep  3 05:48:41 PM CDT 2026
FAILED 71789176_29 at Thu Sep  3 05:49:49 PM CDT 2026
PAUSE after 1 conversions: cooldown 30s + cleanup
Converting 71789222_75 at Thu Sep  3 05:50:22 PM CDT 2026
FAILED 71789222_75 at Thu Sep  3 05:51:19 PM CDT 2026
PAUSE after 1 conversions: cooldown 30s + cleanup
Converting 71789271_124 at Thu Sep  3 05:51:54 PM CDT 2026
Starting batch (crossingmuon, tpc=1) at Thu Sep  3 05:53:45 PM CDT 2026 parallel=0 workers=1 pause_every=1
Input:  /pnfs/sbnd/scratch/users/munjung/v10_06_00/data_MCP2025B_CrossingMuon_FullRun1_AfterLight_8_crossingmuon/waveforms
Output: /pnfs/sbnd/scratch/users/munjung/v10_06_00/data_MCP2025B_CrossingMuon_FullRun1_AfterLight_8_crossingmuon/h5 (g4-raw-1_*.h5)
User memory budget: 37 GiB, currently used: 27 GiB
Converting 71789176_29 at Thu Sep  3 05:53:46 PM CDT 2026
FAILED 71789176_29 at Thu Sep  3 05:54:44 PM CDT 2026
PAUSE after 1 conversions: cooldown 30s + cleanup
Converting 71789222_75 at Thu Sep  3 05:55:16 PM CDT 2026
FAILED 71789222_75 at Thu Sep  3 05:55:57 PM CDT 2026
PAUSE after 1 conversions: cooldown 30s + cleanup
Converting 71789271_124 at Thu Sep  3 05:56:30 PM CDT 2026
Starting batch (crossingmuon, tpc=1) at Thu Sep  3 06:03:53 PM CDT 2026 parallel=0 workers=1 pause_every=1
Input:  /pnfs/sbnd/scratch/users/munjung/v10_06_00/data_MCP2025B_CrossingMuon_FullRun1_AfterLight_8_crossingmuon/waveforms
Output: /pnfs/sbnd/scratch/users/munjung/v10_06_00/data_MCP2025B_CrossingMuon_FullRun1_AfterLight_8_crossingmuon/h5 (g4-raw-1_*.h5)
User memory budget: 37 GiB, currently used: 34 GiB
Converting 71789176_29 at Thu Sep  3 06:03:53 PM CDT 2026
FAILED 71789176_29 at Thu Sep  3 06:05:02 PM CDT 2026
PAUSE after 1 conversions: cooldown 30s + cleanup
Converting 71789222_75 at Thu Sep  3 06:05:35 PM CDT 2026
FAILED 71789222_75 at Thu Sep  3 06:06:47 PM CDT 2026
PAUSE after 1 conversions: cooldown 30s + cleanup
Converting 71789271_124 at Thu Sep  3 06:07:20 PM CDT 2026
Starting batch (crossingmuon, tpc=1) at Thu Sep  3 06:14:00 PM CDT 2026 parallel=0 workers=1 pause_every=1
Input:  /pnfs/sbnd/scratch/users/munjung/v10_06_00/data_MCP2025B_CrossingMuon_FullRun1_AfterLight_8_crossingmuon/waveforms
Output: /pnfs/sbnd/scratch/users/munjung/v10_06_00/data_MCP2025B_CrossingMuon_FullRun1_AfterLight_8_crossingmuon/h5 (g4-raw-1_*.h5)
User memory budget: 37 GiB, currently used: 35 GiB
Converting 71789176_29 at Thu Sep  3 06:14:01 PM CDT 2026
FAILED 71789176_29 at Thu Sep  3 06:16:27 PM CDT 2026
PAUSE after 1 conversions: cooldown 30s + cleanup
Converting 71789222_75 at Thu Sep  3 06:16:59 PM CDT 2026
FAILED 71789222_75 at Thu Sep  3 06:18:01 PM CDT 2026
PAUSE after 1 conversions: cooldown 30s + cleanup
Converting 71789271_124 at Thu Sep  3 06:18:34 PM CDT 2026
Starting batch (crossingmuon, tpc=1) at Thu Sep  3 06:24:09 PM CDT 2026 parallel=0 workers=1 pause_every=1
Input:  /pnfs/sbnd/scratch/users/munjung/v10_06_00/data_MCP2025B_CrossingMuon_FullRun1_AfterLight_8_crossingmuon/waveforms
Output: /pnfs/sbnd/scratch/users/munjung/v10_06_00/data_MCP2025B_CrossingMuon_FullRun1_AfterLight_8_crossingmuon/h5 (g4-raw-1_*.h5)
User memory budget: 37 GiB, currently used: 28 GiB
Converting 71789176_29 at Thu Sep  3 06:24:09 PM CDT 2026
FAILED 71789176_29 at Thu Sep  3 06:25:01 PM CDT 2026
PAUSE after 1 conversions: cooldown 30s + cleanup
Converting 71789222_75 at Thu Sep  3 06:25:34 PM CDT 2026
FAILED 71789222_75 at Thu Sep  3 06:26:28 PM CDT 2026
PAUSE after 1 conversions: cooldown 30s + cleanup
Converting 71789271_124 at Thu Sep  3 06:27:02 PM CDT 2026
Starting batch (crossingmuon, tpc=1) at Thu Sep  3 06:29:13 PM CDT 2026 parallel=0 workers=1 pause_every=1
Input:  /pnfs/sbnd/scratch/users/munjung/v10_06_00/data_MCP2025B_CrossingMuon_FullRun1_AfterLight_8_crossingmuon/waveforms
Output: /pnfs/sbnd/scratch/users/munjung/v10_06_00/data_MCP2025B_CrossingMuon_FullRun1_AfterLight_8_crossingmuon/h5 (g4-raw-1_*.h5)
User memory budget: 37 GiB, currently used: 27 GiB
Converting 71789176_29 at Thu Sep  3 06:29:14 PM CDT 2026
FAILED 71789176_29 at Thu Sep  3 06:30:06 PM CDT 2026
PAUSE after 1 conversions: cooldown 30s + cleanup
Converting 71789222_75 at Thu Sep  3 06:30:39 PM CDT 2026
FAILED 71789222_75 at Thu Sep  3 06:31:18 PM CDT 2026
PAUSE after 1 conversions: cooldown 30s + cleanup
Converting 71789271_124 at Thu Sep  3 06:31:51 PM CDT 2026
Starting batch (crossingmuon, tpc=1) at Thu Sep  3 06:39:21 PM CDT 2026 parallel=0 workers=1 pause_every=1
Input:  /pnfs/sbnd/scratch/users/munjung/v10_06_00/data_MCP2025B_CrossingMuon_FullRun1_AfterLight_8_crossingmuon/waveforms
Output: /pnfs/sbnd/scratch/users/munjung/v10_06_00/data_MCP2025B_CrossingMuon_FullRun1_AfterLight_8_crossingmuon/h5 (g4-raw-1_*.h5)
User memory budget: 37 GiB, currently used: 30 GiB
Converting 71789176_29 at Thu Sep  3 06:39:21 PM CDT 2026
FAILED 71789176_29 at Thu Sep  3 06:40:35 PM CDT 2026
PAUSE after 1 conversions: cooldown 30s + cleanup
Converting 71789222_75 at Thu Sep  3 06:41:08 PM CDT 2026
FAILED 71789222_75 at Thu Sep  3 06:42:16 PM CDT 2026
PAUSE after 1 conversions: cooldown 30s + cleanup
Converting 71789271_124 at Thu Sep  3 06:42:49 PM CDT 2026
DONE 71789271_124 at Thu Sep  3 06:50:05 PM CDT 2026
PAUSE after 1 conversions: cooldown 30s + cleanup
Converting 71789274_127 at Thu Sep  3 06:50:38 PM CDT 2026
DONE 71789274_127 at Thu Sep  3 06:54:48 PM CDT 2026
PAUSE after 1 conversions: cooldown 30s + cleanup
Converting 71789279_132 at Thu Sep  3 06:55:20 PM CDT 2026
DONE 71789279_132 at Thu Sep  3 06:59:30 PM CDT 2026
PAUSE after 1 conversions: cooldown 30s + cleanup
Converting 71789280_133 at Thu Sep  3 07:00:02 PM CDT 2026
Starting batch (crossingmuon, tpc=1) at Thu Sep  3 07:04:39 PM CDT 2026 parallel=0 workers=1 pause_every=1
Input:  /pnfs/sbnd/scratch/users/munjung/v10_06_00/data_MCP2025B_CrossingMuon_FullRun1_AfterLight_8_crossingmuon/waveforms
Output: /pnfs/sbnd/scratch/users/munjung/v10_06_00/data_MCP2025B_CrossingMuon_FullRun1_AfterLight_8_crossingmuon/h5 (g4-raw-1_*.h5)
User memory budget: 37 GiB, currently used: 29 GiB
Converting 71789176_29 at Thu Sep  3 07:04:39 PM CDT 2026
FAILED 71789176_29 at Thu Sep  3 07:05:42 PM CDT 2026
PAUSE after 1 conversions: cooldown 30s + cleanup
Converting 71789222_75 at Thu Sep  3 07:06:14 PM CDT 2026
FAILED 71789222_75 at Thu Sep  3 07:07:18 PM CDT 2026
PAUSE after 1 conversions: cooldown 30s + cleanup
Converting 71789280_133 at Thu Sep  3 07:07:51 PM CDT 2026
DONE 71789280_133 at Thu Sep  3 07:11:45 PM CDT 2026
PAUSE after 1 conversions: cooldown 30s + cleanup
Converting 71789283_136 at Thu Sep  3 07:12:18 PM CDT 2026
DONE 71789283_136 at Thu Sep  3 07:16:44 PM CDT 2026
PAUSE after 1 conversions: cooldown 30s + cleanup
Converting 71789284_137 at Thu Sep  3 07:17:16 PM CDT 2026
DONE 71789284_137 at Thu Sep  3 07:19:56 PM CDT 2026
PAUSE after 1 conversions: cooldown 30s + cleanup
Converting 71789285_138 at Thu Sep  3 07:20:28 PM CDT 2026
DONE 71789285_138 at Thu Sep  3 07:22:26 PM CDT 2026
PAUSE after 1 conversions: cooldown 30s + cleanup
Starting batch (crossingmuon, tpc=1) at Thu Sep  3 07:24:55 PM CDT 2026 parallel=0 workers=1 pause_every=1
Input:  /pnfs/sbnd/scratch/users/munjung/v10_06_00/data_MCP2025B_CrossingMuon_FullRun1_AfterLight_8_crossingmuon/waveforms
Output: /pnfs/sbnd/scratch/users/munjung/v10_06_00/data_MCP2025B_CrossingMuon_FullRun1_AfterLight_8_crossingmuon/h5 (g4-raw-1_*.h5)
User memory budget: 37 GiB, currently used: 7 GiB
Converting 71789176_29 at Thu Sep  3 07:24:56 PM CDT 2026
FAILED 71789176_29 at Thu Sep  3 07:26:02 PM CDT 2026
PAUSE after 1 conversions: cooldown 30s + cleanup
Converting 71789222_75 at Thu Sep  3 07:26:34 PM CDT 2026
FAILED 71789222_75 at Thu Sep  3 07:27:28 PM CDT 2026
PAUSE after 1 conversions: cooldown 30s + cleanup
Converting 71789286_139 at Thu Sep  3 07:28:00 PM CDT 2026
Starting batch (crossingmuon, tpc=1) at Thu Sep  3 07:30:00 PM CDT 2026 parallel=0 workers=1 pause_every=1
Input:  /pnfs/sbnd/scratch/users/munjung/v10_06_00/data_MCP2025B_CrossingMuon_FullRun1_AfterLight_8_crossingmuon/waveforms
Output: /pnfs/sbnd/scratch/users/munjung/v10_06_00/data_MCP2025B_CrossingMuon_FullRun1_AfterLight_8_crossingmuon/h5 (g4-raw-1_*.h5)
User memory budget: 37 GiB, currently used: 7 GiB
Converting 71789176_29 at Thu Sep  3 07:30:00 PM CDT 2026
FAILED 71789176_29 at Thu Sep  3 07:31:02 PM CDT 2026
PAUSE after 1 conversions: cooldown 30s + cleanup
Converting 71789222_75 at Thu Sep  3 07:31:34 PM CDT 2026
FAILED 71789222_75 at Thu Sep  3 07:32:19 PM CDT 2026
PAUSE after 1 conversions: cooldown 30s + cleanup
Converting 71789286_139 at Thu Sep  3 07:32:52 PM CDT 2026
DONE 71789286_139 at Thu Sep  3 07:38:56 PM CDT 2026
PAUSE after 1 conversions: cooldown 30s + cleanup
Converting 71789287_140 at Thu Sep  3 07:39:29 PM CDT 2026
DONE 71789287_140 at Thu Sep  3 07:42:49 PM CDT 2026
PAUSE after 1 conversions: cooldown 30s + cleanup
Converting 71789288_141 at Thu Sep  3 07:43:21 PM CDT 2026
DONE 71789288_141 at Thu Sep  3 07:49:01 PM CDT 2026
PAUSE after 1 conversions: cooldown 30s + cleanup
Converting 71789289_142 at Thu Sep  3 07:49:33 PM CDT 2026
DONE 71789289_142 at Thu Sep  3 07:53:05 PM CDT 2026
PAUSE after 1 conversions: cooldown 30s + cleanup
Converting 71789290_143 at Thu Sep  3 07:53:38 PM CDT 2026
Starting batch (crossingmuon, tpc=1) at Thu Sep  3 07:55:19 PM CDT 2026 parallel=0 workers=1 pause_every=1
Input:  /pnfs/sbnd/scratch/users/munjung/v10_06_00/data_MCP2025B_CrossingMuon_FullRun1_AfterLight_8_crossingmuon/waveforms
Output: /pnfs/sbnd/scratch/users/munjung/v10_06_00/data_MCP2025B_CrossingMuon_FullRun1_AfterLight_8_crossingmuon/h5 (g4-raw-1_*.h5)
User memory budget: 37 GiB, currently used: 7 GiB
Converting 71789176_29 at Thu Sep  3 07:55:19 PM CDT 2026
FAILED 71789176_29 at Thu Sep  3 07:55:19 PM CDT 2026
PAUSE after 1 conversions: cooldown 30s + cleanup
Starting batch (crossingmuon, tpc=1) at Thu Sep  3 08:00:23 PM CDT 2026 parallel=0 workers=1 pause_every=1
Input:  /pnfs/sbnd/scratch/users/munjung/v10_06_00/data_MCP2025B_CrossingMuon_FullRun1_AfterLight_8_crossingmuon/waveforms
Output: /pnfs/sbnd/scratch/users/munjung/v10_06_00/data_MCP2025B_CrossingMuon_FullRun1_AfterLight_8_crossingmuon/h5 (g4-raw-1_*.h5)
User memory budget: 37 GiB, currently used: 7 GiB
Converting 71789176_29 at Thu Sep  3 08:00:23 PM CDT 2026
FAILED 71789176_29 at Thu Sep  3 08:01:49 PM CDT 2026
PAUSE after 1 conversions: cooldown 30s + cleanup
Converting 71789222_75 at Thu Sep  3 08:02:21 PM CDT 2026
FAILED 71789222_75 at Thu Sep  3 08:03:18 PM CDT 2026
PAUSE after 1 conversions: cooldown 30s + cleanup
Converting 71789290_143 at Thu Sep  3 08:03:51 PM CDT 2026
Starting batch (crossingmuon, tpc=1) at Thu Sep  3 08:10:31 PM CDT 2026 parallel=0 workers=1 pause_every=1
Input:  /pnfs/sbnd/scratch/users/munjung/v10_06_00/data_MCP2025B_CrossingMuon_FullRun1_AfterLight_8_crossingmuon/waveforms
Output: /pnfs/sbnd/scratch/users/munjung/v10_06_00/data_MCP2025B_CrossingMuon_FullRun1_AfterLight_8_crossingmuon/h5 (g4-raw-1_*.h5)
User memory budget: 37 GiB, currently used: 9 GiB
Converting 71789176_29 at Thu Sep  3 08:10:31 PM CDT 2026
FAILED 71789176_29 at Thu Sep  3 08:11:32 PM CDT 2026
PAUSE after 1 conversions: cooldown 30s + cleanup
Converting 71789222_75 at Thu Sep  3 08:12:04 PM CDT 2026
FAILED 71789222_75 at Thu Sep  3 08:12:48 PM CDT 2026
PAUSE after 1 conversions: cooldown 30s + cleanup
Converting 71789290_143 at Thu Sep  3 08:13:21 PM CDT 2026
DONE 71789290_143 at Thu Sep  3 08:16:23 PM CDT 2026
PAUSE after 1 conversions: cooldown 30s + cleanup
Converting 71789291_144 at Thu Sep  3 08:16:56 PM CDT 2026
DONE 71789291_144 at Thu Sep  3 08:18:30 PM CDT 2026
PAUSE after 1 conversions: cooldown 30s + cleanup
Converting 71789292_145 at Thu Sep  3 08:19:02 PM CDT 2026
DONE 71789292_145 at Thu Sep  3 08:21:00 PM CDT 2026
PAUSE after 1 conversions: cooldown 30s + cleanup
Converting 71789293_146 at Thu Sep  3 08:21:32 PM CDT 2026
Starting batch (crossingmuon, tpc=1) at Thu Sep  3 08:26:08 PM CDT 2026 parallel=0 workers=1 pause_every=1
Input:  /pnfs/sbnd/scratch/users/munjung/v10_06_00/data_MCP2025B_CrossingMuon_FullRun1_AfterLight_8_crossingmuon/waveforms
Output: /pnfs/sbnd/scratch/users/munjung/v10_06_00/data_MCP2025B_CrossingMuon_FullRun1_AfterLight_8_crossingmuon/h5 (g4-raw-1_*.h5)
User memory budget: 37 GiB, currently used: 9 GiB
Converting 71789176_29 at Thu Sep  3 08:26:08 PM CDT 2026
FAILED 71789176_29 at Thu Sep  3 08:27:17 PM CDT 2026
PAUSE after 1 conversions: cooldown 30s + cleanup
Converting 71789222_75 at Thu Sep  3 08:27:49 PM CDT 2026
FAILED 71789222_75 at Thu Sep  3 08:28:55 PM CDT 2026
PAUSE after 1 conversions: cooldown 30s + cleanup
Converting 71789293_146 at Thu Sep  3 08:29:28 PM CDT 2026
DONE 71789293_146 at Thu Sep  3 08:31:23 PM CDT 2026
PAUSE after 1 conversions: cooldown 30s + cleanup
Converting 71789294_147 at Thu Sep  3 08:31:55 PM CDT 2026
DONE 71789294_147 at Thu Sep  3 08:33:30 PM CDT 2026
PAUSE after 1 conversions: cooldown 30s + cleanup
Converting 71789295_148 at Thu Sep  3 08:34:02 PM CDT 2026
DONE 71789295_148 at Thu Sep  3 08:34:53 PM CDT 2026
PAUSE after 1 conversions: cooldown 30s + cleanup
Converting 71789296_149 at Thu Sep  3 08:35:26 PM CDT 2026
DONE 71789296_149 at Thu Sep  3 08:37:04 PM CDT 2026
PAUSE after 1 conversions: cooldown 30s + cleanup
Converting 71789297_150 at Thu Sep  3 08:37:37 PM CDT 2026
Starting batch (crossingmuon, tpc=1) at Thu Sep  3 08:41:19 PM CDT 2026 parallel=0 workers=1 pause_every=1
Input:  /pnfs/sbnd/scratch/users/munjung/v10_06_00/data_MCP2025B_CrossingMuon_FullRun1_AfterLight_8_crossingmuon/waveforms
Output: /pnfs/sbnd/scratch/users/munjung/v10_06_00/data_MCP2025B_CrossingMuon_FullRun1_AfterLight_8_crossingmuon/h5 (g4-raw-1_*.h5)
User memory budget: 37 GiB, currently used: 9 GiB
Converting 71789176_29 at Thu Sep  3 08:41:19 PM CDT 2026
FAILED 71789176_29 at Thu Sep  3 08:42:24 PM CDT 2026
PAUSE after 1 conversions: cooldown 30s + cleanup
Converting 71789222_75 at Thu Sep  3 08:42:56 PM CDT 2026
FAILED 71789222_75 at Thu Sep  3 08:43:49 PM CDT 2026
PAUSE after 1 conversions: cooldown 30s + cleanup
Converting 71789297_150 at Thu Sep  3 08:44:21 PM CDT 2026
DONE 71789297_150 at Thu Sep  3 08:45:54 PM CDT 2026
PAUSE after 1 conversions: cooldown 30s + cleanup
SKIP (empty waveform.root): 71789298_151
SKIP (empty waveform.root): 71789299_152
SKIP (empty waveform.root): 71789300_153
SKIP (empty waveform.root): 71789301_154
SKIP (empty waveform.root): 71789302_155
SKIP (empty waveform.root): 71789303_156
SKIP (empty waveform.root): 71789304_157
SKIP (empty waveform.root): 71789305_158
SKIP (empty waveform.root): 71789306_159
SKIP (empty waveform.root): 71789307_160
SKIP (empty waveform.root): 71789308_161
SKIP (empty waveform.root): 71789309_162
SKIP (empty waveform.root): 71789310_163
SKIP (empty waveform.root): 71789311_164
SKIP (empty waveform.root): 71789312_165
SKIP (empty waveform.root): 71789313_166
SKIP (empty waveform.root): 71789314_167
SKIP (empty waveform.root): 71789315_168
SKIP (empty waveform.root): 71789316_169
SKIP (empty waveform.root): 71789317_170
SKIP (empty waveform.root): 71789318_171
SKIP (empty waveform.root): 71789319_172
SKIP (empty waveform.root): 71789320_173
SKIP (empty waveform.root): 71789321_174
SKIP (empty waveform.root): 71789322_175
SKIP (empty waveform.root): 71789323_176
SKIP (empty waveform.root): 71789324_177
SKIP (empty waveform.root): 71789325_178
SKIP (empty waveform.root): 71789326_179
SKIP (empty waveform.root): 71789327_180
SKIP (empty waveform.root): 71789328_181
SKIP (empty waveform.root): 71789329_182
SKIP (empty waveform.root): 71789330_183
SKIP (empty waveform.root): 71789331_184
SKIP (empty waveform.root): 71789332_185
SKIP (empty waveform.root): 71789333_186
SKIP (empty waveform.root): 71789334_187
SKIP (empty waveform.root): 71789335_188
SKIP (empty waveform.root): 71789336_189
SKIP (empty waveform.root): 71789337_190
SKIP (empty waveform.root): 71789338_191
SKIP (empty waveform.root): 71789339_192
SKIP (empty waveform.root): 71789340_193
SKIP (empty waveform.root): 71789341_194
SKIP (empty waveform.root): 71789342_195
SKIP (empty waveform.root): 71789343_196
SKIP (empty waveform.root): 71789344_197
SKIP (empty waveform.root): 71789345_198
SKIP (empty waveform.root): 71789346_199
SKIP (empty waveform.root): 71789347_200
SKIP (empty waveform.root): 71789348_201
SKIP (empty waveform.root): 71789349_202
SKIP (empty waveform.root): 71789350_203
SKIP (empty waveform.root): 71789351_204
SKIP (empty waveform.root): 71789352_205
SKIP (empty waveform.root): 71789353_206
SKIP (empty waveform.root): 71789354_207
SKIP (empty waveform.root): 71789355_208
SKIP (empty waveform.root): 71789356_209
SKIP (empty waveform.root): 71789357_210
SKIP (empty waveform.root): 71789358_211
SKIP (empty waveform.root): 71789359_212
SKIP (empty waveform.root): 71789360_213
SKIP (empty waveform.root): 71789361_214
SKIP (empty waveform.root): 71789362_215
SKIP (empty waveform.root): 71789363_216
SKIP (empty waveform.root): 71789364_217
SKIP (empty waveform.root): 71789365_218
SKIP (empty waveform.root): 71789366_219
SKIP (empty waveform.root): 71789367_220
SKIP (empty waveform.root): 71789368_221
SKIP (empty waveform.root): 71789369_222
SKIP (empty waveform.root): 71789370_223
SKIP (empty waveform.root): 71789371_224
SKIP (empty waveform.root): 71789372_225
SKIP (empty waveform.root): 71789373_226
SKIP (empty waveform.root): 71789374_227
SKIP (empty waveform.root): 71789375_228
SKIP (empty waveform.root): 71789376_229
SKIP (empty waveform.root): 71789377_230
SKIP (empty waveform.root): 71789378_231
SKIP (empty waveform.root): 71789379_232
SKIP (empty waveform.root): 71789380_233
SKIP (empty waveform.root): 71789381_234
SKIP (empty waveform.root): 71789382_235
SKIP (empty waveform.root): 71789383_236
SKIP (empty waveform.root): 71789384_237
SKIP (empty waveform.root): 71789385_238
SKIP (empty waveform.root): 71789386_239
SKIP (empty waveform.root): 71789387_240
SKIP (empty waveform.root): 71789388_241
SKIP (empty waveform.root): 71789389_242
SKIP (empty waveform.root): 71789390_243
SKIP (empty waveform.root): 71789391_244
SKIP (empty waveform.root): 71789392_245
SKIP (empty waveform.root): 71789393_246
SKIP (empty waveform.root): 71789394_247
SKIP (empty waveform.root): 71789395_248
SKIP (empty waveform.root): 71789396_249
SKIP (empty waveform.root): 71789397_250
SKIP (empty waveform.root): 71789398_251
SKIP (empty waveform.root): 71789399_252
SKIP (empty waveform.root): 71789400_253
SKIP (empty waveform.root): 71789401_254
SKIP (empty waveform.root): 71789402_255
SKIP (empty waveform.root): 71789403_256
SKIP (empty waveform.root): 71789404_257
SKIP (empty waveform.root): 71789405_258
SKIP (empty waveform.root): 71789406_259
SKIP (empty waveform.root): 71789407_260
SKIP (empty waveform.root): 71789408_261
SKIP (empty waveform.root): 71789409_262
SKIP (empty waveform.root): 71789410_263
SKIP (empty waveform.root): 71789411_264
SKIP (empty waveform.root): 71789412_265
SKIP (empty waveform.root): 71789413_266
SKIP (empty waveform.root): 71789414_267
SKIP (empty waveform.root): 71789415_268
SKIP (empty waveform.root): 71789416_269
SKIP (empty waveform.root): 71789417_270
SKIP (empty waveform.root): 71789418_271
SKIP (empty waveform.root): 71789419_272
SKIP (empty waveform.root): 71789420_273
SKIP (empty waveform.root): 71789421_274
SKIP (empty waveform.root): 71789422_275
SKIP (empty waveform.root): 71789423_276
SKIP (empty waveform.root): 71789424_277
SKIP (empty waveform.root): 71789425_278
SKIP (empty waveform.root): 71789426_279
SKIP (empty waveform.root): 71789427_280
SKIP (empty waveform.root): 71789428_281
SKIP (empty waveform.root): 71789429_282
SKIP (empty waveform.root): 71789430_283
SKIP (empty waveform.root): 71789431_284
SKIP (empty waveform.root): 71789432_285
SKIP (empty waveform.root): 71789433_286
SKIP (empty waveform.root): 71789434_287
SKIP (empty waveform.root): 71789435_288
SKIP (empty waveform.root): 71789436_289
SKIP (empty waveform.root): 71789437_290
SKIP (empty waveform.root): 71789438_291
SKIP (empty waveform.root): 71789439_292
SKIP (empty waveform.root): 71789440_293
SKIP (empty waveform.root): 71789441_294
SKIP (empty waveform.root): 71789442_295
SKIP (empty waveform.root): 71789443_296
SKIP (empty waveform.root): 71789444_297
SKIP (empty waveform.root): 71789445_298
SKIP (empty waveform.root): 71789446_299
SKIP (empty waveform.root): 71789447_300
SKIP (empty waveform.root): 71789448_301
SKIP (empty waveform.root): 71789449_302
SKIP (empty waveform.root): 71789450_303
SKIP (empty waveform.root): 71789451_304
SKIP (empty waveform.root): 71789452_305
SKIP (empty waveform.root): 71789453_306
SKIP (empty waveform.root): 71789454_307
SKIP (empty waveform.root): 71789455_308
SKIP (empty waveform.root): 71789456_309
SKIP (empty waveform.root): 71789457_310
SKIP (empty waveform.root): 71789458_311
SKIP (empty waveform.root): 71789459_312
SKIP (empty waveform.root): 71789460_313
SKIP (empty waveform.root): 71789461_314
SKIP (empty waveform.root): 71789462_315
SKIP (empty waveform.root): 71789463_316
SKIP (empty waveform.root): 71789464_317
SKIP (empty waveform.root): 71789465_318
SKIP (empty waveform.root): 71789466_319
SKIP (empty waveform.root): 71789467_320
SKIP (empty waveform.root): 71789468_321
SKIP (empty waveform.root): 71789469_322
SKIP (empty waveform.root): 71789470_323
SKIP (empty waveform.root): 71789471_324
SKIP (empty waveform.root): 71789472_325
SKIP (empty waveform.root): 71789473_326
SKIP (empty waveform.root): 71789474_327
SKIP (empty waveform.root): 71789475_328
SKIP (empty waveform.root): 71789476_329
SKIP (empty waveform.root): 71789477_330
SKIP (empty waveform.root): 71789478_331
SKIP (empty waveform.root): 71789479_332
SKIP (empty waveform.root): 71789480_333
SKIP (empty waveform.root): 71789481_334
SKIP (empty waveform.root): 71789482_335
SKIP (empty waveform.root): 71789483_336
SKIP (empty waveform.root): 71789484_337
SKIP (empty waveform.root): 71789485_338
SKIP (empty waveform.root): 71789486_339
SKIP (empty waveform.root): 71789487_340
SKIP (empty waveform.root): 71789488_341
SKIP (empty waveform.root): 71789489_342
SKIP (empty waveform.root): 71789490_343
SKIP (empty waveform.root): 71789491_344
Finished at Thu Sep  3 08:46:36 PM CDT 2026
total=238 skipped=41 empty_skipped=194 converted=1 failed=2 workers=1
Starting batch (crossingmuon, tpc=1) at Thu Sep  3 08:51:27 PM CDT 2026 parallel=0 workers=1 pause_every=1
Input:  /pnfs/sbnd/scratch/users/munjung/v10_06_00/data_MCP2025B_CrossingMuon_FullRun1_AfterLight_8_crossingmuon/waveforms
Output: /pnfs/sbnd/scratch/users/munjung/v10_06_00/data_MCP2025B_CrossingMuon_FullRun1_AfterLight_8_crossingmuon/h5 (g4-raw-1_*.h5)
User memory budget: 37 GiB, currently used: 9 GiB
Converting 71789176_29 at Thu Sep  3 08:51:27 PM CDT 2026
FAILED 71789176_29 at Thu Sep  3 08:52:45 PM CDT 2026
PAUSE after 1 conversions: cooldown 30s + cleanup
Converting 71789222_75 at Thu Sep  3 08:53:17 PM CDT 2026
FAILED 71789222_75 at Thu Sep  3 08:54:12 PM CDT 2026
PAUSE after 1 conversions: cooldown 30s + cleanup
Finished at Thu Sep  3 08:54:46 PM CDT 2026
total=238 skipped=236 empty_skipped=0 converted=0 failed=2 workers=1
Starting batch (crossingmuon, tpc=1) at Thu Sep  3 08:56:31 PM CDT 2026 parallel=0 workers=1 pause_every=1
Input:  /pnfs/sbnd/scratch/users/munjung/v10_06_00/data_MCP2025B_CrossingMuon_FullRun1_AfterLight_8_crossingmuon/waveforms
Output: /pnfs/sbnd/scratch/users/munjung/v10_06_00/data_MCP2025B_CrossingMuon_FullRun1_AfterLight_8_crossingmuon/h5 (g4-raw-1_*.h5)
User memory budget: 37 GiB, currently used: 9 GiB
Converting 71789176_29 at Thu Sep  3 08:56:32 PM CDT 2026
FAILED 71789176_29 at Thu Sep  3 08:57:35 PM CDT 2026
PAUSE after 1 conversions: cooldown 30s + cleanup
Converting 71789222_75 at Thu Sep  3 08:58:08 PM CDT 2026
FAILED 71789222_75 at Thu Sep  3 08:58:56 PM CDT 2026
PAUSE after 1 conversions: cooldown 30s + cleanup
Finished at Thu Sep  3 08:59:31 PM CDT 2026
total=238 skipped=236 empty_skipped=0 converted=0 failed=2 workers=1
Starting batch (crossingmuon, tpc=1) at Thu Sep  3 09:01:35 PM CDT 2026 parallel=0 workers=1 pause_every=1
Input:  /pnfs/sbnd/scratch/users/munjung/v10_06_00/data_MCP2025B_CrossingMuon_FullRun1_AfterLight_8_crossingmuon/waveforms
Output: /pnfs/sbnd/scratch/users/munjung/v10_06_00/data_MCP2025B_CrossingMuon_FullRun1_AfterLight_8_crossingmuon/h5 (g4-raw-1_*.h5)
User memory budget: 37 GiB, currently used: 9 GiB
Converting 71789176_29 at Thu Sep  3 09:01:36 PM CDT 2026
FAILED 71789176_29 at Thu Sep  3 09:02:48 PM CDT 2026
PAUSE after 1 conversions: cooldown 30s + cleanup
Converting 71789222_75 at Thu Sep  3 09:03:20 PM CDT 2026
FAILED 71789222_75 at Thu Sep  3 09:04:16 PM CDT 2026
PAUSE after 1 conversions: cooldown 30s + cleanup
Finished at Thu Sep  3 09:04:51 PM CDT 2026
total=238 skipped=236 empty_skipped=0 converted=0 failed=2 workers=1
Starting batch (crossingmuon, tpc=1) at Thu Sep  3 09:06:39 PM CDT 2026 parallel=0 workers=1 pause_every=1
Input:  /pnfs/sbnd/scratch/users/munjung/v10_06_00/data_MCP2025B_CrossingMuon_FullRun1_AfterLight_8_crossingmuon/waveforms
Output: /pnfs/sbnd/scratch/users/munjung/v10_06_00/data_MCP2025B_CrossingMuon_FullRun1_AfterLight_8_crossingmuon/h5 (g4-raw-1_*.h5)
User memory budget: 37 GiB, currently used: 9 GiB
Converting 71789176_29 at Thu Sep  3 09:06:40 PM CDT 2026
FAILED 71789176_29 at Thu Sep  3 09:07:41 PM CDT 2026
PAUSE after 1 conversions: cooldown 30s + cleanup
Converting 71789222_75 at Thu Sep  3 09:08:15 PM CDT 2026
FAILED 71789222_75 at Thu Sep  3 09:09:00 PM CDT 2026
PAUSE after 1 conversions: cooldown 30s + cleanup
Finished at Thu Sep  3 09:09:35 PM CDT 2026
total=238 skipped=236 empty_skipped=0 converted=0 failed=2 workers=1
Starting batch (crossingmuon, tpc=1) at Thu Sep  3 09:11:44 PM CDT 2026 parallel=0 workers=1 pause_every=1
Input:  /pnfs/sbnd/scratch/users/munjung/v10_06_00/data_MCP2025B_CrossingMuon_FullRun1_AfterLight_8_crossingmuon/waveforms
Output: /pnfs/sbnd/scratch/users/munjung/v10_06_00/data_MCP2025B_CrossingMuon_FullRun1_AfterLight_8_crossingmuon/h5 (g4-raw-1_*.h5)
User memory budget: 37 GiB, currently used: 9 GiB
Converting 71789176_29 at Thu Sep  3 09:11:45 PM CDT 2026
FAILED 71789176_29 at Thu Sep  3 09:12:43 PM CDT 2026
PAUSE after 1 conversions: cooldown 30s + cleanup
Converting 71789222_75 at Thu Sep  3 09:13:16 PM CDT 2026
FAILED 71789222_75 at Thu Sep  3 09:14:03 PM CDT 2026
PAUSE after 1 conversions: cooldown 30s + cleanup
Finished at Thu Sep  3 09:14:38 PM CDT 2026
total=238 skipped=236 empty_skipped=0 converted=0 failed=2 workers=1
Starting batch (crossingmuon, tpc=1) at Thu Sep  3 09:16:48 PM CDT 2026 parallel=0 workers=1 pause_every=1
Input:  /pnfs/sbnd/scratch/users/munjung/v10_06_00/data_MCP2025B_CrossingMuon_FullRun1_AfterLight_8_crossingmuon/waveforms
Output: /pnfs/sbnd/scratch/users/munjung/v10_06_00/data_MCP2025B_CrossingMuon_FullRun1_AfterLight_8_crossingmuon/h5 (g4-raw-1_*.h5)
User memory budget: 37 GiB, currently used: 9 GiB
Converting 71789176_29 at Thu Sep  3 09:16:49 PM CDT 2026
FAILED 71789176_29 at Thu Sep  3 09:17:47 PM CDT 2026
PAUSE after 1 conversions: cooldown 30s + cleanup
Converting 71789222_75 at Thu Sep  3 09:18:20 PM CDT 2026
FAILED 71789222_75 at Thu Sep  3 09:19:06 PM CDT 2026
PAUSE after 1 conversions: cooldown 30s + cleanup
Finished at Thu Sep  3 09:19:41 PM CDT 2026
total=238 skipped=236 empty_skipped=0 converted=0 failed=2 workers=1
Starting batch (crossingmuon, tpc=1) at Thu Sep  3 09:21:52 PM CDT 2026 parallel=0 workers=1 pause_every=1
Input:  /pnfs/sbnd/scratch/users/munjung/v10_06_00/data_MCP2025B_CrossingMuon_FullRun1_AfterLight_8_crossingmuon/waveforms
Output: /pnfs/sbnd/scratch/users/munjung/v10_06_00/data_MCP2025B_CrossingMuon_FullRun1_AfterLight_8_crossingmuon/h5 (g4-raw-1_*.h5)
User memory budget: 37 GiB, currently used: 9 GiB
Converting 71789176_29 at Thu Sep  3 09:21:53 PM CDT 2026
FAILED 71789176_29 at Thu Sep  3 09:22:53 PM CDT 2026
PAUSE after 1 conversions: cooldown 30s + cleanup
Converting 71789222_75 at Thu Sep  3 09:23:25 PM CDT 2026
FAILED 71789222_75 at Thu Sep  3 09:24:08 PM CDT 2026
PAUSE after 1 conversions: cooldown 30s + cleanup
Finished at Thu Sep  3 09:24:43 PM CDT 2026
total=238 skipped=236 empty_skipped=0 converted=0 failed=2 workers=1
Starting batch (crossingmuon, tpc=1) at Thu Sep  3 09:26:57 PM CDT 2026 parallel=0 workers=1 pause_every=1
Input:  /pnfs/sbnd/scratch/users/munjung/v10_06_00/data_MCP2025B_CrossingMuon_FullRun1_AfterLight_8_crossingmuon/waveforms
Output: /pnfs/sbnd/scratch/users/munjung/v10_06_00/data_MCP2025B_CrossingMuon_FullRun1_AfterLight_8_crossingmuon/h5 (g4-raw-1_*.h5)
User memory budget: 37 GiB, currently used: 9 GiB
Converting 71789176_29 at Thu Sep  3 09:26:57 PM CDT 2026
FAILED 71789176_29 at Thu Sep  3 09:27:59 PM CDT 2026
PAUSE after 1 conversions: cooldown 30s + cleanup
Converting 71789222_75 at Thu Sep  3 09:28:31 PM CDT 2026
FAILED 71789222_75 at Thu Sep  3 09:29:19 PM CDT 2026
PAUSE after 1 conversions: cooldown 30s + cleanup
Finished at Thu Sep  3 09:29:54 PM CDT 2026
total=238 skipped=236 empty_skipped=0 converted=0 failed=2 workers=1
Starting batch (crossingmuon, tpc=1) at Thu Sep  3 09:32:01 PM CDT 2026 parallel=0 workers=1 pause_every=1
Input:  /pnfs/sbnd/scratch/users/munjung/v10_06_00/data_MCP2025B_CrossingMuon_FullRun1_AfterLight_8_crossingmuon/waveforms
Output: /pnfs/sbnd/scratch/users/munjung/v10_06_00/data_MCP2025B_CrossingMuon_FullRun1_AfterLight_8_crossingmuon/h5 (g4-raw-1_*.h5)
User memory budget: 37 GiB, currently used: 9 GiB
Converting 71789176_29 at Thu Sep  3 09:32:02 PM CDT 2026
FAILED 71789176_29 at Thu Sep  3 09:33:02 PM CDT 2026
PAUSE after 1 conversions: cooldown 30s + cleanup
Converting 71789222_75 at Thu Sep  3 09:33:35 PM CDT 2026
FAILED 71789222_75 at Thu Sep  3 09:34:22 PM CDT 2026
PAUSE after 1 conversions: cooldown 30s + cleanup
Finished at Thu Sep  3 09:34:57 PM CDT 2026
total=238 skipped=236 empty_skipped=0 converted=0 failed=2 workers=1
Starting batch (crossingmuon, tpc=1) at Thu Sep  3 09:37:05 PM CDT 2026 parallel=0 workers=1 pause_every=1
Input:  /pnfs/sbnd/scratch/users/munjung/v10_06_00/data_MCP2025B_CrossingMuon_FullRun1_AfterLight_8_crossingmuon/waveforms
Output: /pnfs/sbnd/scratch/users/munjung/v10_06_00/data_MCP2025B_CrossingMuon_FullRun1_AfterLight_8_crossingmuon/h5 (g4-raw-1_*.h5)
User memory budget: 37 GiB, currently used: 9 GiB
Converting 71789176_29 at Thu Sep  3 09:37:06 PM CDT 2026
FAILED 71789176_29 at Thu Sep  3 09:38:07 PM CDT 2026
PAUSE after 1 conversions: cooldown 30s + cleanup
Converting 71789222_75 at Thu Sep  3 09:38:40 PM CDT 2026
FAILED 71789222_75 at Thu Sep  3 09:39:26 PM CDT 2026
PAUSE after 1 conversions: cooldown 30s + cleanup
Finished at Thu Sep  3 09:40:01 PM CDT 2026
total=238 skipped=236 empty_skipped=0 converted=0 failed=2 workers=1
Starting batch (crossingmuon, tpc=1) at Thu Sep  3 09:42:09 PM CDT 2026 parallel=0 workers=1 pause_every=1
Input:  /pnfs/sbnd/scratch/users/munjung/v10_06_00/data_MCP2025B_CrossingMuon_FullRun1_AfterLight_8_crossingmuon/waveforms
Output: /pnfs/sbnd/scratch/users/munjung/v10_06_00/data_MCP2025B_CrossingMuon_FullRun1_AfterLight_8_crossingmuon/h5 (g4-raw-1_*.h5)
User memory budget: 37 GiB, currently used: 10 GiB
Converting 71789176_29 at Thu Sep  3 09:42:10 PM CDT 2026
FAILED 71789176_29 at Thu Sep  3 09:43:15 PM CDT 2026
PAUSE after 1 conversions: cooldown 30s + cleanup
Converting 71789222_75 at Thu Sep  3 09:43:47 PM CDT 2026
FAILED 71789222_75 at Thu Sep  3 09:44:34 PM CDT 2026
PAUSE after 1 conversions: cooldown 30s + cleanup
Finished at Thu Sep  3 09:45:09 PM CDT 2026
total=238 skipped=236 empty_skipped=0 converted=0 failed=2 workers=1
Starting batch (crossingmuon, tpc=1) at Thu Sep  3 09:47:14 PM CDT 2026 parallel=0 workers=1 pause_every=1
Input:  /pnfs/sbnd/scratch/users/munjung/v10_06_00/data_MCP2025B_CrossingMuon_FullRun1_AfterLight_8_crossingmuon/waveforms
Output: /pnfs/sbnd/scratch/users/munjung/v10_06_00/data_MCP2025B_CrossingMuon_FullRun1_AfterLight_8_crossingmuon/h5 (g4-raw-1_*.h5)
User memory budget: 37 GiB, currently used: 10 GiB
Converting 71789176_29 at Thu Sep  3 09:47:15 PM CDT 2026
FAILED 71789176_29 at Thu Sep  3 09:48:11 PM CDT 2026
PAUSE after 1 conversions: cooldown 30s + cleanup
Converting 71789222_75 at Thu Sep  3 09:48:44 PM CDT 2026
FAILED 71789222_75 at Thu Sep  3 09:49:33 PM CDT 2026
PAUSE after 1 conversions: cooldown 30s + cleanup
Finished at Thu Sep  3 09:50:08 PM CDT 2026
total=238 skipped=236 empty_skipped=0 converted=0 failed=2 workers=1
Starting batch (crossingmuon, tpc=1) at Thu Sep  3 09:52:18 PM CDT 2026 parallel=0 workers=1 pause_every=1
Input:  /pnfs/sbnd/scratch/users/munjung/v10_06_00/data_MCP2025B_CrossingMuon_FullRun1_AfterLight_8_crossingmuon/waveforms
Output: /pnfs/sbnd/scratch/users/munjung/v10_06_00/data_MCP2025B_CrossingMuon_FullRun1_AfterLight_8_crossingmuon/h5 (g4-raw-1_*.h5)
User memory budget: 37 GiB, currently used: 10 GiB
Converting 71789176_29 at Thu Sep  3 09:52:19 PM CDT 2026
FAILED 71789176_29 at Thu Sep  3 09:53:15 PM CDT 2026
PAUSE after 1 conversions: cooldown 30s + cleanup
Converting 71789222_75 at Thu Sep  3 09:53:47 PM CDT 2026
FAILED 71789222_75 at Thu Sep  3 09:54:30 PM CDT 2026
PAUSE after 1 conversions: cooldown 30s + cleanup
Finished at Thu Sep  3 09:55:05 PM CDT 2026
total=238 skipped=236 empty_skipped=0 converted=0 failed=2 workers=1
Starting batch (crossingmuon, tpc=1) at Thu Sep  3 09:57:22 PM CDT 2026 parallel=0 workers=1 pause_every=1
Input:  /pnfs/sbnd/scratch/users/munjung/v10_06_00/data_MCP2025B_CrossingMuon_FullRun1_AfterLight_8_crossingmuon/waveforms
Output: /pnfs/sbnd/scratch/users/munjung/v10_06_00/data_MCP2025B_CrossingMuon_FullRun1_AfterLight_8_crossingmuon/h5 (g4-raw-1_*.h5)
User memory budget: 37 GiB, currently used: 10 GiB
Converting 71789176_29 at Thu Sep  3 09:57:23 PM CDT 2026
FAILED 71789176_29 at Thu Sep  3 09:58:21 PM CDT 2026
PAUSE after 1 conversions: cooldown 30s + cleanup
Converting 71789222_75 at Thu Sep  3 09:58:53 PM CDT 2026
FAILED 71789222_75 at Thu Sep  3 09:59:36 PM CDT 2026
PAUSE after 1 conversions: cooldown 30s + cleanup
Finished at Thu Sep  3 10:00:11 PM CDT 2026
total=238 skipped=236 empty_skipped=0 converted=0 failed=2 workers=1
Starting batch (crossingmuon, tpc=1) at Thu Sep  3 10:02:27 PM CDT 2026 parallel=0 workers=1 pause_every=1
Input:  /pnfs/sbnd/scratch/users/munjung/v10_06_00/data_MCP2025B_CrossingMuon_FullRun1_AfterLight_8_crossingmuon/waveforms
Output: /pnfs/sbnd/scratch/users/munjung/v10_06_00/data_MCP2025B_CrossingMuon_FullRun1_AfterLight_8_crossingmuon/h5 (g4-raw-1_*.h5)
User memory budget: 37 GiB, currently used: 10 GiB
Converting 71789176_29 at Thu Sep  3 10:02:27 PM CDT 2026
FAILED 71789176_29 at Thu Sep  3 10:03:24 PM CDT 2026
PAUSE after 1 conversions: cooldown 30s + cleanup
Converting 71789222_75 at Thu Sep  3 10:03:57 PM CDT 2026
FAILED 71789222_75 at Thu Sep  3 10:04:39 PM CDT 2026
PAUSE after 1 conversions: cooldown 30s + cleanup
Finished at Thu Sep  3 10:05:14 PM CDT 2026
total=238 skipped=236 empty_skipped=0 converted=0 failed=2 workers=1
Starting batch (crossingmuon, tpc=1) at Thu Sep  3 10:07:31 PM CDT 2026 parallel=0 workers=1 pause_every=1
Input:  /pnfs/sbnd/scratch/users/munjung/v10_06_00/data_MCP2025B_CrossingMuon_FullRun1_AfterLight_8_crossingmuon/waveforms
Output: /pnfs/sbnd/scratch/users/munjung/v10_06_00/data_MCP2025B_CrossingMuon_FullRun1_AfterLight_8_crossingmuon/h5 (g4-raw-1_*.h5)
User memory budget: 37 GiB, currently used: 10 GiB
Converting 71789176_29 at Thu Sep  3 10:07:32 PM CDT 2026
FAILED 71789176_29 at Thu Sep  3 10:08:29 PM CDT 2026
PAUSE after 1 conversions: cooldown 30s + cleanup
Converting 71789222_75 at Thu Sep  3 10:09:02 PM CDT 2026
FAILED 71789222_75 at Thu Sep  3 10:09:49 PM CDT 2026
PAUSE after 1 conversions: cooldown 30s + cleanup
Finished at Thu Sep  3 10:10:24 PM CDT 2026
total=238 skipped=236 empty_skipped=0 converted=0 failed=2 workers=1
Starting batch (crossingmuon, tpc=1) at Thu Sep  3 10:12:35 PM CDT 2026 parallel=0 workers=1 pause_every=1
Input:  /pnfs/sbnd/scratch/users/munjung/v10_06_00/data_MCP2025B_CrossingMuon_FullRun1_AfterLight_8_crossingmuon/waveforms
Output: /pnfs/sbnd/scratch/users/munjung/v10_06_00/data_MCP2025B_CrossingMuon_FullRun1_AfterLight_8_crossingmuon/h5 (g4-raw-1_*.h5)
User memory budget: 37 GiB, currently used: 10 GiB
Converting 71789176_29 at Thu Sep  3 10:12:36 PM CDT 2026
FAILED 71789176_29 at Thu Sep  3 10:13:36 PM CDT 2026
PAUSE after 1 conversions: cooldown 30s + cleanup
Converting 71789222_75 at Thu Sep  3 10:14:08 PM CDT 2026
FAILED 71789222_75 at Thu Sep  3 10:14:52 PM CDT 2026
PAUSE after 1 conversions: cooldown 30s + cleanup
Finished at Thu Sep  3 10:15:27 PM CDT 2026
total=238 skipped=236 empty_skipped=0 converted=0 failed=2 workers=1
Starting batch (crossingmuon, tpc=1) at Thu Sep  3 10:17:40 PM CDT 2026 parallel=0 workers=1 pause_every=1
Input:  /pnfs/sbnd/scratch/users/munjung/v10_06_00/data_MCP2025B_CrossingMuon_FullRun1_AfterLight_8_crossingmuon/waveforms
Output: /pnfs/sbnd/scratch/users/munjung/v10_06_00/data_MCP2025B_CrossingMuon_FullRun1_AfterLight_8_crossingmuon/h5 (g4-raw-1_*.h5)
User memory budget: 37 GiB, currently used: 10 GiB
Converting 71789176_29 at Thu Sep  3 10:17:40 PM CDT 2026
FAILED 71789176_29 at Thu Sep  3 10:18:38 PM CDT 2026
PAUSE after 1 conversions: cooldown 30s + cleanup
Converting 71789222_75 at Thu Sep  3 10:19:10 PM CDT 2026
FAILED 71789222_75 at Thu Sep  3 10:19:55 PM CDT 2026
PAUSE after 1 conversions: cooldown 30s + cleanup
Finished at Thu Sep  3 10:20:30 PM CDT 2026
total=238 skipped=236 empty_skipped=0 converted=0 failed=2 workers=1
Starting batch (crossingmuon, tpc=1) at Thu Sep  3 10:22:44 PM CDT 2026 parallel=0 workers=1 pause_every=1
Input:  /pnfs/sbnd/scratch/users/munjung/v10_06_00/data_MCP2025B_CrossingMuon_FullRun1_AfterLight_8_crossingmuon/waveforms
Output: /pnfs/sbnd/scratch/users/munjung/v10_06_00/data_MCP2025B_CrossingMuon_FullRun1_AfterLight_8_crossingmuon/h5 (g4-raw-1_*.h5)
User memory budget: 37 GiB, currently used: 9 GiB
Converting 71789176_29 at Thu Sep  3 10:22:44 PM CDT 2026
FAILED 71789176_29 at Thu Sep  3 10:23:43 PM CDT 2026
PAUSE after 1 conversions: cooldown 30s + cleanup
Converting 71789222_75 at Thu Sep  3 10:24:16 PM CDT 2026
FAILED 71789222_75 at Thu Sep  3 10:24:58 PM CDT 2026
PAUSE after 1 conversions: cooldown 30s + cleanup
Finished at Thu Sep  3 10:25:33 PM CDT 2026
total=238 skipped=236 empty_skipped=0 converted=0 failed=2 workers=1
Starting batch (crossingmuon, tpc=1) at Thu Sep  3 10:27:48 PM CDT 2026 parallel=0 workers=1 pause_every=1
Input:  /pnfs/sbnd/scratch/users/munjung/v10_06_00/data_MCP2025B_CrossingMuon_FullRun1_AfterLight_8_crossingmuon/waveforms
Output: /pnfs/sbnd/scratch/users/munjung/v10_06_00/data_MCP2025B_CrossingMuon_FullRun1_AfterLight_8_crossingmuon/h5 (g4-raw-1_*.h5)
User memory budget: 37 GiB, currently used: 8 GiB
Converting 71789176_29 at Thu Sep  3 10:27:48 PM CDT 2026
FAILED 71789176_29 at Thu Sep  3 10:28:45 PM CDT 2026
PAUSE after 1 conversions: cooldown 30s + cleanup
Converting 71789222_75 at Thu Sep  3 10:29:18 PM CDT 2026
FAILED 71789222_75 at Thu Sep  3 10:30:01 PM CDT 2026
PAUSE after 1 conversions: cooldown 30s + cleanup
Finished at Thu Sep  3 10:30:36 PM CDT 2026
total=238 skipped=236 empty_skipped=0 converted=0 failed=2 workers=1
Starting batch (crossingmuon, tpc=1) at Thu Sep  3 10:32:52 PM CDT 2026 parallel=0 workers=1 pause_every=1
Input:  /pnfs/sbnd/scratch/users/munjung/v10_06_00/data_MCP2025B_CrossingMuon_FullRun1_AfterLight_8_crossingmuon/waveforms
Output: /pnfs/sbnd/scratch/users/munjung/v10_06_00/data_MCP2025B_CrossingMuon_FullRun1_AfterLight_8_crossingmuon/h5 (g4-raw-1_*.h5)
User memory budget: 37 GiB, currently used: 8 GiB
Converting 71789176_29 at Thu Sep  3 10:32:53 PM CDT 2026
FAILED 71789176_29 at Thu Sep  3 10:33:52 PM CDT 2026
PAUSE after 1 conversions: cooldown 30s + cleanup
Converting 71789222_75 at Thu Sep  3 10:34:24 PM CDT 2026
FAILED 71789222_75 at Thu Sep  3 10:35:08 PM CDT 2026
PAUSE after 1 conversions: cooldown 30s + cleanup
Finished at Thu Sep  3 10:35:43 PM CDT 2026
total=238 skipped=236 empty_skipped=0 converted=0 failed=2 workers=1
Starting batch (crossingmuon, tpc=1) at Thu Sep  3 10:37:56 PM CDT 2026 parallel=0 workers=1 pause_every=1
Input:  /pnfs/sbnd/scratch/users/munjung/v10_06_00/data_MCP2025B_CrossingMuon_FullRun1_AfterLight_8_crossingmuon/waveforms
Output: /pnfs/sbnd/scratch/users/munjung/v10_06_00/data_MCP2025B_CrossingMuon_FullRun1_AfterLight_8_crossingmuon/h5 (g4-raw-1_*.h5)
User memory budget: 37 GiB, currently used: 8 GiB
Converting 71789176_29 at Thu Sep  3 10:37:57 PM CDT 2026
FAILED 71789176_29 at Thu Sep  3 10:38:54 PM CDT 2026
PAUSE after 1 conversions: cooldown 30s + cleanup
Converting 71789222_75 at Thu Sep  3 10:39:27 PM CDT 2026
FAILED 71789222_75 at Thu Sep  3 10:40:12 PM CDT 2026
PAUSE after 1 conversions: cooldown 30s + cleanup
Finished at Thu Sep  3 10:40:46 PM CDT 2026
total=238 skipped=236 empty_skipped=0 converted=0 failed=2 workers=1
Starting batch (crossingmuon, tpc=1) at Thu Sep  3 10:43:01 PM CDT 2026 parallel=0 workers=1 pause_every=1
Input:  /pnfs/sbnd/scratch/users/munjung/v10_06_00/data_MCP2025B_CrossingMuon_FullRun1_AfterLight_8_crossingmuon/waveforms
Output: /pnfs/sbnd/scratch/users/munjung/v10_06_00/data_MCP2025B_CrossingMuon_FullRun1_AfterLight_8_crossingmuon/h5 (g4-raw-1_*.h5)
User memory budget: 37 GiB, currently used: 8 GiB
Converting 71789176_29 at Thu Sep  3 10:43:01 PM CDT 2026
FAILED 71789176_29 at Thu Sep  3 10:44:08 PM CDT 2026
PAUSE after 1 conversions: cooldown 30s + cleanup
Converting 71789222_75 at Thu Sep  3 10:44:41 PM CDT 2026
FAILED 71789222_75 at Thu Sep  3 10:45:31 PM CDT 2026
PAUSE after 1 conversions: cooldown 30s + cleanup
Finished at Thu Sep  3 10:46:05 PM CDT 2026
total=238 skipped=236 empty_skipped=0 converted=0 failed=2 workers=1
Starting batch (crossingmuon, tpc=1) at Thu Sep  3 10:48:06 PM CDT 2026 parallel=0 workers=1 pause_every=1
Input:  /pnfs/sbnd/scratch/users/munjung/v10_06_00/data_MCP2025B_CrossingMuon_FullRun1_AfterLight_8_crossingmuon/waveforms
Output: /pnfs/sbnd/scratch/users/munjung/v10_06_00/data_MCP2025B_CrossingMuon_FullRun1_AfterLight_8_crossingmuon/h5 (g4-raw-1_*.h5)
User memory budget: 37 GiB, currently used: 9 GiB
Converting 71789176_29 at Thu Sep  3 10:48:07 PM CDT 2026
FAILED 71789176_29 at Thu Sep  3 10:49:41 PM CDT 2026
PAUSE after 1 conversions: cooldown 30s + cleanup
Converting 71789222_75 at Thu Sep  3 10:50:14 PM CDT 2026
FAILED 71789222_75 at Thu Sep  3 10:51:22 PM CDT 2026
PAUSE after 1 conversions: cooldown 30s + cleanup
Finished at Thu Sep  3 10:51:57 PM CDT 2026
total=238 skipped=236 empty_skipped=0 converted=0 failed=2 workers=1
Starting batch (crossingmuon, tpc=1) at Thu Sep  3 10:53:10 PM CDT 2026 parallel=0 workers=1 pause_every=1
Input:  /pnfs/sbnd/scratch/users/munjung/v10_06_00/data_MCP2025B_CrossingMuon_FullRun1_AfterLight_8_crossingmuon/waveforms
Output: /pnfs/sbnd/scratch/users/munjung/v10_06_00/data_MCP2025B_CrossingMuon_FullRun1_AfterLight_8_crossingmuon/h5 (g4-raw-1_*.h5)
User memory budget: 37 GiB, currently used: 11 GiB
Converting 71789176_29 at Thu Sep  3 10:53:11 PM CDT 2026
FAILED 71789176_29 at Thu Sep  3 10:54:49 PM CDT 2026
PAUSE after 1 conversions: cooldown 30s + cleanup
Converting 71789222_75 at Thu Sep  3 10:55:21 PM CDT 2026
FAILED 71789222_75 at Thu Sep  3 10:56:27 PM CDT 2026
PAUSE after 1 conversions: cooldown 30s + cleanup
Finished at Thu Sep  3 10:57:02 PM CDT 2026
total=238 skipped=236 empty_skipped=0 converted=0 failed=2 workers=1
Starting batch (crossingmuon, tpc=1) at Thu Sep  3 10:58:15 PM CDT 2026 parallel=0 workers=1 pause_every=1
Input:  /pnfs/sbnd/scratch/users/munjung/v10_06_00/data_MCP2025B_CrossingMuon_FullRun1_AfterLight_8_crossingmuon/waveforms
Output: /pnfs/sbnd/scratch/users/munjung/v10_06_00/data_MCP2025B_CrossingMuon_FullRun1_AfterLight_8_crossingmuon/h5 (g4-raw-1_*.h5)
User memory budget: 37 GiB, currently used: 11 GiB
Converting 71789176_29 at Thu Sep  3 10:58:15 PM CDT 2026
FAILED 71789176_29 at Thu Sep  3 10:59:32 PM CDT 2026
PAUSE after 1 conversions: cooldown 30s + cleanup
Converting 71789222_75 at Thu Sep  3 11:00:04 PM CDT 2026
FAILED 71789222_75 at Thu Sep  3 11:01:07 PM CDT 2026
PAUSE after 1 conversions: cooldown 30s + cleanup
Finished at Thu Sep  3 11:01:42 PM CDT 2026
total=238 skipped=236 empty_skipped=0 converted=0 failed=2 workers=1
Starting batch (crossingmuon, tpc=1) at Thu Sep  3 11:03:19 PM CDT 2026 parallel=0 workers=1 pause_every=1
Input:  /pnfs/sbnd/scratch/users/munjung/v10_06_00/data_MCP2025B_CrossingMuon_FullRun1_AfterLight_8_crossingmuon/waveforms
Output: /pnfs/sbnd/scratch/users/munjung/v10_06_00/data_MCP2025B_CrossingMuon_FullRun1_AfterLight_8_crossingmuon/h5 (g4-raw-1_*.h5)
User memory budget: 37 GiB, currently used: 11 GiB
Converting 71789176_29 at Thu Sep  3 11:03:20 PM CDT 2026
FAILED 71789176_29 at Thu Sep  3 11:04:18 PM CDT 2026
PAUSE after 1 conversions: cooldown 30s + cleanup
Converting 71789222_75 at Thu Sep  3 11:04:50 PM CDT 2026
FAILED 71789222_75 at Thu Sep  3 11:05:31 PM CDT 2026
PAUSE after 1 conversions: cooldown 30s + cleanup
Finished at Thu Sep  3 11:06:06 PM CDT 2026
total=238 skipped=236 empty_skipped=0 converted=0 failed=2 workers=1
Starting batch (crossingmuon, tpc=1) at Thu Sep  3 11:08:23 PM CDT 2026 parallel=0 workers=1 pause_every=1
Input:  /pnfs/sbnd/scratch/users/munjung/v10_06_00/data_MCP2025B_CrossingMuon_FullRun1_AfterLight_8_crossingmuon/waveforms
Output: /pnfs/sbnd/scratch/users/munjung/v10_06_00/data_MCP2025B_CrossingMuon_FullRun1_AfterLight_8_crossingmuon/h5 (g4-raw-1_*.h5)
User memory budget: 37 GiB, currently used: 11 GiB
Converting 71789176_29 at Thu Sep  3 11:08:24 PM CDT 2026
FAILED 71789176_29 at Thu Sep  3 11:09:23 PM CDT 2026
PAUSE after 1 conversions: cooldown 30s + cleanup
Converting 71789222_75 at Thu Sep  3 11:09:55 PM CDT 2026
FAILED 71789222_75 at Thu Sep  3 11:10:36 PM CDT 2026
PAUSE after 1 conversions: cooldown 30s + cleanup
Finished at Thu Sep  3 11:11:11 PM CDT 2026
total=238 skipped=236 empty_skipped=0 converted=0 failed=2 workers=1
Starting batch (crossingmuon, tpc=1) at Thu Sep  3 11:13:28 PM CDT 2026 parallel=0 workers=1 pause_every=1
Input:  /pnfs/sbnd/scratch/users/munjung/v10_06_00/data_MCP2025B_CrossingMuon_FullRun1_AfterLight_8_crossingmuon/waveforms
Output: /pnfs/sbnd/scratch/users/munjung/v10_06_00/data_MCP2025B_CrossingMuon_FullRun1_AfterLight_8_crossingmuon/h5 (g4-raw-1_*.h5)
User memory budget: 37 GiB, currently used: 11 GiB
Converting 71789176_29 at Thu Sep  3 11:13:28 PM CDT 2026
FAILED 71789176_29 at Thu Sep  3 11:14:24 PM CDT 2026
PAUSE after 1 conversions: cooldown 30s + cleanup
Converting 71789222_75 at Thu Sep  3 11:14:57 PM CDT 2026
FAILED 71789222_75 at Thu Sep  3 11:15:39 PM CDT 2026
PAUSE after 1 conversions: cooldown 30s + cleanup
Finished at Thu Sep  3 11:16:14 PM CDT 2026
total=238 skipped=236 empty_skipped=0 converted=0 failed=2 workers=1
Starting batch (crossingmuon, tpc=1) at Thu Sep  3 11:18:32 PM CDT 2026 parallel=0 workers=1 pause_every=1
Input:  /pnfs/sbnd/scratch/users/munjung/v10_06_00/data_MCP2025B_CrossingMuon_FullRun1_AfterLight_8_crossingmuon/waveforms
Output: /pnfs/sbnd/scratch/users/munjung/v10_06_00/data_MCP2025B_CrossingMuon_FullRun1_AfterLight_8_crossingmuon/h5 (g4-raw-1_*.h5)
User memory budget: 37 GiB, currently used: 11 GiB
Converting 71789176_29 at Thu Sep  3 11:18:33 PM CDT 2026
FAILED 71789176_29 at Thu Sep  3 11:19:27 PM CDT 2026
PAUSE after 1 conversions: cooldown 30s + cleanup
Converting 71789222_75 at Thu Sep  3 11:20:00 PM CDT 2026
FAILED 71789222_75 at Thu Sep  3 11:20:39 PM CDT 2026
PAUSE after 1 conversions: cooldown 30s + cleanup
Finished at Thu Sep  3 11:21:14 PM CDT 2026
total=238 skipped=236 empty_skipped=0 converted=0 failed=2 workers=1
Starting batch (crossingmuon, tpc=1) at Thu Sep  3 11:23:37 PM CDT 2026 parallel=0 workers=1 pause_every=1
Input:  /pnfs/sbnd/scratch/users/munjung/v10_06_00/data_MCP2025B_CrossingMuon_FullRun1_AfterLight_8_crossingmuon/waveforms
Output: /pnfs/sbnd/scratch/users/munjung/v10_06_00/data_MCP2025B_CrossingMuon_FullRun1_AfterLight_8_crossingmuon/h5 (g4-raw-1_*.h5)
User memory budget: 37 GiB, currently used: 11 GiB
Converting 71789176_29 at Thu Sep  3 11:23:37 PM CDT 2026
FAILED 71789176_29 at Thu Sep  3 11:24:30 PM CDT 2026
PAUSE after 1 conversions: cooldown 30s + cleanup
Converting 71789222_75 at Thu Sep  3 11:25:03 PM CDT 2026
FAILED 71789222_75 at Thu Sep  3 11:25:41 PM CDT 2026
PAUSE after 1 conversions: cooldown 30s + cleanup
Finished at Thu Sep  3 11:26:16 PM CDT 2026
total=238 skipped=236 empty_skipped=0 converted=0 failed=2 workers=1
Starting batch (crossingmuon, tpc=1) at Thu Sep  3 11:28:41 PM CDT 2026 parallel=0 workers=1 pause_every=1
Input:  /pnfs/sbnd/scratch/users/munjung/v10_06_00/data_MCP2025B_CrossingMuon_FullRun1_AfterLight_8_crossingmuon/waveforms
Output: /pnfs/sbnd/scratch/users/munjung/v10_06_00/data_MCP2025B_CrossingMuon_FullRun1_AfterLight_8_crossingmuon/h5 (g4-raw-1_*.h5)
User memory budget: 37 GiB, currently used: 11 GiB
Converting 71789176_29 at Thu Sep  3 11:28:41 PM CDT 2026
FAILED 71789176_29 at Thu Sep  3 11:29:34 PM CDT 2026
PAUSE after 1 conversions: cooldown 30s + cleanup
Converting 71789222_75 at Thu Sep  3 11:30:07 PM CDT 2026
FAILED 71789222_75 at Thu Sep  3 11:30:46 PM CDT 2026
PAUSE after 1 conversions: cooldown 30s + cleanup
Finished at Thu Sep  3 11:31:21 PM CDT 2026
total=238 skipped=236 empty_skipped=0 converted=0 failed=2 workers=1
Starting batch (crossingmuon, tpc=1) at Thu Sep  3 11:33:45 PM CDT 2026 parallel=0 workers=1 pause_every=1
Input:  /pnfs/sbnd/scratch/users/munjung/v10_06_00/data_MCP2025B_CrossingMuon_FullRun1_AfterLight_8_crossingmuon/waveforms
Output: /pnfs/sbnd/scratch/users/munjung/v10_06_00/data_MCP2025B_CrossingMuon_FullRun1_AfterLight_8_crossingmuon/h5 (g4-raw-1_*.h5)
User memory budget: 37 GiB, currently used: 10 GiB
Converting 71789176_29 at Thu Sep  3 11:33:45 PM CDT 2026
FAILED 71789176_29 at Thu Sep  3 11:34:37 PM CDT 2026
PAUSE after 1 conversions: cooldown 30s + cleanup
Converting 71789222_75 at Thu Sep  3 11:35:10 PM CDT 2026
FAILED 71789222_75 at Thu Sep  3 11:35:49 PM CDT 2026
PAUSE after 1 conversions: cooldown 30s + cleanup
Finished at Thu Sep  3 11:36:24 PM CDT 2026
total=238 skipped=236 empty_skipped=0 converted=0 failed=2 workers=1
Starting batch (crossingmuon, tpc=1) at Thu Sep  3 11:38:49 PM CDT 2026 parallel=0 workers=1 pause_every=1
Input:  /pnfs/sbnd/scratch/users/munjung/v10_06_00/data_MCP2025B_CrossingMuon_FullRun1_AfterLight_8_crossingmuon/waveforms
Output: /pnfs/sbnd/scratch/users/munjung/v10_06_00/data_MCP2025B_CrossingMuon_FullRun1_AfterLight_8_crossingmuon/h5 (g4-raw-1_*.h5)
User memory budget: 37 GiB, currently used: 10 GiB
Converting 71789176_29 at Thu Sep  3 11:38:50 PM CDT 2026
FAILED 71789176_29 at Thu Sep  3 11:39:42 PM CDT 2026
PAUSE after 1 conversions: cooldown 30s + cleanup
Converting 71789222_75 at Thu Sep  3 11:40:15 PM CDT 2026
FAILED 71789222_75 at Thu Sep  3 11:40:53 PM CDT 2026
PAUSE after 1 conversions: cooldown 30s + cleanup
Finished at Thu Sep  3 11:41:28 PM CDT 2026
total=238 skipped=236 empty_skipped=0 converted=0 failed=2 workers=1
Starting batch (crossingmuon, tpc=1) at Thu Sep  3 11:43:53 PM CDT 2026 parallel=0 workers=1 pause_every=1
Input:  /pnfs/sbnd/scratch/users/munjung/v10_06_00/data_MCP2025B_CrossingMuon_FullRun1_AfterLight_8_crossingmuon/waveforms
Output: /pnfs/sbnd/scratch/users/munjung/v10_06_00/data_MCP2025B_CrossingMuon_FullRun1_AfterLight_8_crossingmuon/h5 (g4-raw-1_*.h5)
User memory budget: 37 GiB, currently used: 10 GiB
Converting 71789176_29 at Thu Sep  3 11:43:54 PM CDT 2026
FAILED 71789176_29 at Thu Sep  3 11:44:47 PM CDT 2026
PAUSE after 1 conversions: cooldown 30s + cleanup
Converting 71789222_75 at Thu Sep  3 11:45:20 PM CDT 2026
FAILED 71789222_75 at Thu Sep  3 11:45:57 PM CDT 2026
PAUSE after 1 conversions: cooldown 30s + cleanup
Finished at Thu Sep  3 11:46:32 PM CDT 2026
total=238 skipped=236 empty_skipped=0 converted=0 failed=2 workers=1
Starting batch (crossingmuon, tpc=1) at Thu Sep  3 11:48:58 PM CDT 2026 parallel=0 workers=1 pause_every=1
Input:  /pnfs/sbnd/scratch/users/munjung/v10_06_00/data_MCP2025B_CrossingMuon_FullRun1_AfterLight_8_crossingmuon/waveforms
Output: /pnfs/sbnd/scratch/users/munjung/v10_06_00/data_MCP2025B_CrossingMuon_FullRun1_AfterLight_8_crossingmuon/h5 (g4-raw-1_*.h5)
User memory budget: 37 GiB, currently used: 10 GiB
Converting 71789176_29 at Thu Sep  3 11:48:58 PM CDT 2026
FAILED 71789176_29 at Thu Sep  3 11:49:50 PM CDT 2026
PAUSE after 1 conversions: cooldown 30s + cleanup
Converting 71789222_75 at Thu Sep  3 11:50:23 PM CDT 2026
FAILED 71789222_75 at Thu Sep  3 11:51:01 PM CDT 2026
PAUSE after 1 conversions: cooldown 30s + cleanup
Finished at Thu Sep  3 11:51:36 PM CDT 2026
total=238 skipped=236 empty_skipped=0 converted=0 failed=2 workers=1
Starting batch (crossingmuon, tpc=1) at Thu Sep  3 11:54:02 PM CDT 2026 parallel=0 workers=1 pause_every=1
Input:  /pnfs/sbnd/scratch/users/munjung/v10_06_00/data_MCP2025B_CrossingMuon_FullRun1_AfterLight_8_crossingmuon/waveforms
Output: /pnfs/sbnd/scratch/users/munjung/v10_06_00/data_MCP2025B_CrossingMuon_FullRun1_AfterLight_8_crossingmuon/h5 (g4-raw-1_*.h5)
User memory budget: 37 GiB, currently used: 10 GiB
Converting 71789176_29 at Thu Sep  3 11:54:03 PM CDT 2026
FAILED 71789176_29 at Thu Sep  3 11:54:55 PM CDT 2026
PAUSE after 1 conversions: cooldown 30s + cleanup
Converting 71789222_75 at Thu Sep  3 11:55:28 PM CDT 2026
FAILED 71789222_75 at Thu Sep  3 11:56:06 PM CDT 2026
PAUSE after 1 conversions: cooldown 30s + cleanup
Finished at Thu Sep  3 11:56:41 PM CDT 2026
total=238 skipped=236 empty_skipped=0 converted=0 failed=2 workers=1
Starting batch (crossingmuon, tpc=1) at Thu Sep  3 11:59:07 PM CDT 2026 parallel=0 workers=1 pause_every=1
Input:  /pnfs/sbnd/scratch/users/munjung/v10_06_00/data_MCP2025B_CrossingMuon_FullRun1_AfterLight_8_crossingmuon/waveforms
Output: /pnfs/sbnd/scratch/users/munjung/v10_06_00/data_MCP2025B_CrossingMuon_FullRun1_AfterLight_8_crossingmuon/h5 (g4-raw-1_*.h5)
User memory budget: 37 GiB, currently used: 11 GiB
Converting 71789176_29 at Thu Sep  3 11:59:08 PM CDT 2026
FAILED 71789176_29 at Fri Sep  4 12:00:13 AM CDT 2026
PAUSE after 1 conversions: cooldown 30s + cleanup
Converting 71789222_75 at Fri Sep  4 12:00:45 AM CDT 2026
FAILED 71789222_75 at Fri Sep  4 12:01:35 AM CDT 2026
PAUSE after 1 conversions: cooldown 30s + cleanup
Finished at Fri Sep  4 12:02:10 AM CDT 2026
total=238 skipped=236 empty_skipped=0 converted=0 failed=2 workers=1
Starting batch (crossingmuon, tpc=1) at Fri Sep  4 12:04:11 AM CDT 2026 parallel=0 workers=1 pause_every=1
Input:  /pnfs/sbnd/scratch/users/munjung/v10_06_00/data_MCP2025B_CrossingMuon_FullRun1_AfterLight_8_crossingmuon/waveforms
Output: /pnfs/sbnd/scratch/users/munjung/v10_06_00/data_MCP2025B_CrossingMuon_FullRun1_AfterLight_8_crossingmuon/h5 (g4-raw-1_*.h5)
User memory budget: 37 GiB, currently used: 11 GiB
Converting 71789176_29 at Fri Sep  4 12:04:12 AM CDT 2026
FAILED 71789176_29 at Fri Sep  4 12:05:44 AM CDT 2026
PAUSE after 1 conversions: cooldown 30s + cleanup
Converting 71789222_75 at Fri Sep  4 12:06:17 AM CDT 2026
FAILED 71789222_75 at Fri Sep  4 12:07:17 AM CDT 2026
PAUSE after 1 conversions: cooldown 30s + cleanup
Finished at Fri Sep  4 12:07:51 AM CDT 2026
total=238 skipped=236 empty_skipped=0 converted=0 failed=2 workers=1
Starting batch (crossingmuon, tpc=1) at Fri Sep  4 12:09:16 AM CDT 2026 parallel=0 workers=1 pause_every=1
Input:  /pnfs/sbnd/scratch/users/munjung/v10_06_00/data_MCP2025B_CrossingMuon_FullRun1_AfterLight_8_crossingmuon/waveforms
Output: /pnfs/sbnd/scratch/users/munjung/v10_06_00/data_MCP2025B_CrossingMuon_FullRun1_AfterLight_8_crossingmuon/h5 (g4-raw-1_*.h5)
User memory budget: 37 GiB, currently used: 14 GiB
Converting 71789176_29 at Fri Sep  4 12:09:17 AM CDT 2026
FAILED 71789176_29 at Fri Sep  4 12:10:39 AM CDT 2026
PAUSE after 1 conversions: cooldown 30s + cleanup
Converting 71789222_75 at Fri Sep  4 12:11:12 AM CDT 2026
FAILED 71789222_75 at Fri Sep  4 12:12:12 AM CDT 2026
PAUSE after 1 conversions: cooldown 30s + cleanup
Finished at Fri Sep  4 12:12:47 AM CDT 2026
total=238 skipped=236 empty_skipped=0 converted=0 failed=2 workers=1
Starting batch (crossingmuon, tpc=1) at Fri Sep  4 12:14:21 AM CDT 2026 parallel=0 workers=1 pause_every=1
Input:  /pnfs/sbnd/scratch/users/munjung/v10_06_00/data_MCP2025B_CrossingMuon_FullRun1_AfterLight_8_crossingmuon/waveforms
Output: /pnfs/sbnd/scratch/users/munjung/v10_06_00/data_MCP2025B_CrossingMuon_FullRun1_AfterLight_8_crossingmuon/h5 (g4-raw-1_*.h5)
User memory budget: 37 GiB, currently used: 21 GiB
Converting 71789176_29 at Fri Sep  4 12:14:22 AM CDT 2026
FAILED 71789176_29 at Fri Sep  4 12:16:02 AM CDT 2026
PAUSE after 1 conversions: cooldown 30s + cleanup
Converting 71789222_75 at Fri Sep  4 12:16:34 AM CDT 2026
FAILED 71789222_75 at Fri Sep  4 12:17:43 AM CDT 2026
PAUSE after 1 conversions: cooldown 30s + cleanup
Finished at Fri Sep  4 12:18:18 AM CDT 2026
total=238 skipped=236 empty_skipped=0 converted=0 failed=2 workers=1
Starting batch (crossingmuon, tpc=1) at Fri Sep  4 12:19:25 AM CDT 2026 parallel=0 workers=1 pause_every=1
Input:  /pnfs/sbnd/scratch/users/munjung/v10_06_00/data_MCP2025B_CrossingMuon_FullRun1_AfterLight_8_crossingmuon/waveforms
Output: /pnfs/sbnd/scratch/users/munjung/v10_06_00/data_MCP2025B_CrossingMuon_FullRun1_AfterLight_8_crossingmuon/h5 (g4-raw-1_*.h5)
User memory budget: 37 GiB, currently used: 21 GiB
Converting 71789176_29 at Fri Sep  4 12:19:26 AM CDT 2026
FAILED 71789176_29 at Fri Sep  4 12:20:42 AM CDT 2026
PAUSE after 1 conversions: cooldown 30s + cleanup
Converting 71789222_75 at Fri Sep  4 12:21:15 AM CDT 2026
FAILED 71789222_75 at Fri Sep  4 12:22:15 AM CDT 2026
PAUSE after 1 conversions: cooldown 30s + cleanup
Finished at Fri Sep  4 12:22:50 AM CDT 2026
total=238 skipped=236 empty_skipped=0 converted=0 failed=2 workers=1
Starting batch (crossingmuon, tpc=1) at Fri Sep  4 12:24:30 AM CDT 2026 parallel=0 workers=1 pause_every=1
Input:  /pnfs/sbnd/scratch/users/munjung/v10_06_00/data_MCP2025B_CrossingMuon_FullRun1_AfterLight_8_crossingmuon/waveforms
Output: /pnfs/sbnd/scratch/users/munjung/v10_06_00/data_MCP2025B_CrossingMuon_FullRun1_AfterLight_8_crossingmuon/h5 (g4-raw-1_*.h5)
User memory budget: 37 GiB, currently used: 21 GiB
Converting 71789176_29 at Fri Sep  4 12:24:30 AM CDT 2026
FAILED 71789176_29 at Fri Sep  4 12:26:25 AM CDT 2026
PAUSE after 1 conversions: cooldown 30s + cleanup
Converting 71789222_75 at Fri Sep  4 12:26:58 AM CDT 2026
FAILED 71789222_75 at Fri Sep  4 12:28:03 AM CDT 2026
PAUSE after 1 conversions: cooldown 30s + cleanup
Finished at Fri Sep  4 12:28:37 AM CDT 2026
total=238 skipped=236 empty_skipped=0 converted=0 failed=2 workers=1
Starting batch (crossingmuon, tpc=1) at Fri Sep  4 12:29:34 AM CDT 2026 parallel=0 workers=1 pause_every=1
Input:  /pnfs/sbnd/scratch/users/munjung/v10_06_00/data_MCP2025B_CrossingMuon_FullRun1_AfterLight_8_crossingmuon/waveforms
Output: /pnfs/sbnd/scratch/users/munjung/v10_06_00/data_MCP2025B_CrossingMuon_FullRun1_AfterLight_8_crossingmuon/h5 (g4-raw-1_*.h5)
User memory budget: 37 GiB, currently used: 27 GiB
Converting 71789176_29 at Fri Sep  4 12:29:35 AM CDT 2026
FAILED 71789176_29 at Fri Sep  4 12:30:48 AM CDT 2026
PAUSE after 1 conversions: cooldown 30s + cleanup
Converting 71789222_75 at Fri Sep  4 12:31:21 AM CDT 2026
FAILED 71789222_75 at Fri Sep  4 12:32:14 AM CDT 2026
PAUSE after 1 conversions: cooldown 30s + cleanup
Finished at Fri Sep  4 12:32:48 AM CDT 2026
total=238 skipped=236 empty_skipped=0 converted=0 failed=2 workers=1
Starting batch (crossingmuon, tpc=1) at Fri Sep  4 12:34:39 AM CDT 2026 parallel=0 workers=1 pause_every=1
Input:  /pnfs/sbnd/scratch/users/munjung/v10_06_00/data_MCP2025B_CrossingMuon_FullRun1_AfterLight_8_crossingmuon/waveforms
Output: /pnfs/sbnd/scratch/users/munjung/v10_06_00/data_MCP2025B_CrossingMuon_FullRun1_AfterLight_8_crossingmuon/h5 (g4-raw-1_*.h5)
User memory budget: 37 GiB, currently used: 27 GiB
Converting 71789176_29 at Fri Sep  4 12:34:39 AM CDT 2026
FAILED 71789176_29 at Fri Sep  4 12:35:44 AM CDT 2026
PAUSE after 1 conversions: cooldown 30s + cleanup
Converting 71789222_75 at Fri Sep  4 12:36:16 AM CDT 2026
FAILED 71789222_75 at Fri Sep  4 12:37:07 AM CDT 2026
PAUSE after 1 conversions: cooldown 30s + cleanup
Finished at Fri Sep  4 12:37:41 AM CDT 2026
total=238 skipped=236 empty_skipped=0 converted=0 failed=2 workers=1
Starting batch (crossingmuon, tpc=1) at Fri Sep  4 12:39:43 AM CDT 2026 parallel=0 workers=1 pause_every=1
Input:  /pnfs/sbnd/scratch/users/munjung/v10_06_00/data_MCP2025B_CrossingMuon_FullRun1_AfterLight_8_crossingmuon/waveforms
Output: /pnfs/sbnd/scratch/users/munjung/v10_06_00/data_MCP2025B_CrossingMuon_FullRun1_AfterLight_8_crossingmuon/h5 (g4-raw-1_*.h5)
User memory budget: 37 GiB, currently used: 27 GiB
Converting 71789176_29 at Fri Sep  4 12:39:43 AM CDT 2026
FAILED 71789176_29 at Fri Sep  4 12:40:50 AM CDT 2026
PAUSE after 1 conversions: cooldown 30s + cleanup
Converting 71789222_75 at Fri Sep  4 12:41:23 AM CDT 2026
FAILED 71789222_75 at Fri Sep  4 12:42:13 AM CDT 2026
PAUSE after 1 conversions: cooldown 30s + cleanup
Finished at Fri Sep  4 12:42:48 AM CDT 2026
total=238 skipped=236 empty_skipped=0 converted=0 failed=2 workers=1
Starting batch (crossingmuon, tpc=1) at Fri Sep  4 12:44:47 AM CDT 2026 parallel=0 workers=1 pause_every=1
Input:  /pnfs/sbnd/scratch/users/munjung/v10_06_00/data_MCP2025B_CrossingMuon_FullRun1_AfterLight_8_crossingmuon/waveforms
Output: /pnfs/sbnd/scratch/users/munjung/v10_06_00/data_MCP2025B_CrossingMuon_FullRun1_AfterLight_8_crossingmuon/h5 (g4-raw-1_*.h5)
User memory budget: 37 GiB, currently used: 27 GiB
Converting 71789176_29 at Fri Sep  4 12:44:48 AM CDT 2026
FAILED 71789176_29 at Fri Sep  4 12:46:03 AM CDT 2026
PAUSE after 1 conversions: cooldown 30s + cleanup
Converting 71789222_75 at Fri Sep  4 12:46:36 AM CDT 2026
FAILED 71789222_75 at Fri Sep  4 12:47:36 AM CDT 2026
PAUSE after 1 conversions: cooldown 30s + cleanup
Finished at Fri Sep  4 12:48:10 AM CDT 2026
total=238 skipped=236 empty_skipped=0 converted=0 failed=2 workers=1
Starting batch (crossingmuon, tpc=1) at Fri Sep  4 12:49:51 AM CDT 2026 parallel=0 workers=1 pause_every=1
Input:  /pnfs/sbnd/scratch/users/munjung/v10_06_00/data_MCP2025B_CrossingMuon_FullRun1_AfterLight_8_crossingmuon/waveforms
Output: /pnfs/sbnd/scratch/users/munjung/v10_06_00/data_MCP2025B_CrossingMuon_FullRun1_AfterLight_8_crossingmuon/h5 (g4-raw-1_*.h5)
User memory budget: 37 GiB, currently used: 27 GiB
Converting 71789176_29 at Fri Sep  4 12:49:52 AM CDT 2026
FAILED 71789176_29 at Fri Sep  4 12:51:07 AM CDT 2026
PAUSE after 1 conversions: cooldown 30s + cleanup
Converting 71789222_75 at Fri Sep  4 12:51:39 AM CDT 2026
FAILED 71789222_75 at Fri Sep  4 12:52:37 AM CDT 2026
PAUSE after 1 conversions: cooldown 30s + cleanup
Finished at Fri Sep  4 12:53:12 AM CDT 2026
total=238 skipped=236 empty_skipped=0 converted=0 failed=2 workers=1
Starting batch (crossingmuon, tpc=1) at Fri Sep  4 12:54:56 AM CDT 2026 parallel=0 workers=1 pause_every=1
Input:  /pnfs/sbnd/scratch/users/munjung/v10_06_00/data_MCP2025B_CrossingMuon_FullRun1_AfterLight_8_crossingmuon/waveforms
Output: /pnfs/sbnd/scratch/users/munjung/v10_06_00/data_MCP2025B_CrossingMuon_FullRun1_AfterLight_8_crossingmuon/h5 (g4-raw-1_*.h5)
User memory budget: 37 GiB, currently used: 26 GiB
Converting 71789176_29 at Fri Sep  4 12:54:56 AM CDT 2026
FAILED 71789176_29 at Fri Sep  4 12:56:07 AM CDT 2026
PAUSE after 1 conversions: cooldown 30s + cleanup
Converting 71789222_75 at Fri Sep  4 12:56:40 AM CDT 2026
FAILED 71789222_75 at Fri Sep  4 12:57:37 AM CDT 2026
PAUSE after 1 conversions: cooldown 30s + cleanup
Finished at Fri Sep  4 12:58:12 AM CDT 2026
total=238 skipped=236 empty_skipped=0 converted=0 failed=2 workers=1
Starting batch (crossingmuon, tpc=1) at Fri Sep  4 01:00:00 AM CDT 2026 parallel=0 workers=1 pause_every=1
Input:  /pnfs/sbnd/scratch/users/munjung/v10_06_00/data_MCP2025B_CrossingMuon_FullRun1_AfterLight_8_crossingmuon/waveforms
Output: /pnfs/sbnd/scratch/users/munjung/v10_06_00/data_MCP2025B_CrossingMuon_FullRun1_AfterLight_8_crossingmuon/h5 (g4-raw-1_*.h5)
User memory budget: 37 GiB, currently used: 26 GiB
Converting 71789176_29 at Fri Sep  4 01:00:01 AM CDT 2026
FAILED 71789176_29 at Fri Sep  4 01:01:17 AM CDT 2026
PAUSE after 1 conversions: cooldown 30s + cleanup
Converting 71789222_75 at Fri Sep  4 01:01:49 AM CDT 2026
Starting batch (crossingmuon, tpc=1) at Fri Sep  4 01:05:05 AM CDT 2026 parallel=0 workers=1 pause_every=1
Input:  /pnfs/sbnd/scratch/users/munjung/v10_06_00/data_MCP2025B_CrossingMuon_FullRun1_AfterLight_8_crossingmuon/waveforms
Output: /pnfs/sbnd/scratch/users/munjung/v10_06_00/data_MCP2025B_CrossingMuon_FullRun1_AfterLight_8_crossingmuon/h5 (g4-raw-1_*.h5)
User memory budget: 37 GiB, currently used: 26 GiB
Converting 71789176_29 at Fri Sep  4 01:05:06 AM CDT 2026
FAILED 71789176_29 at Fri Sep  4 01:06:20 AM CDT 2026
PAUSE after 1 conversions: cooldown 30s + cleanup
Converting 71789222_75 at Fri Sep  4 01:06:53 AM CDT 2026
FAILED 71789222_75 at Fri Sep  4 01:07:52 AM CDT 2026
PAUSE after 1 conversions: cooldown 30s + cleanup
Finished at Fri Sep  4 01:08:26 AM CDT 2026
total=238 skipped=236 empty_skipped=0 converted=0 failed=2 workers=1
Starting batch (crossingmuon, tpc=1) at Fri Sep  4 01:10:09 AM CDT 2026 parallel=0 workers=1 pause_every=1
Input:  /pnfs/sbnd/scratch/users/munjung/v10_06_00/data_MCP2025B_CrossingMuon_FullRun1_AfterLight_8_crossingmuon/waveforms
Output: /pnfs/sbnd/scratch/users/munjung/v10_06_00/data_MCP2025B_CrossingMuon_FullRun1_AfterLight_8_crossingmuon/h5 (g4-raw-1_*.h5)
User memory budget: 37 GiB, currently used: 26 GiB
Converting 71789176_29 at Fri Sep  4 01:10:10 AM CDT 2026
FAILED 71789176_29 at Fri Sep  4 01:11:21 AM CDT 2026
PAUSE after 1 conversions: cooldown 30s + cleanup
Converting 71789222_75 at Fri Sep  4 01:11:54 AM CDT 2026
FAILED 71789222_75 at Fri Sep  4 01:12:55 AM CDT 2026
PAUSE after 1 conversions: cooldown 30s + cleanup
Finished at Fri Sep  4 01:13:30 AM CDT 2026
total=238 skipped=236 empty_skipped=0 converted=0 failed=2 workers=1
Starting batch (crossingmuon, tpc=1) at Fri Sep  4 01:15:13 AM CDT 2026 parallel=0 workers=1 pause_every=1
Input:  /pnfs/sbnd/scratch/users/munjung/v10_06_00/data_MCP2025B_CrossingMuon_FullRun1_AfterLight_8_crossingmuon/waveforms
Output: /pnfs/sbnd/scratch/users/munjung/v10_06_00/data_MCP2025B_CrossingMuon_FullRun1_AfterLight_8_crossingmuon/h5 (g4-raw-1_*.h5)
User memory budget: 37 GiB, currently used: 26 GiB
Converting 71789176_29 at Fri Sep  4 01:15:14 AM CDT 2026
FAILED 71789176_29 at Fri Sep  4 01:16:33 AM CDT 2026
PAUSE after 1 conversions: cooldown 30s + cleanup
Converting 71789222_75 at Fri Sep  4 01:17:05 AM CDT 2026
FAILED 71789222_75 at Fri Sep  4 01:18:06 AM CDT 2026
PAUSE after 1 conversions: cooldown 30s + cleanup
Finished at Fri Sep  4 01:18:40 AM CDT 2026
total=238 skipped=236 empty_skipped=0 converted=0 failed=2 workers=1
Starting batch (crossingmuon, tpc=1) at Fri Sep  4 01:20:18 AM CDT 2026 parallel=0 workers=1 pause_every=1
Input:  /pnfs/sbnd/scratch/users/munjung/v10_06_00/data_MCP2025B_CrossingMuon_FullRun1_AfterLight_8_crossingmuon/waveforms
Output: /pnfs/sbnd/scratch/users/munjung/v10_06_00/data_MCP2025B_CrossingMuon_FullRun1_AfterLight_8_crossingmuon/h5 (g4-raw-1_*.h5)
User memory budget: 37 GiB, currently used: 26 GiB
Converting 71789176_29 at Fri Sep  4 01:20:19 AM CDT 2026
FAILED 71789176_29 at Fri Sep  4 01:21:39 AM CDT 2026
PAUSE after 1 conversions: cooldown 30s + cleanup
Converting 71789222_75 at Fri Sep  4 01:22:12 AM CDT 2026
FAILED 71789222_75 at Fri Sep  4 01:23:14 AM CDT 2026
PAUSE after 1 conversions: cooldown 30s + cleanup
Finished at Fri Sep  4 01:23:49 AM CDT 2026
total=238 skipped=236 empty_skipped=0 converted=0 failed=2 workers=1
Starting batch (crossingmuon, tpc=1) at Fri Sep  4 01:25:22 AM CDT 2026 parallel=0 workers=1 pause_every=1
Input:  /pnfs/sbnd/scratch/users/munjung/v10_06_00/data_MCP2025B_CrossingMuon_FullRun1_AfterLight_8_crossingmuon/waveforms
Output: /pnfs/sbnd/scratch/users/munjung/v10_06_00/data_MCP2025B_CrossingMuon_FullRun1_AfterLight_8_crossingmuon/h5 (g4-raw-1_*.h5)
User memory budget: 37 GiB, currently used: 26 GiB
Converting 71789176_29 at Fri Sep  4 01:25:23 AM CDT 2026
FAILED 71789176_29 at Fri Sep  4 01:26:44 AM CDT 2026
PAUSE after 1 conversions: cooldown 30s + cleanup
Converting 71789222_75 at Fri Sep  4 01:27:17 AM CDT 2026
FAILED 71789222_75 at Fri Sep  4 01:28:20 AM CDT 2026
PAUSE after 1 conversions: cooldown 30s + cleanup
Finished at Fri Sep  4 01:28:54 AM CDT 2026
total=238 skipped=236 empty_skipped=0 converted=0 failed=2 workers=1
Starting batch (crossingmuon, tpc=1) at Fri Sep  4 01:30:27 AM CDT 2026 parallel=0 workers=1 pause_every=1
Input:  /pnfs/sbnd/scratch/users/munjung/v10_06_00/data_MCP2025B_CrossingMuon_FullRun1_AfterLight_8_crossingmuon/waveforms
Output: /pnfs/sbnd/scratch/users/munjung/v10_06_00/data_MCP2025B_CrossingMuon_FullRun1_AfterLight_8_crossingmuon/h5 (g4-raw-1_*.h5)
User memory budget: 37 GiB, currently used: 26 GiB
Converting 71789176_29 at Fri Sep  4 01:30:27 AM CDT 2026
FAILED 71789176_29 at Fri Sep  4 01:31:46 AM CDT 2026
PAUSE after 1 conversions: cooldown 30s + cleanup
Converting 71789222_75 at Fri Sep  4 01:32:18 AM CDT 2026
FAILED 71789222_75 at Fri Sep  4 01:33:20 AM CDT 2026
PAUSE after 1 conversions: cooldown 30s + cleanup
Finished at Fri Sep  4 01:33:54 AM CDT 2026
total=238 skipped=236 empty_skipped=0 converted=0 failed=2 workers=1
Starting batch (crossingmuon, tpc=1) at Fri Sep  4 01:35:31 AM CDT 2026 parallel=0 workers=1 pause_every=1
Input:  /pnfs/sbnd/scratch/users/munjung/v10_06_00/data_MCP2025B_CrossingMuon_FullRun1_AfterLight_8_crossingmuon/waveforms
Output: /pnfs/sbnd/scratch/users/munjung/v10_06_00/data_MCP2025B_CrossingMuon_FullRun1_AfterLight_8_crossingmuon/h5 (g4-raw-1_*.h5)
User memory budget: 37 GiB, currently used: 27 GiB
Converting 71789176_29 at Fri Sep  4 01:35:32 AM CDT 2026
FAILED 71789176_29 at Fri Sep  4 01:36:45 AM CDT 2026
PAUSE after 1 conversions: cooldown 30s + cleanup
Converting 71789222_75 at Fri Sep  4 01:37:17 AM CDT 2026
FAILED 71789222_75 at Fri Sep  4 01:38:12 AM CDT 2026
PAUSE after 1 conversions: cooldown 30s + cleanup
Finished at Fri Sep  4 01:38:47 AM CDT 2026
total=238 skipped=236 empty_skipped=0 converted=0 failed=2 workers=1
Starting batch (crossingmuon, tpc=1) at Fri Sep  4 01:40:35 AM CDT 2026 parallel=0 workers=1 pause_every=1
Input:  /pnfs/sbnd/scratch/users/munjung/v10_06_00/data_MCP2025B_CrossingMuon_FullRun1_AfterLight_8_crossingmuon/waveforms
Output: /pnfs/sbnd/scratch/users/munjung/v10_06_00/data_MCP2025B_CrossingMuon_FullRun1_AfterLight_8_crossingmuon/h5 (g4-raw-1_*.h5)
User memory budget: 37 GiB, currently used: 26 GiB
Converting 71789176_29 at Fri Sep  4 01:40:36 AM CDT 2026
FAILED 71789176_29 at Fri Sep  4 01:41:45 AM CDT 2026
PAUSE after 1 conversions: cooldown 30s + cleanup
Converting 71789222_75 at Fri Sep  4 01:42:17 AM CDT 2026
FAILED 71789222_75 at Fri Sep  4 01:43:11 AM CDT 2026
PAUSE after 1 conversions: cooldown 30s + cleanup
Finished at Fri Sep  4 01:43:46 AM CDT 2026
total=238 skipped=236 empty_skipped=0 converted=0 failed=2 workers=1
Starting batch (crossingmuon, tpc=1) at Fri Sep  4 01:45:39 AM CDT 2026 parallel=0 workers=1 pause_every=1
Input:  /pnfs/sbnd/scratch/users/munjung/v10_06_00/data_MCP2025B_CrossingMuon_FullRun1_AfterLight_8_crossingmuon/waveforms
Output: /pnfs/sbnd/scratch/users/munjung/v10_06_00/data_MCP2025B_CrossingMuon_FullRun1_AfterLight_8_crossingmuon/h5 (g4-raw-1_*.h5)
User memory budget: 37 GiB, currently used: 26 GiB
Converting 71789176_29 at Fri Sep  4 01:45:40 AM CDT 2026
FAILED 71789176_29 at Fri Sep  4 01:46:47 AM CDT 2026
PAUSE after 1 conversions: cooldown 30s + cleanup
Converting 71789222_75 at Fri Sep  4 01:47:19 AM CDT 2026
FAILED 71789222_75 at Fri Sep  4 01:48:12 AM CDT 2026
PAUSE after 1 conversions: cooldown 30s + cleanup
Finished at Fri Sep  4 01:48:47 AM CDT 2026
total=238 skipped=236 empty_skipped=0 converted=0 failed=2 workers=1
Starting batch (crossingmuon, tpc=1) at Fri Sep  4 01:50:44 AM CDT 2026 parallel=0 workers=1 pause_every=1
Input:  /pnfs/sbnd/scratch/users/munjung/v10_06_00/data_MCP2025B_CrossingMuon_FullRun1_AfterLight_8_crossingmuon/waveforms
Output: /pnfs/sbnd/scratch/users/munjung/v10_06_00/data_MCP2025B_CrossingMuon_FullRun1_AfterLight_8_crossingmuon/h5 (g4-raw-1_*.h5)
User memory budget: 37 GiB, currently used: 26 GiB
Converting 71789176_29 at Fri Sep  4 01:50:44 AM CDT 2026
FAILED 71789176_29 at Fri Sep  4 01:51:58 AM CDT 2026
PAUSE after 1 conversions: cooldown 30s + cleanup
Converting 71789222_75 at Fri Sep  4 01:52:31 AM CDT 2026
FAILED 71789222_75 at Fri Sep  4 01:53:32 AM CDT 2026
PAUSE after 1 conversions: cooldown 30s + cleanup
Finished at Fri Sep  4 01:54:07 AM CDT 2026
total=238 skipped=236 empty_skipped=0 converted=0 failed=2 workers=1
Starting batch (crossingmuon, tpc=1) at Fri Sep  4 01:55:48 AM CDT 2026 parallel=0 workers=1 pause_every=1
Input:  /pnfs/sbnd/scratch/users/munjung/v10_06_00/data_MCP2025B_CrossingMuon_FullRun1_AfterLight_8_crossingmuon/waveforms
Output: /pnfs/sbnd/scratch/users/munjung/v10_06_00/data_MCP2025B_CrossingMuon_FullRun1_AfterLight_8_crossingmuon/h5 (g4-raw-1_*.h5)
User memory budget: 37 GiB, currently used: 26 GiB
Converting 71789176_29 at Fri Sep  4 01:55:49 AM CDT 2026
FAILED 71789176_29 at Fri Sep  4 01:56:59 AM CDT 2026
PAUSE after 1 conversions: cooldown 30s + cleanup
Converting 71789222_75 at Fri Sep  4 01:57:32 AM CDT 2026
FAILED 71789222_75 at Fri Sep  4 01:58:23 AM CDT 2026
PAUSE after 1 conversions: cooldown 30s + cleanup
Finished at Fri Sep  4 01:58:58 AM CDT 2026
total=238 skipped=236 empty_skipped=0 converted=0 failed=2 workers=1
Starting batch (crossingmuon, tpc=1) at Fri Sep  4 02:00:53 AM CDT 2026 parallel=0 workers=1 pause_every=1
Input:  /pnfs/sbnd/scratch/users/munjung/v10_06_00/data_MCP2025B_CrossingMuon_FullRun1_AfterLight_8_crossingmuon/waveforms
Output: /pnfs/sbnd/scratch/users/munjung/v10_06_00/data_MCP2025B_CrossingMuon_FullRun1_AfterLight_8_crossingmuon/h5 (g4-raw-1_*.h5)
User memory budget: 37 GiB, currently used: 26 GiB
Converting 71789176_29 at Fri Sep  4 02:00:54 AM CDT 2026
FAILED 71789176_29 at Fri Sep  4 02:02:26 AM CDT 2026
PAUSE after 1 conversions: cooldown 30s + cleanup
Converting 71789222_75 at Fri Sep  4 02:02:58 AM CDT 2026
FAILED 71789222_75 at Fri Sep  4 02:04:05 AM CDT 2026
PAUSE after 1 conversions: cooldown 30s + cleanup
Finished at Fri Sep  4 02:04:40 AM CDT 2026
total=238 skipped=236 empty_skipped=0 converted=0 failed=2 workers=1
Starting batch (crossingmuon, tpc=1) at Fri Sep  4 02:05:57 AM CDT 2026 parallel=0 workers=1 pause_every=1
Input:  /pnfs/sbnd/scratch/users/munjung/v10_06_00/data_MCP2025B_CrossingMuon_FullRun1_AfterLight_8_crossingmuon/waveforms
Output: /pnfs/sbnd/scratch/users/munjung/v10_06_00/data_MCP2025B_CrossingMuon_FullRun1_AfterLight_8_crossingmuon/h5 (g4-raw-1_*.h5)
User memory budget: 37 GiB, currently used: 26 GiB
Converting 71789176_29 at Fri Sep  4 02:05:58 AM CDT 2026
FAILED 71789176_29 at Fri Sep  4 02:08:07 AM CDT 2026
PAUSE after 1 conversions: cooldown 30s + cleanup
Converting 71789222_75 at Fri Sep  4 02:08:39 AM CDT 2026
FAILED 71789222_75 at Fri Sep  4 02:09:58 AM CDT 2026
PAUSE after 1 conversions: cooldown 30s + cleanup
Finished at Fri Sep  4 02:10:32 AM CDT 2026
total=238 skipped=236 empty_skipped=0 converted=0 failed=2 workers=1
Starting batch (crossingmuon, tpc=1) at Fri Sep  4 02:11:02 AM CDT 2026 parallel=0 workers=1 pause_every=1
Input:  /pnfs/sbnd/scratch/users/munjung/v10_06_00/data_MCP2025B_CrossingMuon_FullRun1_AfterLight_8_crossingmuon/waveforms
Output: /pnfs/sbnd/scratch/users/munjung/v10_06_00/data_MCP2025B_CrossingMuon_FullRun1_AfterLight_8_crossingmuon/h5 (g4-raw-1_*.h5)
User memory budget: 37 GiB, currently used: 26 GiB
Converting 71789176_29 at Fri Sep  4 02:11:03 AM CDT 2026
FAILED 71789176_29 at Fri Sep  4 02:12:52 AM CDT 2026
PAUSE after 1 conversions: cooldown 30s + cleanup
Converting 71789222_75 at Fri Sep  4 02:13:25 AM CDT 2026
Starting batch (crossingmuon, tpc=1) at Fri Sep  4 02:16:07 AM CDT 2026 parallel=0 workers=1 pause_every=1
Input:  /pnfs/sbnd/scratch/users/munjung/v10_06_00/data_MCP2025B_CrossingMuon_FullRun1_AfterLight_8_crossingmuon/waveforms
Output: /pnfs/sbnd/scratch/users/munjung/v10_06_00/data_MCP2025B_CrossingMuon_FullRun1_AfterLight_8_crossingmuon/h5 (g4-raw-1_*.h5)
User memory budget: 37 GiB, currently used: 26 GiB
Converting 71789176_29 at Fri Sep  4 02:16:07 AM CDT 2026
FAILED 71789176_29 at Fri Sep  4 02:18:09 AM CDT 2026
PAUSE after 1 conversions: cooldown 30s + cleanup
Converting 71789222_75 at Fri Sep  4 02:18:41 AM CDT 2026
FAILED 71789222_75 at Fri Sep  4 02:19:58 AM CDT 2026
PAUSE after 1 conversions: cooldown 30s + cleanup
Finished at Fri Sep  4 02:20:33 AM CDT 2026
total=238 skipped=236 empty_skipped=0 converted=0 failed=2 workers=1
Starting batch (crossingmuon, tpc=1) at Fri Sep  4 02:21:11 AM CDT 2026 parallel=0 workers=1 pause_every=1
Input:  /pnfs/sbnd/scratch/users/munjung/v10_06_00/data_MCP2025B_CrossingMuon_FullRun1_AfterLight_8_crossingmuon/waveforms
Output: /pnfs/sbnd/scratch/users/munjung/v10_06_00/data_MCP2025B_CrossingMuon_FullRun1_AfterLight_8_crossingmuon/h5 (g4-raw-1_*.h5)
User memory budget: 37 GiB, currently used: 26 GiB
Converting 71789176_29 at Fri Sep  4 02:21:12 AM CDT 2026
FAILED 71789176_29 at Fri Sep  4 02:22:36 AM CDT 2026
PAUSE after 1 conversions: cooldown 30s + cleanup
Converting 71789222_75 at Fri Sep  4 02:23:09 AM CDT 2026
FAILED 71789222_75 at Fri Sep  4 02:24:04 AM CDT 2026
PAUSE after 1 conversions: cooldown 30s + cleanup
Finished at Fri Sep  4 02:24:39 AM CDT 2026
total=238 skipped=236 empty_skipped=0 converted=0 failed=2 workers=1
Starting batch (crossingmuon, tpc=1) at Fri Sep  4 02:26:16 AM CDT 2026 parallel=0 workers=1 pause_every=1
Input:  /pnfs/sbnd/scratch/users/munjung/v10_06_00/data_MCP2025B_CrossingMuon_FullRun1_AfterLight_8_crossingmuon/waveforms
Output: /pnfs/sbnd/scratch/users/munjung/v10_06_00/data_MCP2025B_CrossingMuon_FullRun1_AfterLight_8_crossingmuon/h5 (g4-raw-1_*.h5)
User memory budget: 37 GiB, currently used: 26 GiB
Converting 71789176_29 at Fri Sep  4 02:26:16 AM CDT 2026
FAILED 71789176_29 at Fri Sep  4 02:28:04 AM CDT 2026
PAUSE after 1 conversions: cooldown 30s + cleanup
Converting 71789222_75 at Fri Sep  4 02:28:37 AM CDT 2026
FAILED 71789222_75 at Fri Sep  4 02:29:48 AM CDT 2026
PAUSE after 1 conversions: cooldown 30s + cleanup
Finished at Fri Sep  4 02:30:23 AM CDT 2026
total=238 skipped=236 empty_skipped=0 converted=0 failed=2 workers=1
Starting batch (crossingmuon, tpc=1) at Fri Sep  4 02:31:20 AM CDT 2026 parallel=0 workers=1 pause_every=1
Input:  /pnfs/sbnd/scratch/users/munjung/v10_06_00/data_MCP2025B_CrossingMuon_FullRun1_AfterLight_8_crossingmuon/waveforms
Output: /pnfs/sbnd/scratch/users/munjung/v10_06_00/data_MCP2025B_CrossingMuon_FullRun1_AfterLight_8_crossingmuon/h5 (g4-raw-1_*.h5)
User memory budget: 37 GiB, currently used: 26 GiB
Converting 71789176_29 at Fri Sep  4 02:31:21 AM CDT 2026
FAILED 71789176_29 at Fri Sep  4 02:32:36 AM CDT 2026
PAUSE after 1 conversions: cooldown 30s + cleanup
Converting 71789222_75 at Fri Sep  4 02:33:08 AM CDT 2026
FAILED 71789222_75 at Fri Sep  4 02:34:10 AM CDT 2026
PAUSE after 1 conversions: cooldown 30s + cleanup
Finished at Fri Sep  4 02:34:45 AM CDT 2026
total=238 skipped=236 empty_skipped=0 converted=0 failed=2 workers=1
Starting batch (crossingmuon, tpc=1) at Fri Sep  4 02:36:24 AM CDT 2026 parallel=0 workers=1 pause_every=1
Input:  /pnfs/sbnd/scratch/users/munjung/v10_06_00/data_MCP2025B_CrossingMuon_FullRun1_AfterLight_8_crossingmuon/waveforms
Output: /pnfs/sbnd/scratch/users/munjung/v10_06_00/data_MCP2025B_CrossingMuon_FullRun1_AfterLight_8_crossingmuon/h5 (g4-raw-1_*.h5)
User memory budget: 37 GiB, currently used: 26 GiB
Converting 71789176_29 at Fri Sep  4 02:36:25 AM CDT 2026
FAILED 71789176_29 at Fri Sep  4 02:37:38 AM CDT 2026
PAUSE after 1 conversions: cooldown 30s + cleanup
Converting 71789222_75 at Fri Sep  4 02:38:11 AM CDT 2026
FAILED 71789222_75 at Fri Sep  4 02:39:09 AM CDT 2026
PAUSE after 1 conversions: cooldown 30s + cleanup
Finished at Fri Sep  4 02:39:44 AM CDT 2026
total=238 skipped=236 empty_skipped=0 converted=0 failed=2 workers=1
Starting batch (crossingmuon, tpc=1) at Fri Sep  4 02:41:29 AM CDT 2026 parallel=0 workers=1 pause_every=1
Input:  /pnfs/sbnd/scratch/users/munjung/v10_06_00/data_MCP2025B_CrossingMuon_FullRun1_AfterLight_8_crossingmuon/waveforms
Output: /pnfs/sbnd/scratch/users/munjung/v10_06_00/data_MCP2025B_CrossingMuon_FullRun1_AfterLight_8_crossingmuon/h5 (g4-raw-1_*.h5)
User memory budget: 37 GiB, currently used: 26 GiB
Converting 71789176_29 at Fri Sep  4 02:41:29 AM CDT 2026
FAILED 71789176_29 at Fri Sep  4 02:42:42 AM CDT 2026
PAUSE after 1 conversions: cooldown 30s + cleanup
Converting 71789222_75 at Fri Sep  4 02:43:14 AM CDT 2026
FAILED 71789222_75 at Fri Sep  4 02:44:11 AM CDT 2026
PAUSE after 1 conversions: cooldown 30s + cleanup
Finished at Fri Sep  4 02:44:46 AM CDT 2026
total=238 skipped=236 empty_skipped=0 converted=0 failed=2 workers=1
Starting batch (crossingmuon, tpc=1) at Fri Sep  4 02:46:33 AM CDT 2026 parallel=0 workers=1 pause_every=1
Input:  /pnfs/sbnd/scratch/users/munjung/v10_06_00/data_MCP2025B_CrossingMuon_FullRun1_AfterLight_8_crossingmuon/waveforms
Output: /pnfs/sbnd/scratch/users/munjung/v10_06_00/data_MCP2025B_CrossingMuon_FullRun1_AfterLight_8_crossingmuon/h5 (g4-raw-1_*.h5)
User memory budget: 37 GiB, currently used: 26 GiB
Converting 71789176_29 at Fri Sep  4 02:46:33 AM CDT 2026
FAILED 71789176_29 at Fri Sep  4 02:47:47 AM CDT 2026
PAUSE after 1 conversions: cooldown 30s + cleanup
Converting 71789222_75 at Fri Sep  4 02:48:20 AM CDT 2026
FAILED 71789222_75 at Fri Sep  4 02:49:20 AM CDT 2026
PAUSE after 1 conversions: cooldown 30s + cleanup
Finished at Fri Sep  4 02:49:55 AM CDT 2026
total=238 skipped=236 empty_skipped=0 converted=0 failed=2 workers=1
Starting batch (crossingmuon, tpc=1) at Fri Sep  4 02:51:36 AM CDT 2026 parallel=0 workers=1 pause_every=1
Input:  /pnfs/sbnd/scratch/users/munjung/v10_06_00/data_MCP2025B_CrossingMuon_FullRun1_AfterLight_8_crossingmuon/waveforms
Output: /pnfs/sbnd/scratch/users/munjung/v10_06_00/data_MCP2025B_CrossingMuon_FullRun1_AfterLight_8_crossingmuon/h5 (g4-raw-1_*.h5)
User memory budget: 37 GiB, currently used: 26 GiB
Converting 71789176_29 at Fri Sep  4 02:51:37 AM CDT 2026
FAILED 71789176_29 at Fri Sep  4 02:52:50 AM CDT 2026
PAUSE after 1 conversions: cooldown 30s + cleanup
Converting 71789222_75 at Fri Sep  4 02:53:23 AM CDT 2026
FAILED 71789222_75 at Fri Sep  4 02:54:21 AM CDT 2026
PAUSE after 1 conversions: cooldown 30s + cleanup
Finished at Fri Sep  4 02:54:55 AM CDT 2026
total=238 skipped=236 empty_skipped=0 converted=0 failed=2 workers=1
Starting batch (crossingmuon, tpc=1) at Fri Sep  4 02:56:40 AM CDT 2026 parallel=0 workers=1 pause_every=1
Input:  /pnfs/sbnd/scratch/users/munjung/v10_06_00/data_MCP2025B_CrossingMuon_FullRun1_AfterLight_8_crossingmuon/waveforms
Output: /pnfs/sbnd/scratch/users/munjung/v10_06_00/data_MCP2025B_CrossingMuon_FullRun1_AfterLight_8_crossingmuon/h5 (g4-raw-1_*.h5)
User memory budget: 37 GiB, currently used: 26 GiB
Converting 71789176_29 at Fri Sep  4 02:56:41 AM CDT 2026
FAILED 71789176_29 at Fri Sep  4 02:57:52 AM CDT 2026
PAUSE after 1 conversions: cooldown 30s + cleanup
Converting 71789222_75 at Fri Sep  4 02:58:24 AM CDT 2026
FAILED 71789222_75 at Fri Sep  4 02:59:21 AM CDT 2026
PAUSE after 1 conversions: cooldown 30s + cleanup
Finished at Fri Sep  4 02:59:56 AM CDT 2026
total=238 skipped=236 empty_skipped=0 converted=0 failed=2 workers=1
Starting batch (crossingmuon, tpc=1) at Fri Sep  4 03:01:44 AM CDT 2026 parallel=0 workers=1 pause_every=1
Input:  /pnfs/sbnd/scratch/users/munjung/v10_06_00/data_MCP2025B_CrossingMuon_FullRun1_AfterLight_8_crossingmuon/waveforms
Output: /pnfs/sbnd/scratch/users/munjung/v10_06_00/data_MCP2025B_CrossingMuon_FullRun1_AfterLight_8_crossingmuon/h5 (g4-raw-1_*.h5)
User memory budget: 37 GiB, currently used: 26 GiB
Converting 71789176_29 at Fri Sep  4 03:01:45 AM CDT 2026
FAILED 71789176_29 at Fri Sep  4 03:02:57 AM CDT 2026
PAUSE after 1 conversions: cooldown 30s + cleanup
Converting 71789222_75 at Fri Sep  4 03:03:30 AM CDT 2026
FAILED 71789222_75 at Fri Sep  4 03:04:29 AM CDT 2026
PAUSE after 1 conversions: cooldown 30s + cleanup
Finished at Fri Sep  4 03:05:04 AM CDT 2026
total=238 skipped=236 empty_skipped=0 converted=0 failed=2 workers=1
Starting batch (crossingmuon, tpc=1) at Fri Sep  4 03:06:49 AM CDT 2026 parallel=0 workers=1 pause_every=1
Input:  /pnfs/sbnd/scratch/users/munjung/v10_06_00/data_MCP2025B_CrossingMuon_FullRun1_AfterLight_8_crossingmuon/waveforms
Output: /pnfs/sbnd/scratch/users/munjung/v10_06_00/data_MCP2025B_CrossingMuon_FullRun1_AfterLight_8_crossingmuon/h5 (g4-raw-1_*.h5)
User memory budget: 37 GiB, currently used: 26 GiB
Converting 71789176_29 at Fri Sep  4 03:06:49 AM CDT 2026
FAILED 71789176_29 at Fri Sep  4 03:07:57 AM CDT 2026
PAUSE after 1 conversions: cooldown 30s + cleanup
Converting 71789222_75 at Fri Sep  4 03:08:30 AM CDT 2026
FAILED 71789222_75 at Fri Sep  4 03:09:21 AM CDT 2026
PAUSE after 1 conversions: cooldown 30s + cleanup
Finished at Fri Sep  4 03:09:56 AM CDT 2026
total=238 skipped=236 empty_skipped=0 converted=0 failed=2 workers=1
Starting batch (crossingmuon, tpc=1) at Fri Sep  4 03:11:53 AM CDT 2026 parallel=0 workers=1 pause_every=1
Input:  /pnfs/sbnd/scratch/users/munjung/v10_06_00/data_MCP2025B_CrossingMuon_FullRun1_AfterLight_8_crossingmuon/waveforms
Output: /pnfs/sbnd/scratch/users/munjung/v10_06_00/data_MCP2025B_CrossingMuon_FullRun1_AfterLight_8_crossingmuon/h5 (g4-raw-1_*.h5)
User memory budget: 37 GiB, currently used: 26 GiB
Converting 71789176_29 at Fri Sep  4 03:11:54 AM CDT 2026
FAILED 71789176_29 at Fri Sep  4 03:12:57 AM CDT 2026
PAUSE after 1 conversions: cooldown 30s + cleanup
Converting 71789222_75 at Fri Sep  4 03:13:29 AM CDT 2026
FAILED 71789222_75 at Fri Sep  4 03:14:18 AM CDT 2026
PAUSE after 1 conversions: cooldown 30s + cleanup
Finished at Fri Sep  4 03:14:53 AM CDT 2026
total=238 skipped=236 empty_skipped=0 converted=0 failed=2 workers=1
Starting batch (crossingmuon, tpc=1) at Fri Sep  4 03:16:57 AM CDT 2026 parallel=0 workers=1 pause_every=1
Input:  /pnfs/sbnd/scratch/users/munjung/v10_06_00/data_MCP2025B_CrossingMuon_FullRun1_AfterLight_8_crossingmuon/waveforms
Output: /pnfs/sbnd/scratch/users/munjung/v10_06_00/data_MCP2025B_CrossingMuon_FullRun1_AfterLight_8_crossingmuon/h5 (g4-raw-1_*.h5)
User memory budget: 37 GiB, currently used: 26 GiB
Converting 71789176_29 at Fri Sep  4 03:16:58 AM CDT 2026
FAILED 71789176_29 at Fri Sep  4 03:18:00 AM CDT 2026
PAUSE after 1 conversions: cooldown 30s + cleanup
Converting 71789222_75 at Fri Sep  4 03:18:33 AM CDT 2026
FAILED 71789222_75 at Fri Sep  4 03:19:16 AM CDT 2026
PAUSE after 1 conversions: cooldown 30s + cleanup
Finished at Fri Sep  4 03:19:51 AM CDT 2026
total=238 skipped=236 empty_skipped=0 converted=0 failed=2 workers=1
Starting batch (crossingmuon, tpc=1) at Fri Sep  4 03:22:02 AM CDT 2026 parallel=0 workers=1 pause_every=1
Input:  /pnfs/sbnd/scratch/users/munjung/v10_06_00/data_MCP2025B_CrossingMuon_FullRun1_AfterLight_8_crossingmuon/waveforms
Output: /pnfs/sbnd/scratch/users/munjung/v10_06_00/data_MCP2025B_CrossingMuon_FullRun1_AfterLight_8_crossingmuon/h5 (g4-raw-1_*.h5)
User memory budget: 37 GiB, currently used: 26 GiB
Converting 71789176_29 at Fri Sep  4 03:22:02 AM CDT 2026
FAILED 71789176_29 at Fri Sep  4 03:22:59 AM CDT 2026
PAUSE after 1 conversions: cooldown 30s + cleanup
Converting 71789222_75 at Fri Sep  4 03:23:32 AM CDT 2026
FAILED 71789222_75 at Fri Sep  4 03:24:18 AM CDT 2026
PAUSE after 1 conversions: cooldown 30s + cleanup
Finished at Fri Sep  4 03:24:53 AM CDT 2026
total=238 skipped=236 empty_skipped=0 converted=0 failed=2 workers=1
Starting batch (crossingmuon, tpc=1) at Fri Sep  4 03:27:06 AM CDT 2026 parallel=0 workers=1 pause_every=1
Input:  /pnfs/sbnd/scratch/users/munjung/v10_06_00/data_MCP2025B_CrossingMuon_FullRun1_AfterLight_8_crossingmuon/waveforms
Output: /pnfs/sbnd/scratch/users/munjung/v10_06_00/data_MCP2025B_CrossingMuon_FullRun1_AfterLight_8_crossingmuon/h5 (g4-raw-1_*.h5)
User memory budget: 37 GiB, currently used: 26 GiB
Converting 71789176_29 at Fri Sep  4 03:27:07 AM CDT 2026
FAILED 71789176_29 at Fri Sep  4 03:28:00 AM CDT 2026
PAUSE after 1 conversions: cooldown 30s + cleanup
Converting 71789222_75 at Fri Sep  4 03:28:33 AM CDT 2026
FAILED 71789222_75 at Fri Sep  4 03:29:17 AM CDT 2026
PAUSE after 1 conversions: cooldown 30s + cleanup
Finished at Fri Sep  4 03:29:52 AM CDT 2026
total=238 skipped=236 empty_skipped=0 converted=0 failed=2 workers=1
Starting batch (crossingmuon, tpc=1) at Fri Sep  4 03:32:11 AM CDT 2026 parallel=0 workers=1 pause_every=1
Input:  /pnfs/sbnd/scratch/users/munjung/v10_06_00/data_MCP2025B_CrossingMuon_FullRun1_AfterLight_8_crossingmuon/waveforms
Output: /pnfs/sbnd/scratch/users/munjung/v10_06_00/data_MCP2025B_CrossingMuon_FullRun1_AfterLight_8_crossingmuon/h5 (g4-raw-1_*.h5)
User memory budget: 37 GiB, currently used: 26 GiB
Converting 71789176_29 at Fri Sep  4 03:32:12 AM CDT 2026
FAILED 71789176_29 at Fri Sep  4 03:33:17 AM CDT 2026
PAUSE after 1 conversions: cooldown 30s + cleanup
Converting 71789222_75 at Fri Sep  4 03:33:50 AM CDT 2026
FAILED 71789222_75 at Fri Sep  4 03:34:37 AM CDT 2026
PAUSE after 1 conversions: cooldown 30s + cleanup
Finished at Fri Sep  4 03:35:12 AM CDT 2026
total=238 skipped=236 empty_skipped=0 converted=0 failed=2 workers=1
Starting batch (crossingmuon, tpc=1) at Fri Sep  4 03:37:16 AM CDT 2026 parallel=0 workers=1 pause_every=1
Input:  /pnfs/sbnd/scratch/users/munjung/v10_06_00/data_MCP2025B_CrossingMuon_FullRun1_AfterLight_8_crossingmuon/waveforms
Output: /pnfs/sbnd/scratch/users/munjung/v10_06_00/data_MCP2025B_CrossingMuon_FullRun1_AfterLight_8_crossingmuon/h5 (g4-raw-1_*.h5)
User memory budget: 37 GiB, currently used: 25 GiB
Converting 71789176_29 at Fri Sep  4 03:37:17 AM CDT 2026
FAILED 71789176_29 at Fri Sep  4 03:38:20 AM CDT 2026
PAUSE after 1 conversions: cooldown 30s + cleanup
Converting 71789222_75 at Fri Sep  4 03:38:53 AM CDT 2026
FAILED 71789222_75 at Fri Sep  4 03:39:38 AM CDT 2026
PAUSE after 1 conversions: cooldown 30s + cleanup
Finished at Fri Sep  4 03:40:13 AM CDT 2026
total=238 skipped=236 empty_skipped=0 converted=0 failed=2 workers=1
Starting batch (crossingmuon, tpc=1) at Fri Sep  4 03:42:21 AM CDT 2026 parallel=0 workers=1 pause_every=1
Input:  /pnfs/sbnd/scratch/users/munjung/v10_06_00/data_MCP2025B_CrossingMuon_FullRun1_AfterLight_8_crossingmuon/waveforms
Output: /pnfs/sbnd/scratch/users/munjung/v10_06_00/data_MCP2025B_CrossingMuon_FullRun1_AfterLight_8_crossingmuon/h5 (g4-raw-1_*.h5)
User memory budget: 37 GiB, currently used: 25 GiB
Converting 71789176_29 at Fri Sep  4 03:42:22 AM CDT 2026
FAILED 71789176_29 at Fri Sep  4 03:43:25 AM CDT 2026
PAUSE after 1 conversions: cooldown 30s + cleanup
Converting 71789222_75 at Fri Sep  4 03:43:58 AM CDT 2026
FAILED 71789222_75 at Fri Sep  4 03:44:46 AM CDT 2026
PAUSE after 1 conversions: cooldown 30s + cleanup
Finished at Fri Sep  4 03:45:21 AM CDT 2026
total=238 skipped=236 empty_skipped=0 converted=0 failed=2 workers=1
Starting batch (crossingmuon, tpc=1) at Fri Sep  4 03:47:26 AM CDT 2026 parallel=0 workers=1 pause_every=1
Input:  /pnfs/sbnd/scratch/users/munjung/v10_06_00/data_MCP2025B_CrossingMuon_FullRun1_AfterLight_8_crossingmuon/waveforms
Output: /pnfs/sbnd/scratch/users/munjung/v10_06_00/data_MCP2025B_CrossingMuon_FullRun1_AfterLight_8_crossingmuon/h5 (g4-raw-1_*.h5)
User memory budget: 37 GiB, currently used: 25 GiB
Converting 71789176_29 at Fri Sep  4 03:47:26 AM CDT 2026
FAILED 71789176_29 at Fri Sep  4 03:48:31 AM CDT 2026
PAUSE after 1 conversions: cooldown 30s + cleanup
Converting 71789222_75 at Fri Sep  4 03:49:04 AM CDT 2026
FAILED 71789222_75 at Fri Sep  4 03:49:51 AM CDT 2026
PAUSE after 1 conversions: cooldown 30s + cleanup
Finished at Fri Sep  4 03:50:26 AM CDT 2026
total=238 skipped=236 empty_skipped=0 converted=0 failed=2 workers=1
Starting batch (crossingmuon, tpc=1) at Fri Sep  4 03:52:30 AM CDT 2026 parallel=0 workers=1 pause_every=1
Input:  /pnfs/sbnd/scratch/users/munjung/v10_06_00/data_MCP2025B_CrossingMuon_FullRun1_AfterLight_8_crossingmuon/waveforms
Output: /pnfs/sbnd/scratch/users/munjung/v10_06_00/data_MCP2025B_CrossingMuon_FullRun1_AfterLight_8_crossingmuon/h5 (g4-raw-1_*.h5)
User memory budget: 37 GiB, currently used: 25 GiB
Converting 71789176_29 at Fri Sep  4 03:52:30 AM CDT 2026
FAILED 71789176_29 at Fri Sep  4 03:53:28 AM CDT 2026
PAUSE after 1 conversions: cooldown 30s + cleanup
Converting 71789222_75 at Fri Sep  4 03:54:01 AM CDT 2026
FAILED 71789222_75 at Fri Sep  4 03:54:43 AM CDT 2026
PAUSE after 1 conversions: cooldown 30s + cleanup
Finished at Fri Sep  4 03:55:18 AM CDT 2026
total=238 skipped=236 empty_skipped=0 converted=0 failed=2 workers=1
Starting batch (crossingmuon, tpc=1) at Fri Sep  4 03:57:34 AM CDT 2026 parallel=0 workers=1 pause_every=1
Input:  /pnfs/sbnd/scratch/users/munjung/v10_06_00/data_MCP2025B_CrossingMuon_FullRun1_AfterLight_8_crossingmuon/waveforms
Output: /pnfs/sbnd/scratch/users/munjung/v10_06_00/data_MCP2025B_CrossingMuon_FullRun1_AfterLight_8_crossingmuon/h5 (g4-raw-1_*.h5)
User memory budget: 37 GiB, currently used: 26 GiB
Converting 71789176_29 at Fri Sep  4 03:57:35 AM CDT 2026
FAILED 71789176_29 at Fri Sep  4 03:58:32 AM CDT 2026
PAUSE after 1 conversions: cooldown 30s + cleanup
Converting 71789222_75 at Fri Sep  4 03:59:04 AM CDT 2026
FAILED 71789222_75 at Fri Sep  4 03:59:45 AM CDT 2026
PAUSE after 1 conversions: cooldown 30s + cleanup
Finished at Fri Sep  4 04:00:20 AM CDT 2026
total=238 skipped=236 empty_skipped=0 converted=0 failed=2 workers=1
Starting batch (crossingmuon, tpc=1) at Fri Sep  4 04:02:39 AM CDT 2026 parallel=0 workers=1 pause_every=1
Input:  /pnfs/sbnd/scratch/users/munjung/v10_06_00/data_MCP2025B_CrossingMuon_FullRun1_AfterLight_8_crossingmuon/waveforms
Output: /pnfs/sbnd/scratch/users/munjung/v10_06_00/data_MCP2025B_CrossingMuon_FullRun1_AfterLight_8_crossingmuon/h5 (g4-raw-1_*.h5)
User memory budget: 37 GiB, currently used: 25 GiB
Converting 71789176_29 at Fri Sep  4 04:02:39 AM CDT 2026
FAILED 71789176_29 at Fri Sep  4 04:03:35 AM CDT 2026
PAUSE after 1 conversions: cooldown 30s + cleanup
Converting 71789222_75 at Fri Sep  4 04:04:08 AM CDT 2026
FAILED 71789222_75 at Fri Sep  4 04:04:50 AM CDT 2026
PAUSE after 1 conversions: cooldown 30s + cleanup
Finished at Fri Sep  4 04:05:24 AM CDT 2026
total=238 skipped=236 empty_skipped=0 converted=0 failed=2 workers=1
Starting batch (crossingmuon, tpc=1) at Fri Sep  4 04:07:43 AM CDT 2026 parallel=0 workers=1 pause_every=1
Input:  /pnfs/sbnd/scratch/users/munjung/v10_06_00/data_MCP2025B_CrossingMuon_FullRun1_AfterLight_8_crossingmuon/waveforms
Output: /pnfs/sbnd/scratch/users/munjung/v10_06_00/data_MCP2025B_CrossingMuon_FullRun1_AfterLight_8_crossingmuon/h5 (g4-raw-1_*.h5)
User memory budget: 37 GiB, currently used: 26 GiB
Converting 71789176_29 at Fri Sep  4 04:07:44 AM CDT 2026
FAILED 71789176_29 at Fri Sep  4 04:08:39 AM CDT 2026
PAUSE after 1 conversions: cooldown 30s + cleanup
Converting 71789222_75 at Fri Sep  4 04:09:12 AM CDT 2026
FAILED 71789222_75 at Fri Sep  4 04:09:53 AM CDT 2026
PAUSE after 1 conversions: cooldown 30s + cleanup
Finished at Fri Sep  4 04:10:28 AM CDT 2026
total=238 skipped=236 empty_skipped=0 converted=0 failed=2 workers=1
Starting batch (crossingmuon, tpc=1) at Fri Sep  4 04:12:47 AM CDT 2026 parallel=0 workers=1 pause_every=1
Input:  /pnfs/sbnd/scratch/users/munjung/v10_06_00/data_MCP2025B_CrossingMuon_FullRun1_AfterLight_8_crossingmuon/waveforms
Output: /pnfs/sbnd/scratch/users/munjung/v10_06_00/data_MCP2025B_CrossingMuon_FullRun1_AfterLight_8_crossingmuon/h5 (g4-raw-1_*.h5)
User memory budget: 37 GiB, currently used: 26 GiB
Converting 71789176_29 at Fri Sep  4 04:12:48 AM CDT 2026
FAILED 71789176_29 at Fri Sep  4 04:13:43 AM CDT 2026
PAUSE after 1 conversions: cooldown 30s + cleanup
Converting 71789222_75 at Fri Sep  4 04:14:16 AM CDT 2026
FAILED 71789222_75 at Fri Sep  4 04:14:56 AM CDT 2026
PAUSE after 1 conversions: cooldown 30s + cleanup
Finished at Fri Sep  4 04:15:31 AM CDT 2026
total=238 skipped=236 empty_skipped=0 converted=0 failed=2 workers=1
Starting batch (crossingmuon, tpc=1) at Fri Sep  4 04:17:51 AM CDT 2026 parallel=0 workers=1 pause_every=1
Input:  /pnfs/sbnd/scratch/users/munjung/v10_06_00/data_MCP2025B_CrossingMuon_FullRun1_AfterLight_8_crossingmuon/waveforms
Output: /pnfs/sbnd/scratch/users/munjung/v10_06_00/data_MCP2025B_CrossingMuon_FullRun1_AfterLight_8_crossingmuon/h5 (g4-raw-1_*.h5)
User memory budget: 37 GiB, currently used: 26 GiB
Converting 71789176_29 at Fri Sep  4 04:17:52 AM CDT 2026
FAILED 71789176_29 at Fri Sep  4 04:18:48 AM CDT 2026
PAUSE after 1 conversions: cooldown 30s + cleanup
Converting 71789222_75 at Fri Sep  4 04:19:21 AM CDT 2026
FAILED 71789222_75 at Fri Sep  4 04:20:02 AM CDT 2026
PAUSE after 1 conversions: cooldown 30s + cleanup
Finished at Fri Sep  4 04:20:37 AM CDT 2026
total=238 skipped=236 empty_skipped=0 converted=0 failed=2 workers=1
Starting batch (crossingmuon, tpc=1) at Fri Sep  4 04:22:55 AM CDT 2026 parallel=0 workers=1 pause_every=1
Input:  /pnfs/sbnd/scratch/users/munjung/v10_06_00/data_MCP2025B_CrossingMuon_FullRun1_AfterLight_8_crossingmuon/waveforms
Output: /pnfs/sbnd/scratch/users/munjung/v10_06_00/data_MCP2025B_CrossingMuon_FullRun1_AfterLight_8_crossingmuon/h5 (g4-raw-1_*.h5)
User memory budget: 37 GiB, currently used: 25 GiB
Converting 71789176_29 at Fri Sep  4 04:22:56 AM CDT 2026
FAILED 71789176_29 at Fri Sep  4 04:23:51 AM CDT 2026
PAUSE after 1 conversions: cooldown 30s + cleanup
Converting 71789222_75 at Fri Sep  4 04:24:23 AM CDT 2026
FAILED 71789222_75 at Fri Sep  4 04:25:05 AM CDT 2026
PAUSE after 1 conversions: cooldown 30s + cleanup
Finished at Fri Sep  4 04:25:40 AM CDT 2026
total=238 skipped=236 empty_skipped=0 converted=0 failed=2 workers=1
Starting batch (crossingmuon, tpc=1) at Fri Sep  4 04:28:00 AM CDT 2026 parallel=0 workers=1 pause_every=1
Input:  /pnfs/sbnd/scratch/users/munjung/v10_06_00/data_MCP2025B_CrossingMuon_FullRun1_AfterLight_8_crossingmuon/waveforms
Output: /pnfs/sbnd/scratch/users/munjung/v10_06_00/data_MCP2025B_CrossingMuon_FullRun1_AfterLight_8_crossingmuon/h5 (g4-raw-1_*.h5)
User memory budget: 37 GiB, currently used: 25 GiB
Converting 71789176_29 at Fri Sep  4 04:28:01 AM CDT 2026
FAILED 71789176_29 at Fri Sep  4 04:28:56 AM CDT 2026
PAUSE after 1 conversions: cooldown 30s + cleanup
Converting 71789222_75 at Fri Sep  4 04:29:28 AM CDT 2026
FAILED 71789222_75 at Fri Sep  4 04:30:09 AM CDT 2026
PAUSE after 1 conversions: cooldown 30s + cleanup
Finished at Fri Sep  4 04:30:44 AM CDT 2026
total=238 skipped=236 empty_skipped=0 converted=0 failed=2 workers=1
Starting batch (crossingmuon, tpc=1) at Fri Sep  4 04:33:04 AM CDT 2026 parallel=0 workers=1 pause_every=1
Input:  /pnfs/sbnd/scratch/users/munjung/v10_06_00/data_MCP2025B_CrossingMuon_FullRun1_AfterLight_8_crossingmuon/waveforms
Output: /pnfs/sbnd/scratch/users/munjung/v10_06_00/data_MCP2025B_CrossingMuon_FullRun1_AfterLight_8_crossingmuon/h5 (g4-raw-1_*.h5)
User memory budget: 37 GiB, currently used: 25 GiB
Converting 71789176_29 at Fri Sep  4 04:33:05 AM CDT 2026
FAILED 71789176_29 at Fri Sep  4 04:33:59 AM CDT 2026
PAUSE after 1 conversions: cooldown 30s + cleanup
Converting 71789222_75 at Fri Sep  4 04:34:32 AM CDT 2026
FAILED 71789222_75 at Fri Sep  4 04:35:12 AM CDT 2026
PAUSE after 1 conversions: cooldown 30s + cleanup
Finished at Fri Sep  4 04:35:47 AM CDT 2026
total=238 skipped=236 empty_skipped=0 converted=0 failed=2 workers=1
Starting batch (crossingmuon, tpc=1) at Fri Sep  4 04:38:09 AM CDT 2026 parallel=0 workers=1 pause_every=1
Input:  /pnfs/sbnd/scratch/users/munjung/v10_06_00/data_MCP2025B_CrossingMuon_FullRun1_AfterLight_8_crossingmuon/waveforms
Output: /pnfs/sbnd/scratch/users/munjung/v10_06_00/data_MCP2025B_CrossingMuon_FullRun1_AfterLight_8_crossingmuon/h5 (g4-raw-1_*.h5)
User memory budget: 37 GiB, currently used: 25 GiB
Converting 71789176_29 at Fri Sep  4 04:38:09 AM CDT 2026
FAILED 71789176_29 at Fri Sep  4 04:39:03 AM CDT 2026
PAUSE after 1 conversions: cooldown 30s + cleanup
Converting 71789222_75 at Fri Sep  4 04:39:36 AM CDT 2026
FAILED 71789222_75 at Fri Sep  4 04:40:17 AM CDT 2026
PAUSE after 1 conversions: cooldown 30s + cleanup
Finished at Fri Sep  4 04:40:52 AM CDT 2026
total=238 skipped=236 empty_skipped=0 converted=0 failed=2 workers=1
Starting batch (crossingmuon, tpc=1) at Fri Sep  4 04:43:13 AM CDT 2026 parallel=0 workers=1 pause_every=1
Input:  /pnfs/sbnd/scratch/users/munjung/v10_06_00/data_MCP2025B_CrossingMuon_FullRun1_AfterLight_8_crossingmuon/waveforms
Output: /pnfs/sbnd/scratch/users/munjung/v10_06_00/data_MCP2025B_CrossingMuon_FullRun1_AfterLight_8_crossingmuon/h5 (g4-raw-1_*.h5)
User memory budget: 37 GiB, currently used: 25 GiB
Converting 71789176_29 at Fri Sep  4 04:43:14 AM CDT 2026
FAILED 71789176_29 at Fri Sep  4 04:44:10 AM CDT 2026
PAUSE after 1 conversions: cooldown 30s + cleanup
Converting 71789222_75 at Fri Sep  4 04:44:42 AM CDT 2026
FAILED 71789222_75 at Fri Sep  4 04:45:24 AM CDT 2026
PAUSE after 1 conversions: cooldown 30s + cleanup
Finished at Fri Sep  4 04:45:59 AM CDT 2026
total=238 skipped=236 empty_skipped=0 converted=0 failed=2 workers=1
Starting batch (crossingmuon, tpc=1) at Fri Sep  4 04:48:17 AM CDT 2026 parallel=0 workers=1 pause_every=1
Input:  /pnfs/sbnd/scratch/users/munjung/v10_06_00/data_MCP2025B_CrossingMuon_FullRun1_AfterLight_8_crossingmuon/waveforms
Output: /pnfs/sbnd/scratch/users/munjung/v10_06_00/data_MCP2025B_CrossingMuon_FullRun1_AfterLight_8_crossingmuon/h5 (g4-raw-1_*.h5)
User memory budget: 37 GiB, currently used: 25 GiB
Converting 71789176_29 at Fri Sep  4 04:48:18 AM CDT 2026
FAILED 71789176_29 at Fri Sep  4 04:49:14 AM CDT 2026
PAUSE after 1 conversions: cooldown 30s + cleanup
Converting 71789222_75 at Fri Sep  4 04:49:47 AM CDT 2026
FAILED 71789222_75 at Fri Sep  4 04:50:29 AM CDT 2026
PAUSE after 1 conversions: cooldown 30s + cleanup
Finished at Fri Sep  4 04:51:04 AM CDT 2026
total=238 skipped=236 empty_skipped=0 converted=0 failed=2 workers=1
Starting batch (crossingmuon, tpc=1) at Fri Sep  4 04:53:22 AM CDT 2026 parallel=0 workers=1 pause_every=1
Input:  /pnfs/sbnd/scratch/users/munjung/v10_06_00/data_MCP2025B_CrossingMuon_FullRun1_AfterLight_8_crossingmuon/waveforms
Output: /pnfs/sbnd/scratch/users/munjung/v10_06_00/data_MCP2025B_CrossingMuon_FullRun1_AfterLight_8_crossingmuon/h5 (g4-raw-1_*.h5)
User memory budget: 37 GiB, currently used: 25 GiB
Converting 71789176_29 at Fri Sep  4 04:53:22 AM CDT 2026
FAILED 71789176_29 at Fri Sep  4 04:54:19 AM CDT 2026
PAUSE after 1 conversions: cooldown 30s + cleanup
Converting 71789222_75 at Fri Sep  4 04:54:51 AM CDT 2026
FAILED 71789222_75 at Fri Sep  4 04:55:33 AM CDT 2026
PAUSE after 1 conversions: cooldown 30s + cleanup
Finished at Fri Sep  4 04:56:08 AM CDT 2026
total=238 skipped=236 empty_skipped=0 converted=0 failed=2 workers=1
Starting batch (crossingmuon, tpc=1) at Fri Sep  4 04:58:26 AM CDT 2026 parallel=0 workers=1 pause_every=1
Input:  /pnfs/sbnd/scratch/users/munjung/v10_06_00/data_MCP2025B_CrossingMuon_FullRun1_AfterLight_8_crossingmuon/waveforms
Output: /pnfs/sbnd/scratch/users/munjung/v10_06_00/data_MCP2025B_CrossingMuon_FullRun1_AfterLight_8_crossingmuon/h5 (g4-raw-1_*.h5)
User memory budget: 37 GiB, currently used: 25 GiB
Converting 71789176_29 at Fri Sep  4 04:58:27 AM CDT 2026
FAILED 71789176_29 at Fri Sep  4 04:59:22 AM CDT 2026
PAUSE after 1 conversions: cooldown 30s + cleanup
Converting 71789222_75 at Fri Sep  4 04:59:54 AM CDT 2026
FAILED 71789222_75 at Fri Sep  4 05:00:35 AM CDT 2026
PAUSE after 1 conversions: cooldown 30s + cleanup
Finished at Fri Sep  4 05:01:10 AM CDT 2026
total=238 skipped=236 empty_skipped=0 converted=0 failed=2 workers=1
Starting batch (crossingmuon, tpc=1) at Fri Sep  4 05:03:31 AM CDT 2026 parallel=0 workers=1 pause_every=1
Input:  /pnfs/sbnd/scratch/users/munjung/v10_06_00/data_MCP2025B_CrossingMuon_FullRun1_AfterLight_8_crossingmuon/waveforms
Output: /pnfs/sbnd/scratch/users/munjung/v10_06_00/data_MCP2025B_CrossingMuon_FullRun1_AfterLight_8_crossingmuon/h5 (g4-raw-1_*.h5)
User memory budget: 37 GiB, currently used: 25 GiB
Converting 71789176_29 at Fri Sep  4 05:03:31 AM CDT 2026
FAILED 71789176_29 at Fri Sep  4 05:04:25 AM CDT 2026
PAUSE after 1 conversions: cooldown 30s + cleanup
Converting 71789222_75 at Fri Sep  4 05:04:57 AM CDT 2026
FAILED 71789222_75 at Fri Sep  4 05:05:36 AM CDT 2026
PAUSE after 1 conversions: cooldown 30s + cleanup
Finished at Fri Sep  4 05:06:11 AM CDT 2026
total=238 skipped=236 empty_skipped=0 converted=0 failed=2 workers=1
Starting batch (crossingmuon, tpc=1) at Fri Sep  4 05:08:35 AM CDT 2026 parallel=0 workers=1 pause_every=1
Input:  /pnfs/sbnd/scratch/users/munjung/v10_06_00/data_MCP2025B_CrossingMuon_FullRun1_AfterLight_8_crossingmuon/waveforms
Output: /pnfs/sbnd/scratch/users/munjung/v10_06_00/data_MCP2025B_CrossingMuon_FullRun1_AfterLight_8_crossingmuon/h5 (g4-raw-1_*.h5)
User memory budget: 37 GiB, currently used: 25 GiB
Converting 71789176_29 at Fri Sep  4 05:08:36 AM CDT 2026
FAILED 71789176_29 at Fri Sep  4 05:09:40 AM CDT 2026
PAUSE after 1 conversions: cooldown 30s + cleanup
Converting 71789222_75 at Fri Sep  4 05:10:13 AM CDT 2026
FAILED 71789222_75 at Fri Sep  4 05:11:00 AM CDT 2026
PAUSE after 1 conversions: cooldown 30s + cleanup
Finished at Fri Sep  4 05:11:35 AM CDT 2026
total=238 skipped=236 empty_skipped=0 converted=0 failed=2 workers=1
Starting batch (crossingmuon, tpc=1) at Fri Sep  4 05:13:39 AM CDT 2026 parallel=0 workers=1 pause_every=1
Input:  /pnfs/sbnd/scratch/users/munjung/v10_06_00/data_MCP2025B_CrossingMuon_FullRun1_AfterLight_8_crossingmuon/waveforms
Output: /pnfs/sbnd/scratch/users/munjung/v10_06_00/data_MCP2025B_CrossingMuon_FullRun1_AfterLight_8_crossingmuon/h5 (g4-raw-1_*.h5)
User memory budget: 37 GiB, currently used: 25 GiB
Converting 71789176_29 at Fri Sep  4 05:13:40 AM CDT 2026
FAILED 71789176_29 at Fri Sep  4 05:14:42 AM CDT 2026
PAUSE after 1 conversions: cooldown 30s + cleanup
Converting 71789222_75 at Fri Sep  4 05:15:15 AM CDT 2026
FAILED 71789222_75 at Fri Sep  4 05:16:04 AM CDT 2026
PAUSE after 1 conversions: cooldown 30s + cleanup
Finished at Fri Sep  4 05:16:38 AM CDT 2026
total=238 skipped=236 empty_skipped=0 converted=0 failed=2 workers=1
Starting batch (crossingmuon, tpc=1) at Fri Sep  4 05:18:43 AM CDT 2026 parallel=0 workers=1 pause_every=1
Input:  /pnfs/sbnd/scratch/users/munjung/v10_06_00/data_MCP2025B_CrossingMuon_FullRun1_AfterLight_8_crossingmuon/waveforms
Output: /pnfs/sbnd/scratch/users/munjung/v10_06_00/data_MCP2025B_CrossingMuon_FullRun1_AfterLight_8_crossingmuon/h5 (g4-raw-1_*.h5)
User memory budget: 37 GiB, currently used: 25 GiB
Converting 71789176_29 at Fri Sep  4 05:18:44 AM CDT 2026
FAILED 71789176_29 at Fri Sep  4 05:19:48 AM CDT 2026
PAUSE after 1 conversions: cooldown 30s + cleanup
Converting 71789222_75 at Fri Sep  4 05:20:20 AM CDT 2026
FAILED 71789222_75 at Fri Sep  4 05:21:09 AM CDT 2026
PAUSE after 1 conversions: cooldown 30s + cleanup
Finished at Fri Sep  4 05:21:44 AM CDT 2026
total=238 skipped=236 empty_skipped=0 converted=0 failed=2 workers=1
Starting batch (crossingmuon, tpc=1) at Fri Sep  4 05:23:48 AM CDT 2026 parallel=0 workers=1 pause_every=1
Input:  /pnfs/sbnd/scratch/users/munjung/v10_06_00/data_MCP2025B_CrossingMuon_FullRun1_AfterLight_8_crossingmuon/waveforms
Output: /pnfs/sbnd/scratch/users/munjung/v10_06_00/data_MCP2025B_CrossingMuon_FullRun1_AfterLight_8_crossingmuon/h5 (g4-raw-1_*.h5)
User memory budget: 37 GiB, currently used: 25 GiB
Converting 71789176_29 at Fri Sep  4 05:23:48 AM CDT 2026
FAILED 71789176_29 at Fri Sep  4 05:24:56 AM CDT 2026
PAUSE after 1 conversions: cooldown 30s + cleanup
Converting 71789222_75 at Fri Sep  4 05:25:29 AM CDT 2026
FAILED 71789222_75 at Fri Sep  4 05:26:20 AM CDT 2026
PAUSE after 1 conversions: cooldown 30s + cleanup
Finished at Fri Sep  4 05:26:55 AM CDT 2026
total=238 skipped=236 empty_skipped=0 converted=0 failed=2 workers=1
Starting batch (crossingmuon, tpc=1) at Fri Sep  4 05:28:52 AM CDT 2026 parallel=0 workers=1 pause_every=1
Input:  /pnfs/sbnd/scratch/users/munjung/v10_06_00/data_MCP2025B_CrossingMuon_FullRun1_AfterLight_8_crossingmuon/waveforms
Output: /pnfs/sbnd/scratch/users/munjung/v10_06_00/data_MCP2025B_CrossingMuon_FullRun1_AfterLight_8_crossingmuon/h5 (g4-raw-1_*.h5)
User memory budget: 37 GiB, currently used: 25 GiB
Converting 71789176_29 at Fri Sep  4 05:28:53 AM CDT 2026
FAILED 71789176_29 at Fri Sep  4 05:29:53 AM CDT 2026
PAUSE after 1 conversions: cooldown 30s + cleanup
Converting 71789222_75 at Fri Sep  4 05:30:25 AM CDT 2026
FAILED 71789222_75 at Fri Sep  4 05:31:10 AM CDT 2026
PAUSE after 1 conversions: cooldown 30s + cleanup
Finished at Fri Sep  4 05:31:45 AM CDT 2026
total=238 skipped=236 empty_skipped=0 converted=0 failed=2 workers=1
Starting batch (crossingmuon, tpc=1) at Fri Sep  4 05:33:56 AM CDT 2026 parallel=0 workers=1 pause_every=1
Input:  /pnfs/sbnd/scratch/users/munjung/v10_06_00/data_MCP2025B_CrossingMuon_FullRun1_AfterLight_8_crossingmuon/waveforms
Output: /pnfs/sbnd/scratch/users/munjung/v10_06_00/data_MCP2025B_CrossingMuon_FullRun1_AfterLight_8_crossingmuon/h5 (g4-raw-1_*.h5)
User memory budget: 37 GiB, currently used: 25 GiB
Converting 71789176_29 at Fri Sep  4 05:33:57 AM CDT 2026
FAILED 71789176_29 at Fri Sep  4 05:34:54 AM CDT 2026
PAUSE after 1 conversions: cooldown 30s + cleanup
Converting 71789222_75 at Fri Sep  4 05:35:27 AM CDT 2026
FAILED 71789222_75 at Fri Sep  4 05:36:11 AM CDT 2026
PAUSE after 1 conversions: cooldown 30s + cleanup
Finished at Fri Sep  4 05:36:46 AM CDT 2026
total=238 skipped=236 empty_skipped=0 converted=0 failed=2 workers=1
Starting batch (crossingmuon, tpc=1) at Fri Sep  4 05:39:01 AM CDT 2026 parallel=0 workers=1 pause_every=1
Input:  /pnfs/sbnd/scratch/users/munjung/v10_06_00/data_MCP2025B_CrossingMuon_FullRun1_AfterLight_8_crossingmuon/waveforms
Output: /pnfs/sbnd/scratch/users/munjung/v10_06_00/data_MCP2025B_CrossingMuon_FullRun1_AfterLight_8_crossingmuon/h5 (g4-raw-1_*.h5)
User memory budget: 37 GiB, currently used: 24 GiB
Converting 71789176_29 at Fri Sep  4 05:39:01 AM CDT 2026
FAILED 71789176_29 at Fri Sep  4 05:39:58 AM CDT 2026
PAUSE after 1 conversions: cooldown 30s + cleanup
Converting 71789222_75 at Fri Sep  4 05:40:30 AM CDT 2026
FAILED 71789222_75 at Fri Sep  4 05:41:12 AM CDT 2026
PAUSE after 1 conversions: cooldown 30s + cleanup
Finished at Fri Sep  4 05:41:47 AM CDT 2026
total=238 skipped=236 empty_skipped=0 converted=0 failed=2 workers=1
Starting batch (crossingmuon, tpc=1) at Fri Sep  4 05:44:05 AM CDT 2026 parallel=0 workers=1 pause_every=1
Input:  /pnfs/sbnd/scratch/users/munjung/v10_06_00/data_MCP2025B_CrossingMuon_FullRun1_AfterLight_8_crossingmuon/waveforms
Output: /pnfs/sbnd/scratch/users/munjung/v10_06_00/data_MCP2025B_CrossingMuon_FullRun1_AfterLight_8_crossingmuon/h5 (g4-raw-1_*.h5)
User memory budget: 37 GiB, currently used: 24 GiB
Converting 71789176_29 at Fri Sep  4 05:44:06 AM CDT 2026
FAILED 71789176_29 at Fri Sep  4 05:45:02 AM CDT 2026
PAUSE after 1 conversions: cooldown 30s + cleanup
Converting 71789222_75 at Fri Sep  4 05:45:35 AM CDT 2026
FAILED 71789222_75 at Fri Sep  4 05:46:15 AM CDT 2026
PAUSE after 1 conversions: cooldown 30s + cleanup
Finished at Fri Sep  4 05:46:50 AM CDT 2026
total=238 skipped=236 empty_skipped=0 converted=0 failed=2 workers=1
Starting batch (crossingmuon, tpc=1) at Fri Sep  4 05:49:09 AM CDT 2026 parallel=0 workers=1 pause_every=1
Input:  /pnfs/sbnd/scratch/users/munjung/v10_06_00/data_MCP2025B_CrossingMuon_FullRun1_AfterLight_8_crossingmuon/waveforms
Output: /pnfs/sbnd/scratch/users/munjung/v10_06_00/data_MCP2025B_CrossingMuon_FullRun1_AfterLight_8_crossingmuon/h5 (g4-raw-1_*.h5)
User memory budget: 37 GiB, currently used: 24 GiB
Converting 71789176_29 at Fri Sep  4 05:49:10 AM CDT 2026
FAILED 71789176_29 at Fri Sep  4 05:50:05 AM CDT 2026
PAUSE after 1 conversions: cooldown 30s + cleanup
Converting 71789222_75 at Fri Sep  4 05:50:38 AM CDT 2026
FAILED 71789222_75 at Fri Sep  4 05:51:18 AM CDT 2026
PAUSE after 1 conversions: cooldown 30s + cleanup
Finished at Fri Sep  4 05:51:52 AM CDT 2026
total=238 skipped=236 empty_skipped=0 converted=0 failed=2 workers=1
Starting batch (crossingmuon, tpc=1) at Fri Sep  4 05:54:13 AM CDT 2026 parallel=0 workers=1 pause_every=1
Input:  /pnfs/sbnd/scratch/users/munjung/v10_06_00/data_MCP2025B_CrossingMuon_FullRun1_AfterLight_8_crossingmuon/waveforms
Output: /pnfs/sbnd/scratch/users/munjung/v10_06_00/data_MCP2025B_CrossingMuon_FullRun1_AfterLight_8_crossingmuon/h5 (g4-raw-1_*.h5)
User memory budget: 37 GiB, currently used: 24 GiB
Converting 71789176_29 at Fri Sep  4 05:54:14 AM CDT 2026
FAILED 71789176_29 at Fri Sep  4 05:55:09 AM CDT 2026
PAUSE after 1 conversions: cooldown 30s + cleanup
Converting 71789222_75 at Fri Sep  4 05:55:41 AM CDT 2026
FAILED 71789222_75 at Fri Sep  4 05:56:20 AM CDT 2026
PAUSE after 1 conversions: cooldown 30s + cleanup
Finished at Fri Sep  4 05:56:55 AM CDT 2026
total=238 skipped=236 empty_skipped=0 converted=0 failed=2 workers=1
Starting batch (crossingmuon, tpc=1) at Fri Sep  4 05:59:17 AM CDT 2026 parallel=0 workers=1 pause_every=1
Input:  /pnfs/sbnd/scratch/users/munjung/v10_06_00/data_MCP2025B_CrossingMuon_FullRun1_AfterLight_8_crossingmuon/waveforms
Output: /pnfs/sbnd/scratch/users/munjung/v10_06_00/data_MCP2025B_CrossingMuon_FullRun1_AfterLight_8_crossingmuon/h5 (g4-raw-1_*.h5)
User memory budget: 37 GiB, currently used: 24 GiB
Converting 71789176_29 at Fri Sep  4 05:59:18 AM CDT 2026
FAILED 71789176_29 at Fri Sep  4 06:00:13 AM CDT 2026
PAUSE after 1 conversions: cooldown 30s + cleanup
Converting 71789222_75 at Fri Sep  4 06:00:45 AM CDT 2026
FAILED 71789222_75 at Fri Sep  4 06:01:25 AM CDT 2026
PAUSE after 1 conversions: cooldown 30s + cleanup
Finished at Fri Sep  4 06:02:00 AM CDT 2026
total=238 skipped=236 empty_skipped=0 converted=0 failed=2 workers=1
Starting batch (crossingmuon, tpc=1) at Fri Sep  4 06:04:22 AM CDT 2026 parallel=0 workers=1 pause_every=1
Input:  /pnfs/sbnd/scratch/users/munjung/v10_06_00/data_MCP2025B_CrossingMuon_FullRun1_AfterLight_8_crossingmuon/waveforms
Output: /pnfs/sbnd/scratch/users/munjung/v10_06_00/data_MCP2025B_CrossingMuon_FullRun1_AfterLight_8_crossingmuon/h5 (g4-raw-1_*.h5)
User memory budget: 37 GiB, currently used: 24 GiB
Converting 71789176_29 at Fri Sep  4 06:04:22 AM CDT 2026
FAILED 71789176_29 at Fri Sep  4 06:05:17 AM CDT 2026
PAUSE after 1 conversions: cooldown 30s + cleanup
Converting 71789222_75 at Fri Sep  4 06:05:50 AM CDT 2026
FAILED 71789222_75 at Fri Sep  4 06:06:30 AM CDT 2026
PAUSE after 1 conversions: cooldown 30s + cleanup
Finished at Fri Sep  4 06:07:05 AM CDT 2026
total=238 skipped=236 empty_skipped=0 converted=0 failed=2 workers=1
Starting batch (crossingmuon, tpc=1) at Fri Sep  4 06:09:26 AM CDT 2026 parallel=0 workers=1 pause_every=1
Input:  /pnfs/sbnd/scratch/users/munjung/v10_06_00/data_MCP2025B_CrossingMuon_FullRun1_AfterLight_8_crossingmuon/waveforms
Output: /pnfs/sbnd/scratch/users/munjung/v10_06_00/data_MCP2025B_CrossingMuon_FullRun1_AfterLight_8_crossingmuon/h5 (g4-raw-1_*.h5)
User memory budget: 37 GiB, currently used: 24 GiB
Converting 71789176_29 at Fri Sep  4 06:09:26 AM CDT 2026
FAILED 71789176_29 at Fri Sep  4 06:10:20 AM CDT 2026
PAUSE after 1 conversions: cooldown 30s + cleanup
Converting 71789222_75 at Fri Sep  4 06:10:53 AM CDT 2026
FAILED 71789222_75 at Fri Sep  4 06:11:32 AM CDT 2026
PAUSE after 1 conversions: cooldown 30s + cleanup
Finished at Fri Sep  4 06:12:07 AM CDT 2026
total=238 skipped=236 empty_skipped=0 converted=0 failed=2 workers=1
Starting batch (crossingmuon, tpc=1) at Fri Sep  4 06:14:30 AM CDT 2026 parallel=0 workers=1 pause_every=1
Input:  /pnfs/sbnd/scratch/users/munjung/v10_06_00/data_MCP2025B_CrossingMuon_FullRun1_AfterLight_8_crossingmuon/waveforms
Output: /pnfs/sbnd/scratch/users/munjung/v10_06_00/data_MCP2025B_CrossingMuon_FullRun1_AfterLight_8_crossingmuon/h5 (g4-raw-1_*.h5)
User memory budget: 37 GiB, currently used: 24 GiB
Converting 71789176_29 at Fri Sep  4 06:14:31 AM CDT 2026
FAILED 71789176_29 at Fri Sep  4 06:15:25 AM CDT 2026
PAUSE after 1 conversions: cooldown 30s + cleanup
Converting 71789222_75 at Fri Sep  4 06:15:58 AM CDT 2026
FAILED 71789222_75 at Fri Sep  4 06:16:39 AM CDT 2026
PAUSE after 1 conversions: cooldown 30s + cleanup
Finished at Fri Sep  4 06:17:14 AM CDT 2026
total=238 skipped=236 empty_skipped=0 converted=0 failed=2 workers=1
Starting batch (crossingmuon, tpc=1) at Fri Sep  4 06:19:34 AM CDT 2026 parallel=0 workers=1 pause_every=1
Input:  /pnfs/sbnd/scratch/users/munjung/v10_06_00/data_MCP2025B_CrossingMuon_FullRun1_AfterLight_8_crossingmuon/waveforms
Output: /pnfs/sbnd/scratch/users/munjung/v10_06_00/data_MCP2025B_CrossingMuon_FullRun1_AfterLight_8_crossingmuon/h5 (g4-raw-1_*.h5)
User memory budget: 37 GiB, currently used: 24 GiB
Converting 71789176_29 at Fri Sep  4 06:19:35 AM CDT 2026
FAILED 71789176_29 at Fri Sep  4 06:20:30 AM CDT 2026
PAUSE after 1 conversions: cooldown 30s + cleanup
Converting 71789222_75 at Fri Sep  4 06:21:03 AM CDT 2026
FAILED 71789222_75 at Fri Sep  4 06:21:43 AM CDT 2026
PAUSE after 1 conversions: cooldown 30s + cleanup
Finished at Fri Sep  4 06:22:18 AM CDT 2026
total=238 skipped=236 empty_skipped=0 converted=0 failed=2 workers=1
Starting batch (crossingmuon, tpc=1) at Fri Sep  4 06:24:38 AM CDT 2026 parallel=0 workers=1 pause_every=1
Input:  /pnfs/sbnd/scratch/users/munjung/v10_06_00/data_MCP2025B_CrossingMuon_FullRun1_AfterLight_8_crossingmuon/waveforms
Output: /pnfs/sbnd/scratch/users/munjung/v10_06_00/data_MCP2025B_CrossingMuon_FullRun1_AfterLight_8_crossingmuon/h5 (g4-raw-1_*.h5)
User memory budget: 37 GiB, currently used: 6 GiB
Converting 71789176_29 at Fri Sep  4 06:24:39 AM CDT 2026
FAILED 71789176_29 at Fri Sep  4 06:25:31 AM CDT 2026
PAUSE after 1 conversions: cooldown 30s + cleanup
Converting 71789222_75 at Fri Sep  4 06:26:03 AM CDT 2026
FAILED 71789222_75 at Fri Sep  4 06:26:41 AM CDT 2026
PAUSE after 1 conversions: cooldown 30s + cleanup
Finished at Fri Sep  4 06:27:16 AM CDT 2026
total=238 skipped=236 empty_skipped=0 converted=0 failed=2 workers=1
Starting batch (crossingmuon, tpc=1) at Fri Sep  4 06:29:43 AM CDT 2026 parallel=0 workers=1 pause_every=1
Input:  /pnfs/sbnd/scratch/users/munjung/v10_06_00/data_MCP2025B_CrossingMuon_FullRun1_AfterLight_8_crossingmuon/waveforms
Output: /pnfs/sbnd/scratch/users/munjung/v10_06_00/data_MCP2025B_CrossingMuon_FullRun1_AfterLight_8_crossingmuon/h5 (g4-raw-1_*.h5)
User memory budget: 37 GiB, currently used: 6 GiB
Converting 71789176_29 at Fri Sep  4 06:29:43 AM CDT 2026
FAILED 71789176_29 at Fri Sep  4 06:30:36 AM CDT 2026
PAUSE after 1 conversions: cooldown 30s + cleanup
Converting 71789222_75 at Fri Sep  4 06:31:08 AM CDT 2026
FAILED 71789222_75 at Fri Sep  4 06:31:46 AM CDT 2026
PAUSE after 1 conversions: cooldown 30s + cleanup
Finished at Fri Sep  4 06:32:21 AM CDT 2026
total=238 skipped=236 empty_skipped=0 converted=0 failed=2 workers=1
Starting batch (crossingmuon, tpc=1) at Fri Sep  4 06:34:47 AM CDT 2026 parallel=0 workers=1 pause_every=1
Input:  /pnfs/sbnd/scratch/users/munjung/v10_06_00/data_MCP2025B_CrossingMuon_FullRun1_AfterLight_8_crossingmuon/waveforms
Output: /pnfs/sbnd/scratch/users/munjung/v10_06_00/data_MCP2025B_CrossingMuon_FullRun1_AfterLight_8_crossingmuon/h5 (g4-raw-1_*.h5)
User memory budget: 37 GiB, currently used: 6 GiB
Converting 71789176_29 at Fri Sep  4 06:34:47 AM CDT 2026
FAILED 71789176_29 at Fri Sep  4 06:35:39 AM CDT 2026
PAUSE after 1 conversions: cooldown 30s + cleanup
Converting 71789222_75 at Fri Sep  4 06:36:12 AM CDT 2026
FAILED 71789222_75 at Fri Sep  4 06:36:50 AM CDT 2026
PAUSE after 1 conversions: cooldown 30s + cleanup
Finished at Fri Sep  4 06:37:25 AM CDT 2026
total=238 skipped=236 empty_skipped=0 converted=0 failed=2 workers=1
Starting batch (crossingmuon, tpc=1) at Fri Sep  4 06:39:51 AM CDT 2026 parallel=0 workers=1 pause_every=1
Input:  /pnfs/sbnd/scratch/users/munjung/v10_06_00/data_MCP2025B_CrossingMuon_FullRun1_AfterLight_8_crossingmuon/waveforms
Output: /pnfs/sbnd/scratch/users/munjung/v10_06_00/data_MCP2025B_CrossingMuon_FullRun1_AfterLight_8_crossingmuon/h5 (g4-raw-1_*.h5)
User memory budget: 37 GiB, currently used: 6 GiB
Converting 71789176_29 at Fri Sep  4 06:39:52 AM CDT 2026
FAILED 71789176_29 at Fri Sep  4 06:40:43 AM CDT 2026
PAUSE after 1 conversions: cooldown 30s + cleanup
Converting 71789222_75 at Fri Sep  4 06:41:16 AM CDT 2026
FAILED 71789222_75 at Fri Sep  4 06:41:54 AM CDT 2026
PAUSE after 1 conversions: cooldown 30s + cleanup
Finished at Fri Sep  4 06:42:29 AM CDT 2026
total=238 skipped=236 empty_skipped=0 converted=0 failed=2 workers=1
Starting batch (crossingmuon, tpc=1) at Fri Sep  4 06:44:55 AM CDT 2026 parallel=0 workers=1 pause_every=1
Input:  /pnfs/sbnd/scratch/users/munjung/v10_06_00/data_MCP2025B_CrossingMuon_FullRun1_AfterLight_8_crossingmuon/waveforms
Output: /pnfs/sbnd/scratch/users/munjung/v10_06_00/data_MCP2025B_CrossingMuon_FullRun1_AfterLight_8_crossingmuon/h5 (g4-raw-1_*.h5)
User memory budget: 37 GiB, currently used: 6 GiB
Converting 71789176_29 at Fri Sep  4 06:44:56 AM CDT 2026
FAILED 71789176_29 at Fri Sep  4 06:45:48 AM CDT 2026
PAUSE after 1 conversions: cooldown 30s + cleanup
Converting 71789222_75 at Fri Sep  4 06:46:20 AM CDT 2026
FAILED 71789222_75 at Fri Sep  4 06:46:58 AM CDT 2026
PAUSE after 1 conversions: cooldown 30s + cleanup
Finished at Fri Sep  4 06:47:33 AM CDT 2026
total=238 skipped=236 empty_skipped=0 converted=0 failed=2 workers=1
Starting batch (crossingmuon, tpc=1) at Fri Sep  4 06:49:59 AM CDT 2026 parallel=0 workers=1 pause_every=1
Input:  /pnfs/sbnd/scratch/users/munjung/v10_06_00/data_MCP2025B_CrossingMuon_FullRun1_AfterLight_8_crossingmuon/waveforms
Output: /pnfs/sbnd/scratch/users/munjung/v10_06_00/data_MCP2025B_CrossingMuon_FullRun1_AfterLight_8_crossingmuon/h5 (g4-raw-1_*.h5)
User memory budget: 37 GiB, currently used: 6 GiB
Converting 71789176_29 at Fri Sep  4 06:50:00 AM CDT 2026
FAILED 71789176_29 at Fri Sep  4 06:50:52 AM CDT 2026
PAUSE after 1 conversions: cooldown 30s + cleanup
Converting 71789222_75 at Fri Sep  4 06:51:24 AM CDT 2026
FAILED 71789222_75 at Fri Sep  4 06:52:02 AM CDT 2026
PAUSE after 1 conversions: cooldown 30s + cleanup
Finished at Fri Sep  4 06:52:37 AM CDT 2026
total=238 skipped=236 empty_skipped=0 converted=0 failed=2 workers=1
Starting batch (crossingmuon, tpc=1) at Fri Sep  4 06:55:03 AM CDT 2026 parallel=0 workers=1 pause_every=1
Input:  /pnfs/sbnd/scratch/users/munjung/v10_06_00/data_MCP2025B_CrossingMuon_FullRun1_AfterLight_8_crossingmuon/waveforms
Output: /pnfs/sbnd/scratch/users/munjung/v10_06_00/data_MCP2025B_CrossingMuon_FullRun1_AfterLight_8_crossingmuon/h5 (g4-raw-1_*.h5)
User memory budget: 37 GiB, currently used: 6 GiB
Converting 71789176_29 at Fri Sep  4 06:55:04 AM CDT 2026
FAILED 71789176_29 at Fri Sep  4 06:55:56 AM CDT 2026
PAUSE after 1 conversions: cooldown 30s + cleanup
Converting 71789222_75 at Fri Sep  4 06:56:29 AM CDT 2026
FAILED 71789222_75 at Fri Sep  4 06:57:07 AM CDT 2026
PAUSE after 1 conversions: cooldown 30s + cleanup
Finished at Fri Sep  4 06:57:42 AM CDT 2026
total=238 skipped=236 empty_skipped=0 converted=0 failed=2 workers=1
Starting batch (crossingmuon, tpc=1) at Fri Sep  4 07:00:08 AM CDT 2026 parallel=0 workers=1 pause_every=1
Input:  /pnfs/sbnd/scratch/users/munjung/v10_06_00/data_MCP2025B_CrossingMuon_FullRun1_AfterLight_8_crossingmuon/waveforms
Output: /pnfs/sbnd/scratch/users/munjung/v10_06_00/data_MCP2025B_CrossingMuon_FullRun1_AfterLight_8_crossingmuon/h5 (g4-raw-1_*.h5)
User memory budget: 37 GiB, currently used: 6 GiB
Converting 71789176_29 at Fri Sep  4 07:00:08 AM CDT 2026
FAILED 71789176_29 at Fri Sep  4 07:00:59 AM CDT 2026
PAUSE after 1 conversions: cooldown 30s + cleanup
Converting 71789222_75 at Fri Sep  4 07:01:32 AM CDT 2026
FAILED 71789222_75 at Fri Sep  4 07:02:10 AM CDT 2026
PAUSE after 1 conversions: cooldown 30s + cleanup
Finished at Fri Sep  4 07:02:45 AM CDT 2026
total=238 skipped=236 empty_skipped=0 converted=0 failed=2 workers=1
Starting batch (crossingmuon, tpc=1) at Fri Sep  4 07:05:12 AM CDT 2026 parallel=0 workers=1 pause_every=1
Input:  /pnfs/sbnd/scratch/users/munjung/v10_06_00/data_MCP2025B_CrossingMuon_FullRun1_AfterLight_8_crossingmuon/waveforms
Output: /pnfs/sbnd/scratch/users/munjung/v10_06_00/data_MCP2025B_CrossingMuon_FullRun1_AfterLight_8_crossingmuon/h5 (g4-raw-1_*.h5)
User memory budget: 37 GiB, currently used: 6 GiB
Converting 71789176_29 at Fri Sep  4 07:05:13 AM CDT 2026
FAILED 71789176_29 at Fri Sep  4 07:06:04 AM CDT 2026
PAUSE after 1 conversions: cooldown 30s + cleanup
Converting 71789222_75 at Fri Sep  4 07:06:37 AM CDT 2026
FAILED 71789222_75 at Fri Sep  4 07:07:15 AM CDT 2026
PAUSE after 1 conversions: cooldown 30s + cleanup
Finished at Fri Sep  4 07:07:50 AM CDT 2026
total=238 skipped=236 empty_skipped=0 converted=0 failed=2 workers=1
Starting batch (crossingmuon, tpc=1) at Fri Sep  4 07:10:16 AM CDT 2026 parallel=0 workers=1 pause_every=1
Input:  /pnfs/sbnd/scratch/users/munjung/v10_06_00/data_MCP2025B_CrossingMuon_FullRun1_AfterLight_8_crossingmuon/waveforms
Output: /pnfs/sbnd/scratch/users/munjung/v10_06_00/data_MCP2025B_CrossingMuon_FullRun1_AfterLight_8_crossingmuon/h5 (g4-raw-1_*.h5)
User memory budget: 37 GiB, currently used: 6 GiB
Converting 71789176_29 at Fri Sep  4 07:10:17 AM CDT 2026
FAILED 71789176_29 at Fri Sep  4 07:11:08 AM CDT 2026
PAUSE after 1 conversions: cooldown 30s + cleanup
Converting 71789222_75 at Fri Sep  4 07:11:40 AM CDT 2026
FAILED 71789222_75 at Fri Sep  4 07:12:18 AM CDT 2026
PAUSE after 1 conversions: cooldown 30s + cleanup
Finished at Fri Sep  4 07:12:53 AM CDT 2026
total=238 skipped=236 empty_skipped=0 converted=0 failed=2 workers=1
Starting batch (crossingmuon, tpc=1) at Fri Sep  4 07:15:20 AM CDT 2026 parallel=0 workers=1 pause_every=1
Input:  /pnfs/sbnd/scratch/users/munjung/v10_06_00/data_MCP2025B_CrossingMuon_FullRun1_AfterLight_8_crossingmuon/waveforms
Output: /pnfs/sbnd/scratch/users/munjung/v10_06_00/data_MCP2025B_CrossingMuon_FullRun1_AfterLight_8_crossingmuon/h5 (g4-raw-1_*.h5)
User memory budget: 37 GiB, currently used: 6 GiB
Converting 71789176_29 at Fri Sep  4 07:15:21 AM CDT 2026
FAILED 71789176_29 at Fri Sep  4 07:16:13 AM CDT 2026
PAUSE after 1 conversions: cooldown 30s + cleanup
Converting 71789222_75 at Fri Sep  4 07:16:46 AM CDT 2026
FAILED 71789222_75 at Fri Sep  4 07:17:23 AM CDT 2026
PAUSE after 1 conversions: cooldown 30s + cleanup
Finished at Fri Sep  4 07:17:58 AM CDT 2026
total=238 skipped=236 empty_skipped=0 converted=0 failed=2 workers=1
Starting batch (crossingmuon, tpc=1) at Fri Sep  4 07:20:24 AM CDT 2026 parallel=0 workers=1 pause_every=1
Input:  /pnfs/sbnd/scratch/users/munjung/v10_06_00/data_MCP2025B_CrossingMuon_FullRun1_AfterLight_8_crossingmuon/waveforms
Output: /pnfs/sbnd/scratch/users/munjung/v10_06_00/data_MCP2025B_CrossingMuon_FullRun1_AfterLight_8_crossingmuon/h5 (g4-raw-1_*.h5)
User memory budget: 37 GiB, currently used: 6 GiB
Converting 71789176_29 at Fri Sep  4 07:20:25 AM CDT 2026
FAILED 71789176_29 at Fri Sep  4 07:21:16 AM CDT 2026
PAUSE after 1 conversions: cooldown 30s + cleanup
Converting 71789222_75 at Fri Sep  4 07:21:49 AM CDT 2026
FAILED 71789222_75 at Fri Sep  4 07:22:27 AM CDT 2026
PAUSE after 1 conversions: cooldown 30s + cleanup
Finished at Fri Sep  4 07:23:02 AM CDT 2026
total=238 skipped=236 empty_skipped=0 converted=0 failed=2 workers=1
Starting batch (crossingmuon, tpc=1) at Fri Sep  4 07:25:28 AM CDT 2026 parallel=0 workers=1 pause_every=1
Input:  /pnfs/sbnd/scratch/users/munjung/v10_06_00/data_MCP2025B_CrossingMuon_FullRun1_AfterLight_8_crossingmuon/waveforms
Output: /pnfs/sbnd/scratch/users/munjung/v10_06_00/data_MCP2025B_CrossingMuon_FullRun1_AfterLight_8_crossingmuon/h5 (g4-raw-1_*.h5)
User memory budget: 37 GiB, currently used: 6 GiB
Converting 71789176_29 at Fri Sep  4 07:25:29 AM CDT 2026
FAILED 71789176_29 at Fri Sep  4 07:26:27 AM CDT 2026
PAUSE after 1 conversions: cooldown 30s + cleanup
Converting 71789222_75 at Fri Sep  4 07:27:00 AM CDT 2026
FAILED 71789222_75 at Fri Sep  4 07:27:38 AM CDT 2026
PAUSE after 1 conversions: cooldown 30s + cleanup
Finished at Fri Sep  4 07:28:12 AM CDT 2026
total=238 skipped=236 empty_skipped=0 converted=0 failed=2 workers=1
Starting batch (crossingmuon, tpc=1) at Fri Sep  4 07:30:33 AM CDT 2026 parallel=0 workers=1 pause_every=1
Input:  /pnfs/sbnd/scratch/users/munjung/v10_06_00/data_MCP2025B_CrossingMuon_FullRun1_AfterLight_8_crossingmuon/waveforms
Output: /pnfs/sbnd/scratch/users/munjung/v10_06_00/data_MCP2025B_CrossingMuon_FullRun1_AfterLight_8_crossingmuon/h5 (g4-raw-1_*.h5)
User memory budget: 37 GiB, currently used: 6 GiB
Converting 71789176_29 at Fri Sep  4 07:30:34 AM CDT 2026
FAILED 71789176_29 at Fri Sep  4 07:31:26 AM CDT 2026
PAUSE after 1 conversions: cooldown 30s + cleanup
Converting 71789222_75 at Fri Sep  4 07:31:58 AM CDT 2026
FAILED 71789222_75 at Fri Sep  4 07:32:36 AM CDT 2026
PAUSE after 1 conversions: cooldown 30s + cleanup
Finished at Fri Sep  4 07:33:11 AM CDT 2026
total=238 skipped=236 empty_skipped=0 converted=0 failed=2 workers=1
Starting batch (crossingmuon, tpc=1) at Fri Sep  4 07:35:37 AM CDT 2026 parallel=0 workers=1 pause_every=1
Input:  /pnfs/sbnd/scratch/users/munjung/v10_06_00/data_MCP2025B_CrossingMuon_FullRun1_AfterLight_8_crossingmuon/waveforms
Output: /pnfs/sbnd/scratch/users/munjung/v10_06_00/data_MCP2025B_CrossingMuon_FullRun1_AfterLight_8_crossingmuon/h5 (g4-raw-1_*.h5)
User memory budget: 37 GiB, currently used: 6 GiB
Converting 71789176_29 at Fri Sep  4 07:35:38 AM CDT 2026
FAILED 71789176_29 at Fri Sep  4 07:36:29 AM CDT 2026
PAUSE after 1 conversions: cooldown 30s + cleanup
Converting 71789222_75 at Fri Sep  4 07:37:02 AM CDT 2026
FAILED 71789222_75 at Fri Sep  4 07:37:40 AM CDT 2026
PAUSE after 1 conversions: cooldown 30s + cleanup
Finished at Fri Sep  4 07:38:15 AM CDT 2026
total=238 skipped=236 empty_skipped=0 converted=0 failed=2 workers=1
Starting batch (crossingmuon, tpc=1) at Fri Sep  4 07:40:42 AM CDT 2026 parallel=0 workers=1 pause_every=1
Input:  /pnfs/sbnd/scratch/users/munjung/v10_06_00/data_MCP2025B_CrossingMuon_FullRun1_AfterLight_8_crossingmuon/waveforms
Output: /pnfs/sbnd/scratch/users/munjung/v10_06_00/data_MCP2025B_CrossingMuon_FullRun1_AfterLight_8_crossingmuon/h5 (g4-raw-1_*.h5)
User memory budget: 37 GiB, currently used: 6 GiB
Converting 71789176_29 at Fri Sep  4 07:40:42 AM CDT 2026
FAILED 71789176_29 at Fri Sep  4 07:41:33 AM CDT 2026
PAUSE after 1 conversions: cooldown 30s + cleanup
Converting 71789222_75 at Fri Sep  4 07:42:06 AM CDT 2026
FAILED 71789222_75 at Fri Sep  4 07:42:44 AM CDT 2026
PAUSE after 1 conversions: cooldown 30s + cleanup
Finished at Fri Sep  4 07:43:19 AM CDT 2026
total=238 skipped=236 empty_skipped=0 converted=0 failed=2 workers=1
Starting batch (crossingmuon, tpc=1) at Fri Sep  4 07:45:46 AM CDT 2026 parallel=0 workers=1 pause_every=1
Input:  /pnfs/sbnd/scratch/users/munjung/v10_06_00/data_MCP2025B_CrossingMuon_FullRun1_AfterLight_8_crossingmuon/waveforms
Output: /pnfs/sbnd/scratch/users/munjung/v10_06_00/data_MCP2025B_CrossingMuon_FullRun1_AfterLight_8_crossingmuon/h5 (g4-raw-1_*.h5)
User memory budget: 37 GiB, currently used: 6 GiB
Converting 71789176_29 at Fri Sep  4 07:45:47 AM CDT 2026
FAILED 71789176_29 at Fri Sep  4 07:46:38 AM CDT 2026
PAUSE after 1 conversions: cooldown 30s + cleanup
Converting 71789222_75 at Fri Sep  4 07:47:10 AM CDT 2026
FAILED 71789222_75 at Fri Sep  4 07:47:48 AM CDT 2026
PAUSE after 1 conversions: cooldown 30s + cleanup
Finished at Fri Sep  4 07:48:23 AM CDT 2026
total=238 skipped=236 empty_skipped=0 converted=0 failed=2 workers=1
Starting batch (crossingmuon, tpc=1) at Fri Sep  4 07:50:50 AM CDT 2026 parallel=0 workers=1 pause_every=1
Input:  /pnfs/sbnd/scratch/users/munjung/v10_06_00/data_MCP2025B_CrossingMuon_FullRun1_AfterLight_8_crossingmuon/waveforms
Output: /pnfs/sbnd/scratch/users/munjung/v10_06_00/data_MCP2025B_CrossingMuon_FullRun1_AfterLight_8_crossingmuon/h5 (g4-raw-1_*.h5)
User memory budget: 37 GiB, currently used: 6 GiB
Converting 71789176_29 at Fri Sep  4 07:50:51 AM CDT 2026
FAILED 71789176_29 at Fri Sep  4 07:51:43 AM CDT 2026
PAUSE after 1 conversions: cooldown 30s + cleanup
Converting 71789222_75 at Fri Sep  4 07:52:15 AM CDT 2026
FAILED 71789222_75 at Fri Sep  4 07:52:53 AM CDT 2026
PAUSE after 1 conversions: cooldown 30s + cleanup
Finished at Fri Sep  4 07:53:28 AM CDT 2026
total=238 skipped=236 empty_skipped=0 converted=0 failed=2 workers=1
Starting batch (crossingmuon, tpc=1) at Fri Sep  4 07:55:55 AM CDT 2026 parallel=0 workers=1 pause_every=1
Input:  /pnfs/sbnd/scratch/users/munjung/v10_06_00/data_MCP2025B_CrossingMuon_FullRun1_AfterLight_8_crossingmuon/waveforms
Output: /pnfs/sbnd/scratch/users/munjung/v10_06_00/data_MCP2025B_CrossingMuon_FullRun1_AfterLight_8_crossingmuon/h5 (g4-raw-1_*.h5)
User memory budget: 37 GiB, currently used: 6 GiB
Converting 71789176_29 at Fri Sep  4 07:55:55 AM CDT 2026
FAILED 71789176_29 at Fri Sep  4 07:56:53 AM CDT 2026
PAUSE after 1 conversions: cooldown 30s + cleanup
Converting 71789222_75 at Fri Sep  4 07:57:25 AM CDT 2026
FAILED 71789222_75 at Fri Sep  4 07:58:09 AM CDT 2026
PAUSE after 1 conversions: cooldown 30s + cleanup
Finished at Fri Sep  4 07:58:44 AM CDT 2026
total=238 skipped=236 empty_skipped=0 converted=0 failed=2 workers=1
Starting batch (crossingmuon, tpc=1) at Fri Sep  4 08:00:59 AM CDT 2026 parallel=0 workers=1 pause_every=1
Input:  /pnfs/sbnd/scratch/users/munjung/v10_06_00/data_MCP2025B_CrossingMuon_FullRun1_AfterLight_8_crossingmuon/waveforms
Output: /pnfs/sbnd/scratch/users/munjung/v10_06_00/data_MCP2025B_CrossingMuon_FullRun1_AfterLight_8_crossingmuon/h5 (g4-raw-1_*.h5)
User memory budget: 37 GiB, currently used: 6 GiB
Converting 71789176_29 at Fri Sep  4 08:00:59 AM CDT 2026
FAILED 71789176_29 at Fri Sep  4 08:01:58 AM CDT 2026
PAUSE after 1 conversions: cooldown 30s + cleanup
Converting 71789222_75 at Fri Sep  4 08:02:31 AM CDT 2026
FAILED 71789222_75 at Fri Sep  4 08:03:12 AM CDT 2026
PAUSE after 1 conversions: cooldown 30s + cleanup
Finished at Fri Sep  4 08:03:47 AM CDT 2026
total=238 skipped=236 empty_skipped=0 converted=0 failed=2 workers=1
Starting batch (crossingmuon, tpc=1) at Fri Sep  4 08:06:03 AM CDT 2026 parallel=0 workers=1 pause_every=1
Input:  /pnfs/sbnd/scratch/users/munjung/v10_06_00/data_MCP2025B_CrossingMuon_FullRun1_AfterLight_8_crossingmuon/waveforms
Output: /pnfs/sbnd/scratch/users/munjung/v10_06_00/data_MCP2025B_CrossingMuon_FullRun1_AfterLight_8_crossingmuon/h5 (g4-raw-1_*.h5)
User memory budget: 37 GiB, currently used: 6 GiB
Converting 71789176_29 at Fri Sep  4 08:06:04 AM CDT 2026
FAILED 71789176_29 at Fri Sep  4 08:07:14 AM CDT 2026
PAUSE after 1 conversions: cooldown 30s + cleanup
Converting 71789222_75 at Fri Sep  4 08:07:47 AM CDT 2026
FAILED 71789222_75 at Fri Sep  4 08:08:44 AM CDT 2026
PAUSE after 1 conversions: cooldown 30s + cleanup
Finished at Fri Sep  4 08:09:19 AM CDT 2026
total=238 skipped=236 empty_skipped=0 converted=0 failed=2 workers=1
Starting batch (crossingmuon, tpc=1) at Fri Sep  4 08:11:09 AM CDT 2026 parallel=0 workers=1 pause_every=1
Input:  /pnfs/sbnd/scratch/users/munjung/v10_06_00/data_MCP2025B_CrossingMuon_FullRun1_AfterLight_8_crossingmuon/waveforms
Output: /pnfs/sbnd/scratch/users/munjung/v10_06_00/data_MCP2025B_CrossingMuon_FullRun1_AfterLight_8_crossingmuon/h5 (g4-raw-1_*.h5)
User memory budget: 37 GiB, currently used: 6 GiB
Converting 71789176_29 at Fri Sep  4 08:11:09 AM CDT 2026
FAILED 71789176_29 at Fri Sep  4 08:12:30 AM CDT 2026
PAUSE after 1 conversions: cooldown 30s + cleanup
Converting 71789222_75 at Fri Sep  4 08:13:02 AM CDT 2026
FAILED 71789222_75 at Fri Sep  4 08:14:08 AM CDT 2026
PAUSE after 1 conversions: cooldown 30s + cleanup
Finished at Fri Sep  4 08:14:43 AM CDT 2026
total=238 skipped=236 empty_skipped=0 converted=0 failed=2 workers=1
Starting batch (crossingmuon, tpc=1) at Fri Sep  4 08:16:14 AM CDT 2026 parallel=0 workers=1 pause_every=1
Input:  /pnfs/sbnd/scratch/users/munjung/v10_06_00/data_MCP2025B_CrossingMuon_FullRun1_AfterLight_8_crossingmuon/waveforms
Output: /pnfs/sbnd/scratch/users/munjung/v10_06_00/data_MCP2025B_CrossingMuon_FullRun1_AfterLight_8_crossingmuon/h5 (g4-raw-1_*.h5)
User memory budget: 37 GiB, currently used: 6 GiB
Converting 71789176_29 at Fri Sep  4 08:16:14 AM CDT 2026
FAILED 71789176_29 at Fri Sep  4 08:17:17 AM CDT 2026
PAUSE after 1 conversions: cooldown 30s + cleanup
Converting 71789222_75 at Fri Sep  4 08:17:50 AM CDT 2026
FAILED 71789222_75 at Fri Sep  4 08:18:33 AM CDT 2026
PAUSE after 1 conversions: cooldown 30s + cleanup
Finished at Fri Sep  4 08:19:07 AM CDT 2026
total=238 skipped=236 empty_skipped=0 converted=0 failed=2 workers=1
Starting batch (crossingmuon, tpc=1) at Fri Sep  4 08:21:18 AM CDT 2026 parallel=0 workers=1 pause_every=1
Input:  /pnfs/sbnd/scratch/users/munjung/v10_06_00/data_MCP2025B_CrossingMuon_FullRun1_AfterLight_8_crossingmuon/waveforms
Output: /pnfs/sbnd/scratch/users/munjung/v10_06_00/data_MCP2025B_CrossingMuon_FullRun1_AfterLight_8_crossingmuon/h5 (g4-raw-1_*.h5)
User memory budget: 37 GiB, currently used: 6 GiB
Converting 71789176_29 at Fri Sep  4 08:21:19 AM CDT 2026
FAILED 71789176_29 at Fri Sep  4 08:22:19 AM CDT 2026
PAUSE after 1 conversions: cooldown 30s + cleanup
Converting 71789222_75 at Fri Sep  4 08:22:52 AM CDT 2026
FAILED 71789222_75 at Fri Sep  4 08:23:45 AM CDT 2026
PAUSE after 1 conversions: cooldown 30s + cleanup
Finished at Fri Sep  4 08:24:20 AM CDT 2026
total=238 skipped=236 empty_skipped=0 converted=0 failed=2 workers=1
Starting batch (crossingmuon, tpc=1) at Fri Sep  4 08:26:23 AM CDT 2026 parallel=0 workers=1 pause_every=1
Input:  /pnfs/sbnd/scratch/users/munjung/v10_06_00/data_MCP2025B_CrossingMuon_FullRun1_AfterLight_8_crossingmuon/waveforms
Output: /pnfs/sbnd/scratch/users/munjung/v10_06_00/data_MCP2025B_CrossingMuon_FullRun1_AfterLight_8_crossingmuon/h5 (g4-raw-1_*.h5)
User memory budget: 37 GiB, currently used: 6 GiB
Converting 71789176_29 at Fri Sep  4 08:26:24 AM CDT 2026
FAILED 71789176_29 at Fri Sep  4 08:28:15 AM CDT 2026
PAUSE after 1 conversions: cooldown 30s + cleanup
Converting 71789222_75 at Fri Sep  4 08:28:47 AM CDT 2026
FAILED 71789222_75 at Fri Sep  4 08:30:09 AM CDT 2026
PAUSE after 1 conversions: cooldown 30s + cleanup
Finished at Fri Sep  4 08:30:44 AM CDT 2026
total=238 skipped=236 empty_skipped=0 converted=0 failed=2 workers=1
Starting batch (crossingmuon, tpc=1) at Fri Sep  4 08:31:28 AM CDT 2026 parallel=0 workers=1 pause_every=1
Input:  /pnfs/sbnd/scratch/users/munjung/v10_06_00/data_MCP2025B_CrossingMuon_FullRun1_AfterLight_8_crossingmuon/waveforms
Output: /pnfs/sbnd/scratch/users/munjung/v10_06_00/data_MCP2025B_CrossingMuon_FullRun1_AfterLight_8_crossingmuon/h5 (g4-raw-1_*.h5)
User memory budget: 37 GiB, currently used: 6 GiB
Converting 71789176_29 at Fri Sep  4 08:31:28 AM CDT 2026
FAILED 71789176_29 at Fri Sep  4 08:32:51 AM CDT 2026
PAUSE after 1 conversions: cooldown 30s + cleanup
Converting 71789222_75 at Fri Sep  4 08:33:24 AM CDT 2026
Starting batch (crossingmuon, tpc=1) at Fri Sep  4 08:36:39 AM CDT 2026 parallel=0 workers=1 pause_every=1
Input:  /pnfs/sbnd/scratch/users/munjung/v10_06_00/data_MCP2025B_CrossingMuon_FullRun1_AfterLight_8_crossingmuon/waveforms
Output: /pnfs/sbnd/scratch/users/munjung/v10_06_00/data_MCP2025B_CrossingMuon_FullRun1_AfterLight_8_crossingmuon/h5 (g4-raw-1_*.h5)
User memory budget: 37 GiB, currently used: 6 GiB
Converting 71789176_29 at Fri Sep  4 08:36:40 AM CDT 2026
FAILED 71789176_29 at Fri Sep  4 08:37:55 AM CDT 2026
PAUSE after 1 conversions: cooldown 30s + cleanup
Converting 71789222_75 at Fri Sep  4 08:38:27 AM CDT 2026
FAILED 71789222_75 at Fri Sep  4 08:39:18 AM CDT 2026
PAUSE after 1 conversions: cooldown 30s + cleanup
Finished at Fri Sep  4 08:39:53 AM CDT 2026
total=238 skipped=236 empty_skipped=0 converted=0 failed=2 workers=1
Starting batch (crossingmuon, tpc=1) at Fri Sep  4 08:41:43 AM CDT 2026 parallel=0 workers=1 pause_every=1
Input:  /pnfs/sbnd/scratch/users/munjung/v10_06_00/data_MCP2025B_CrossingMuon_FullRun1_AfterLight_8_crossingmuon/waveforms
Output: /pnfs/sbnd/scratch/users/munjung/v10_06_00/data_MCP2025B_CrossingMuon_FullRun1_AfterLight_8_crossingmuon/h5 (g4-raw-1_*.h5)
User memory budget: 37 GiB, currently used: 6 GiB
Converting 71789176_29 at Fri Sep  4 08:41:44 AM CDT 2026
FAILED 71789176_29 at Fri Sep  4 08:42:37 AM CDT 2026
PAUSE after 1 conversions: cooldown 30s + cleanup
Converting 71789222_75 at Fri Sep  4 08:43:10 AM CDT 2026
FAILED 71789222_75 at Fri Sep  4 08:43:48 AM CDT 2026
PAUSE after 1 conversions: cooldown 30s + cleanup
Finished at Fri Sep  4 08:44:23 AM CDT 2026
total=238 skipped=236 empty_skipped=0 converted=0 failed=2 workers=1
Starting batch (crossingmuon, tpc=1) at Fri Sep  4 08:46:47 AM CDT 2026 parallel=0 workers=1 pause_every=1
Input:  /pnfs/sbnd/scratch/users/munjung/v10_06_00/data_MCP2025B_CrossingMuon_FullRun1_AfterLight_8_crossingmuon/waveforms
Output: /pnfs/sbnd/scratch/users/munjung/v10_06_00/data_MCP2025B_CrossingMuon_FullRun1_AfterLight_8_crossingmuon/h5 (g4-raw-1_*.h5)
User memory budget: 37 GiB, currently used: 6 GiB
Converting 71789176_29 at Fri Sep  4 08:46:48 AM CDT 2026
FAILED 71789176_29 at Fri Sep  4 08:47:41 AM CDT 2026
PAUSE after 1 conversions: cooldown 30s + cleanup
Converting 71789222_75 at Fri Sep  4 08:48:14 AM CDT 2026
FAILED 71789222_75 at Fri Sep  4 08:48:52 AM CDT 2026
PAUSE after 1 conversions: cooldown 30s + cleanup
Finished at Fri Sep  4 08:49:27 AM CDT 2026
total=238 skipped=236 empty_skipped=0 converted=0 failed=2 workers=1
Starting batch (crossingmuon, tpc=1) at Fri Sep  4 08:51:51 AM CDT 2026 parallel=0 workers=1 pause_every=1
Input:  /pnfs/sbnd/scratch/users/munjung/v10_06_00/data_MCP2025B_CrossingMuon_FullRun1_AfterLight_8_crossingmuon/waveforms
Output: /pnfs/sbnd/scratch/users/munjung/v10_06_00/data_MCP2025B_CrossingMuon_FullRun1_AfterLight_8_crossingmuon/h5 (g4-raw-1_*.h5)
User memory budget: 37 GiB, currently used: 6 GiB
Converting 71789176_29 at Fri Sep  4 08:51:52 AM CDT 2026
FAILED 71789176_29 at Fri Sep  4 08:52:44 AM CDT 2026
PAUSE after 1 conversions: cooldown 30s + cleanup
Converting 71789222_75 at Fri Sep  4 08:53:16 AM CDT 2026
FAILED 71789222_75 at Fri Sep  4 08:53:54 AM CDT 2026
PAUSE after 1 conversions: cooldown 30s + cleanup
Finished at Fri Sep  4 08:54:28 AM CDT 2026
total=238 skipped=236 empty_skipped=0 converted=0 failed=2 workers=1
Starting batch (crossingmuon, tpc=1) at Fri Sep  4 08:56:56 AM CDT 2026 parallel=0 workers=1 pause_every=1
Input:  /pnfs/sbnd/scratch/users/munjung/v10_06_00/data_MCP2025B_CrossingMuon_FullRun1_AfterLight_8_crossingmuon/waveforms
Output: /pnfs/sbnd/scratch/users/munjung/v10_06_00/data_MCP2025B_CrossingMuon_FullRun1_AfterLight_8_crossingmuon/h5 (g4-raw-1_*.h5)
User memory budget: 37 GiB, currently used: 6 GiB
Converting 71789176_29 at Fri Sep  4 08:56:56 AM CDT 2026
FAILED 71789176_29 at Fri Sep  4 08:57:47 AM CDT 2026
PAUSE after 1 conversions: cooldown 30s + cleanup
Converting 71789222_75 at Fri Sep  4 08:58:20 AM CDT 2026
FAILED 71789222_75 at Fri Sep  4 08:58:58 AM CDT 2026
PAUSE after 1 conversions: cooldown 30s + cleanup
Finished at Fri Sep  4 08:59:32 AM CDT 2026
total=238 skipped=236 empty_skipped=0 converted=0 failed=2 workers=1
Starting batch (crossingmuon, tpc=1) at Fri Sep  4 09:02:00 AM CDT 2026 parallel=0 workers=1 pause_every=1
Input:  /pnfs/sbnd/scratch/users/munjung/v10_06_00/data_MCP2025B_CrossingMuon_FullRun1_AfterLight_8_crossingmuon/waveforms
Output: /pnfs/sbnd/scratch/users/munjung/v10_06_00/data_MCP2025B_CrossingMuon_FullRun1_AfterLight_8_crossingmuon/h5 (g4-raw-1_*.h5)
User memory budget: 37 GiB, currently used: 6 GiB
Converting 71789176_29 at Fri Sep  4 09:02:01 AM CDT 2026
FAILED 71789176_29 at Fri Sep  4 09:02:52 AM CDT 2026
PAUSE after 1 conversions: cooldown 30s + cleanup
Converting 71789222_75 at Fri Sep  4 09:03:25 AM CDT 2026
FAILED 71789222_75 at Fri Sep  4 09:04:03 AM CDT 2026
PAUSE after 1 conversions: cooldown 30s + cleanup
Finished at Fri Sep  4 09:04:38 AM CDT 2026
total=238 skipped=236 empty_skipped=0 converted=0 failed=2 workers=1
Starting batch (crossingmuon, tpc=1) at Fri Sep  4 09:07:04 AM CDT 2026 parallel=0 workers=1 pause_every=1
Input:  /pnfs/sbnd/scratch/users/munjung/v10_06_00/data_MCP2025B_CrossingMuon_FullRun1_AfterLight_8_crossingmuon/waveforms
Output: /pnfs/sbnd/scratch/users/munjung/v10_06_00/data_MCP2025B_CrossingMuon_FullRun1_AfterLight_8_crossingmuon/h5 (g4-raw-1_*.h5)
User memory budget: 37 GiB, currently used: 6 GiB
Converting 71789176_29 at Fri Sep  4 09:07:05 AM CDT 2026
FAILED 71789176_29 at Fri Sep  4 09:07:58 AM CDT 2026
PAUSE after 1 conversions: cooldown 30s + cleanup
Converting 71789222_75 at Fri Sep  4 09:08:30 AM CDT 2026
FAILED 71789222_75 at Fri Sep  4 09:09:11 AM CDT 2026
PAUSE after 1 conversions: cooldown 30s + cleanup
Finished at Fri Sep  4 09:09:45 AM CDT 2026
total=238 skipped=236 empty_skipped=0 converted=0 failed=2 workers=1
Starting batch (crossingmuon, tpc=1) at Fri Sep  4 09:12:09 AM CDT 2026 parallel=0 workers=1 pause_every=1
Input:  /pnfs/sbnd/scratch/users/munjung/v10_06_00/data_MCP2025B_CrossingMuon_FullRun1_AfterLight_8_crossingmuon/waveforms
Output: /pnfs/sbnd/scratch/users/munjung/v10_06_00/data_MCP2025B_CrossingMuon_FullRun1_AfterLight_8_crossingmuon/h5 (g4-raw-1_*.h5)
User memory budget: 37 GiB, currently used: 6 GiB
Converting 71789176_29 at Fri Sep  4 09:12:09 AM CDT 2026
FAILED 71789176_29 at Fri Sep  4 09:13:00 AM CDT 2026
PAUSE after 1 conversions: cooldown 30s + cleanup
Converting 71789222_75 at Fri Sep  4 09:13:33 AM CDT 2026
FAILED 71789222_75 at Fri Sep  4 09:14:12 AM CDT 2026
PAUSE after 1 conversions: cooldown 30s + cleanup
Finished at Fri Sep  4 09:14:47 AM CDT 2026
total=238 skipped=236 empty_skipped=0 converted=0 failed=2 workers=1
Starting batch (crossingmuon, tpc=1) at Fri Sep  4 09:17:12 AM CDT 2026 parallel=0 workers=1 pause_every=1
Input:  /pnfs/sbnd/scratch/users/munjung/v10_06_00/data_MCP2025B_CrossingMuon_FullRun1_AfterLight_8_crossingmuon/waveforms
Output: /pnfs/sbnd/scratch/users/munjung/v10_06_00/data_MCP2025B_CrossingMuon_FullRun1_AfterLight_8_crossingmuon/h5 (g4-raw-1_*.h5)
User memory budget: 37 GiB, currently used: 6 GiB
Converting 71789176_29 at Fri Sep  4 09:17:13 AM CDT 2026
FAILED 71789176_29 at Fri Sep  4 09:18:04 AM CDT 2026
PAUSE after 1 conversions: cooldown 30s + cleanup
Converting 71789222_75 at Fri Sep  4 09:18:37 AM CDT 2026
FAILED 71789222_75 at Fri Sep  4 09:19:14 AM CDT 2026
PAUSE after 1 conversions: cooldown 30s + cleanup
Finished at Fri Sep  4 09:19:49 AM CDT 2026
total=238 skipped=236 empty_skipped=0 converted=0 failed=2 workers=1
Starting batch (crossingmuon, tpc=1) at Fri Sep  4 09:22:17 AM CDT 2026 parallel=0 workers=1 pause_every=1
Input:  /pnfs/sbnd/scratch/users/munjung/v10_06_00/data_MCP2025B_CrossingMuon_FullRun1_AfterLight_8_crossingmuon/waveforms
Output: /pnfs/sbnd/scratch/users/munjung/v10_06_00/data_MCP2025B_CrossingMuon_FullRun1_AfterLight_8_crossingmuon/h5 (g4-raw-1_*.h5)
User memory budget: 37 GiB, currently used: 6 GiB
Converting 71789176_29 at Fri Sep  4 09:22:17 AM CDT 2026
FAILED 71789176_29 at Fri Sep  4 09:23:09 AM CDT 2026
PAUSE after 1 conversions: cooldown 30s + cleanup
Converting 71789222_75 at Fri Sep  4 09:23:42 AM CDT 2026
FAILED 71789222_75 at Fri Sep  4 09:24:20 AM CDT 2026
PAUSE after 1 conversions: cooldown 30s + cleanup
Finished at Fri Sep  4 09:24:54 AM CDT 2026
total=238 skipped=236 empty_skipped=0 converted=0 failed=2 workers=1
Starting batch (crossingmuon, tpc=1) at Fri Sep  4 09:27:21 AM CDT 2026 parallel=0 workers=1 pause_every=1
Input:  /pnfs/sbnd/scratch/users/munjung/v10_06_00/data_MCP2025B_CrossingMuon_FullRun1_AfterLight_8_crossingmuon/waveforms
Output: /pnfs/sbnd/scratch/users/munjung/v10_06_00/data_MCP2025B_CrossingMuon_FullRun1_AfterLight_8_crossingmuon/h5 (g4-raw-1_*.h5)
User memory budget: 37 GiB, currently used: 6 GiB
Converting 71789176_29 at Fri Sep  4 09:27:22 AM CDT 2026
FAILED 71789176_29 at Fri Sep  4 09:28:13 AM CDT 2026
PAUSE after 1 conversions: cooldown 30s + cleanup
Converting 71789222_75 at Fri Sep  4 09:28:45 AM CDT 2026
FAILED 71789222_75 at Fri Sep  4 09:29:25 AM CDT 2026
PAUSE after 1 conversions: cooldown 30s + cleanup
Finished at Fri Sep  4 09:29:59 AM CDT 2026
total=238 skipped=236 empty_skipped=0 converted=0 failed=2 workers=1
Starting batch (crossingmuon, tpc=1) at Fri Sep  4 09:32:25 AM CDT 2026 parallel=0 workers=1 pause_every=1
Input:  /pnfs/sbnd/scratch/users/munjung/v10_06_00/data_MCP2025B_CrossingMuon_FullRun1_AfterLight_8_crossingmuon/waveforms
Output: /pnfs/sbnd/scratch/users/munjung/v10_06_00/data_MCP2025B_CrossingMuon_FullRun1_AfterLight_8_crossingmuon/h5 (g4-raw-1_*.h5)
User memory budget: 37 GiB, currently used: 6 GiB
Converting 71789176_29 at Fri Sep  4 09:32:25 AM CDT 2026
FAILED 71789176_29 at Fri Sep  4 09:33:22 AM CDT 2026
PAUSE after 1 conversions: cooldown 30s + cleanup
Converting 71789222_75 at Fri Sep  4 09:33:55 AM CDT 2026
FAILED 71789222_75 at Fri Sep  4 09:34:32 AM CDT 2026
PAUSE after 1 conversions: cooldown 30s + cleanup
Finished at Fri Sep  4 09:35:07 AM CDT 2026
total=238 skipped=236 empty_skipped=0 converted=0 failed=2 workers=1
Starting batch (crossingmuon, tpc=1) at Fri Sep  4 09:37:29 AM CDT 2026 parallel=0 workers=1 pause_every=1
Input:  /pnfs/sbnd/scratch/users/munjung/v10_06_00/data_MCP2025B_CrossingMuon_FullRun1_AfterLight_8_crossingmuon/waveforms
Output: /pnfs/sbnd/scratch/users/munjung/v10_06_00/data_MCP2025B_CrossingMuon_FullRun1_AfterLight_8_crossingmuon/h5 (g4-raw-1_*.h5)
User memory budget: 37 GiB, currently used: 6 GiB
Converting 71789176_29 at Fri Sep  4 09:37:30 AM CDT 2026
FAILED 71789176_29 at Fri Sep  4 09:38:22 AM CDT 2026
PAUSE after 1 conversions: cooldown 30s + cleanup
Converting 71789222_75 at Fri Sep  4 09:38:55 AM CDT 2026
FAILED 71789222_75 at Fri Sep  4 09:39:33 AM CDT 2026
PAUSE after 1 conversions: cooldown 30s + cleanup
Finished at Fri Sep  4 09:40:08 AM CDT 2026
total=238 skipped=236 empty_skipped=0 converted=0 failed=2 workers=1
Starting batch (crossingmuon, tpc=1) at Fri Sep  4 09:42:33 AM CDT 2026 parallel=0 workers=1 pause_every=1
Input:  /pnfs/sbnd/scratch/users/munjung/v10_06_00/data_MCP2025B_CrossingMuon_FullRun1_AfterLight_8_crossingmuon/waveforms
Output: /pnfs/sbnd/scratch/users/munjung/v10_06_00/data_MCP2025B_CrossingMuon_FullRun1_AfterLight_8_crossingmuon/h5 (g4-raw-1_*.h5)
User memory budget: 37 GiB, currently used: 6 GiB
Converting 71789176_29 at Fri Sep  4 09:42:34 AM CDT 2026
FAILED 71789176_29 at Fri Sep  4 09:43:26 AM CDT 2026
PAUSE after 1 conversions: cooldown 30s + cleanup
Converting 71789222_75 at Fri Sep  4 09:43:58 AM CDT 2026
FAILED 71789222_75 at Fri Sep  4 09:44:36 AM CDT 2026
PAUSE after 1 conversions: cooldown 30s + cleanup
Finished at Fri Sep  4 09:45:11 AM CDT 2026
total=238 skipped=236 empty_skipped=0 converted=0 failed=2 workers=1
Starting batch (crossingmuon, tpc=1) at Fri Sep  4 09:47:37 AM CDT 2026 parallel=0 workers=1 pause_every=1
Input:  /pnfs/sbnd/scratch/users/munjung/v10_06_00/data_MCP2025B_CrossingMuon_FullRun1_AfterLight_8_crossingmuon/waveforms
Output: /pnfs/sbnd/scratch/users/munjung/v10_06_00/data_MCP2025B_CrossingMuon_FullRun1_AfterLight_8_crossingmuon/h5 (g4-raw-1_*.h5)
User memory budget: 37 GiB, currently used: 6 GiB
Converting 71789176_29 at Fri Sep  4 09:47:38 AM CDT 2026
FAILED 71789176_29 at Fri Sep  4 09:48:35 AM CDT 2026
PAUSE after 1 conversions: cooldown 30s + cleanup
Converting 71789222_75 at Fri Sep  4 09:49:08 AM CDT 2026
FAILED 71789222_75 at Fri Sep  4 09:49:48 AM CDT 2026
PAUSE after 1 conversions: cooldown 30s + cleanup
Finished at Fri Sep  4 09:50:22 AM CDT 2026
total=238 skipped=236 empty_skipped=0 converted=0 failed=2 workers=1
Starting batch (crossingmuon, tpc=1) at Fri Sep  4 09:52:41 AM CDT 2026 parallel=0 workers=1 pause_every=1
Input:  /pnfs/sbnd/scratch/users/munjung/v10_06_00/data_MCP2025B_CrossingMuon_FullRun1_AfterLight_8_crossingmuon/waveforms
Output: /pnfs/sbnd/scratch/users/munjung/v10_06_00/data_MCP2025B_CrossingMuon_FullRun1_AfterLight_8_crossingmuon/h5 (g4-raw-1_*.h5)
User memory budget: 37 GiB, currently used: 6 GiB
Converting 71789176_29 at Fri Sep  4 09:52:42 AM CDT 2026
FAILED 71789176_29 at Fri Sep  4 09:53:41 AM CDT 2026
PAUSE after 1 conversions: cooldown 30s + cleanup
Converting 71789222_75 at Fri Sep  4 09:54:14 AM CDT 2026
FAILED 71789222_75 at Fri Sep  4 09:55:28 AM CDT 2026
PAUSE after 1 conversions: cooldown 30s + cleanup
Finished at Fri Sep  4 09:56:04 AM CDT 2026
total=238 skipped=236 empty_skipped=0 converted=0 failed=2 workers=1
Starting batch (crossingmuon, tpc=1) at Fri Sep  4 09:57:46 AM CDT 2026 parallel=0 workers=1 pause_every=1
Input:  /pnfs/sbnd/scratch/users/munjung/v10_06_00/data_MCP2025B_CrossingMuon_FullRun1_AfterLight_8_crossingmuon/waveforms
Output: /pnfs/sbnd/scratch/users/munjung/v10_06_00/data_MCP2025B_CrossingMuon_FullRun1_AfterLight_8_crossingmuon/h5 (g4-raw-1_*.h5)
User memory budget: 37 GiB, currently used: 6 GiB
Converting 71789176_29 at Fri Sep  4 09:57:47 AM CDT 2026
FAILED 71789176_29 at Fri Sep  4 09:58:48 AM CDT 2026
PAUSE after 1 conversions: cooldown 30s + cleanup
Converting 71789222_75 at Fri Sep  4 09:59:21 AM CDT 2026
FAILED 71789222_75 at Fri Sep  4 10:02:31 AM CDT 2026
PAUSE after 1 conversions: cooldown 30s + cleanup
Finished at Fri Sep  4 10:03:06 AM CDT 2026
total=238 skipped=236 empty_skipped=0 converted=0 failed=2 workers=1
Starting batch (crossingmuon, tpc=1) at Fri Sep  4 10:07:57 AM CDT 2026 parallel=0 workers=1 pause_every=1
Input:  /pnfs/sbnd/scratch/users/munjung/v10_06_00/data_MCP2025B_CrossingMuon_FullRun1_AfterLight_8_crossingmuon/waveforms
Output: /pnfs/sbnd/scratch/users/munjung/v10_06_00/data_MCP2025B_CrossingMuon_FullRun1_AfterLight_8_crossingmuon/h5 (g4-raw-1_*.h5)
User memory budget: 37 GiB, currently used: 6 GiB
Converting 71789176_29 at Fri Sep  4 10:07:58 AM CDT 2026
Starting batch (crossingmuon, tpc=1) at Fri Sep  4 10:13:03 AM CDT 2026 parallel=0 workers=1 pause_every=1
Input:  /pnfs/sbnd/scratch/users/munjung/v10_06_00/data_MCP2025B_CrossingMuon_FullRun1_AfterLight_8_crossingmuon/waveforms
Output: /pnfs/sbnd/scratch/users/munjung/v10_06_00/data_MCP2025B_CrossingMuon_FullRun1_AfterLight_8_crossingmuon/h5 (g4-raw-1_*.h5)
User memory budget: 37 GiB, currently used: 6 GiB
Converting 71789176_29 at Fri Sep  4 10:13:04 AM CDT 2026
FAILED 71789176_29 at Fri Sep  4 10:16:18 AM CDT 2026
PAUSE after 1 conversions: cooldown 30s + cleanup
Converting 71789222_75 at Fri Sep  4 10:16:51 AM CDT 2026
FAILED 71789222_75 at Fri Sep  4 10:19:29 AM CDT 2026
PAUSE after 1 conversions: cooldown 30s + cleanup
Finished at Fri Sep  4 10:20:05 AM CDT 2026
total=238 skipped=236 empty_skipped=0 converted=0 failed=2 workers=1
Starting batch (crossingmuon, tpc=1) at Fri Sep  4 10:23:20 AM CDT 2026 parallel=0 workers=1 pause_every=1
Input:  /pnfs/sbnd/scratch/users/munjung/v10_06_00/data_MCP2025B_CrossingMuon_FullRun1_AfterLight_8_crossingmuon/waveforms
Output: /pnfs/sbnd/scratch/users/munjung/v10_06_00/data_MCP2025B_CrossingMuon_FullRun1_AfterLight_8_crossingmuon/h5 (g4-raw-1_*.h5)
User memory budget: 37 GiB, currently used: 6 GiB
Converting 71789176_29 at Fri Sep  4 10:23:20 AM CDT 2026
FAILED 71789176_29 at Fri Sep  4 10:25:12 AM CDT 2026
PAUSE after 1 conversions: cooldown 30s + cleanup
Converting 71789222_75 at Fri Sep  4 10:25:45 AM CDT 2026
FAILED 71789222_75 at Fri Sep  4 10:26:35 AM CDT 2026
PAUSE after 1 conversions: cooldown 30s + cleanup
Finished at Fri Sep  4 10:27:10 AM CDT 2026
total=238 skipped=236 empty_skipped=0 converted=0 failed=2 workers=1
Starting batch (crossingmuon, tpc=1) at Fri Sep  4 10:28:26 AM CDT 2026 parallel=0 workers=1 pause_every=1
Input:  /pnfs/sbnd/scratch/users/munjung/v10_06_00/data_MCP2025B_CrossingMuon_FullRun1_AfterLight_8_crossingmuon/waveforms
Output: /pnfs/sbnd/scratch/users/munjung/v10_06_00/data_MCP2025B_CrossingMuon_FullRun1_AfterLight_8_crossingmuon/h5 (g4-raw-1_*.h5)
User memory budget: 37 GiB, currently used: 6 GiB
Converting 71789176_29 at Fri Sep  4 10:28:27 AM CDT 2026
FAILED 71789176_29 at Fri Sep  4 10:29:49 AM CDT 2026
PAUSE after 1 conversions: cooldown 30s + cleanup
Converting 71789222_75 at Fri Sep  4 10:30:22 AM CDT 2026
FAILED 71789222_75 at Fri Sep  4 10:31:22 AM CDT 2026
PAUSE after 1 conversions: cooldown 30s + cleanup
Finished at Fri Sep  4 10:31:58 AM CDT 2026
total=238 skipped=236 empty_skipped=0 converted=0 failed=2 workers=1
Starting batch (crossingmuon, tpc=1) at Fri Sep  4 10:33:31 AM CDT 2026 parallel=0 workers=1 pause_every=1
Input:  /pnfs/sbnd/scratch/users/munjung/v10_06_00/data_MCP2025B_CrossingMuon_FullRun1_AfterLight_8_crossingmuon/waveforms
Output: /pnfs/sbnd/scratch/users/munjung/v10_06_00/data_MCP2025B_CrossingMuon_FullRun1_AfterLight_8_crossingmuon/h5 (g4-raw-1_*.h5)
User memory budget: 37 GiB, currently used: 6 GiB
Converting 71789176_29 at Fri Sep  4 10:33:33 AM CDT 2026
FAILED 71789176_29 at Fri Sep  4 10:34:58 AM CDT 2026
PAUSE after 1 conversions: cooldown 30s + cleanup
Converting 71789222_75 at Fri Sep  4 10:35:31 AM CDT 2026
FAILED 71789222_75 at Fri Sep  4 10:36:33 AM CDT 2026
PAUSE after 1 conversions: cooldown 30s + cleanup
Finished at Fri Sep  4 10:37:09 AM CDT 2026
total=238 skipped=236 empty_skipped=0 converted=0 failed=2 workers=1
Starting batch (crossingmuon, tpc=1) at Fri Sep  4 10:38:37 AM CDT 2026 parallel=0 workers=1 pause_every=1
Input:  /pnfs/sbnd/scratch/users/munjung/v10_06_00/data_MCP2025B_CrossingMuon_FullRun1_AfterLight_8_crossingmuon/waveforms
Output: /pnfs/sbnd/scratch/users/munjung/v10_06_00/data_MCP2025B_CrossingMuon_FullRun1_AfterLight_8_crossingmuon/h5 (g4-raw-1_*.h5)
User memory budget: 37 GiB, currently used: 6 GiB
Converting 71789176_29 at Fri Sep  4 10:38:39 AM CDT 2026
FAILED 71789176_29 at Fri Sep  4 10:40:01 AM CDT 2026
PAUSE after 1 conversions: cooldown 30s + cleanup
Converting 71789222_75 at Fri Sep  4 10:40:34 AM CDT 2026
FAILED 71789222_75 at Fri Sep  4 10:41:36 AM CDT 2026
PAUSE after 1 conversions: cooldown 30s + cleanup
Finished at Fri Sep  4 10:42:11 AM CDT 2026
total=238 skipped=236 empty_skipped=0 converted=0 failed=2 workers=1
Starting batch (crossingmuon, tpc=1) at Fri Sep  4 10:43:42 AM CDT 2026 parallel=0 workers=1 pause_every=1
Input:  /pnfs/sbnd/scratch/users/munjung/v10_06_00/data_MCP2025B_CrossingMuon_FullRun1_AfterLight_8_crossingmuon/waveforms
Output: /pnfs/sbnd/scratch/users/munjung/v10_06_00/data_MCP2025B_CrossingMuon_FullRun1_AfterLight_8_crossingmuon/h5 (g4-raw-1_*.h5)
User memory budget: 37 GiB, currently used: 6 GiB
Converting 71789176_29 at Fri Sep  4 10:43:44 AM CDT 2026
FAILED 71789176_29 at Fri Sep  4 10:45:09 AM CDT 2026
PAUSE after 1 conversions: cooldown 30s + cleanup
Converting 71789222_75 at Fri Sep  4 10:45:42 AM CDT 2026
FAILED 71789222_75 at Fri Sep  4 10:46:41 AM CDT 2026
PAUSE after 1 conversions: cooldown 30s + cleanup
Finished at Fri Sep  4 10:47:16 AM CDT 2026
total=238 skipped=236 empty_skipped=0 converted=0 failed=2 workers=1
Starting batch (crossingmuon, tpc=1) at Fri Sep  4 10:48:48 AM CDT 2026 parallel=0 workers=1 pause_every=1
Input:  /pnfs/sbnd/scratch/users/munjung/v10_06_00/data_MCP2025B_CrossingMuon_FullRun1_AfterLight_8_crossingmuon/waveforms
Output: /pnfs/sbnd/scratch/users/munjung/v10_06_00/data_MCP2025B_CrossingMuon_FullRun1_AfterLight_8_crossingmuon/h5 (g4-raw-1_*.h5)
User memory budget: 37 GiB, currently used: 6 GiB
Converting 71789176_29 at Fri Sep  4 10:48:49 AM CDT 2026
FAILED 71789176_29 at Fri Sep  4 10:50:12 AM CDT 2026
PAUSE after 1 conversions: cooldown 30s + cleanup
Converting 71789222_75 at Fri Sep  4 10:50:45 AM CDT 2026
FAILED 71789222_75 at Fri Sep  4 10:51:46 AM CDT 2026
PAUSE after 1 conversions: cooldown 30s + cleanup
Finished at Fri Sep  4 10:52:22 AM CDT 2026
total=238 skipped=236 empty_skipped=0 converted=0 failed=2 workers=1
Starting batch (crossingmuon, tpc=1) at Fri Sep  4 10:53:53 AM CDT 2026 parallel=0 workers=1 pause_every=1
Input:  /pnfs/sbnd/scratch/users/munjung/v10_06_00/data_MCP2025B_CrossingMuon_FullRun1_AfterLight_8_crossingmuon/waveforms
Output: /pnfs/sbnd/scratch/users/munjung/v10_06_00/data_MCP2025B_CrossingMuon_FullRun1_AfterLight_8_crossingmuon/h5 (g4-raw-1_*.h5)
User memory budget: 37 GiB, currently used: 6 GiB
Converting 71789176_29 at Fri Sep  4 10:53:55 AM CDT 2026
FAILED 71789176_29 at Fri Sep  4 10:55:17 AM CDT 2026
PAUSE after 1 conversions: cooldown 30s + cleanup
Converting 71789222_75 at Fri Sep  4 10:55:50 AM CDT 2026
FAILED 71789222_75 at Fri Sep  4 10:56:51 AM CDT 2026
PAUSE after 1 conversions: cooldown 30s + cleanup
Finished at Fri Sep  4 10:57:27 AM CDT 2026
total=238 skipped=236 empty_skipped=0 converted=0 failed=2 workers=1
Starting batch (crossingmuon, tpc=1) at Fri Sep  4 10:58:59 AM CDT 2026 parallel=0 workers=1 pause_every=1
Input:  /pnfs/sbnd/scratch/users/munjung/v10_06_00/data_MCP2025B_CrossingMuon_FullRun1_AfterLight_8_crossingmuon/waveforms
Output: /pnfs/sbnd/scratch/users/munjung/v10_06_00/data_MCP2025B_CrossingMuon_FullRun1_AfterLight_8_crossingmuon/h5 (g4-raw-1_*.h5)
User memory budget: 37 GiB, currently used: 6 GiB
Converting 71789176_29 at Fri Sep  4 10:59:01 AM CDT 2026
FAILED 71789176_29 at Fri Sep  4 11:01:28 AM CDT 2026
PAUSE after 1 conversions: cooldown 30s + cleanup
Converting 71789222_75 at Fri Sep  4 11:02:01 AM CDT 2026
FAILED 71789222_75 at Fri Sep  4 11:04:07 AM CDT 2026
PAUSE after 1 conversions: cooldown 30s + cleanup
Finished at Fri Sep  4 11:04:42 AM CDT 2026
total=238 skipped=236 empty_skipped=0 converted=0 failed=2 workers=1
Starting batch (crossingmuon, tpc=1) at Fri Sep  4 11:09:09 AM CDT 2026 parallel=0 workers=1 pause_every=1
Input:  /pnfs/sbnd/scratch/users/munjung/v10_06_00/data_MCP2025B_CrossingMuon_FullRun1_AfterLight_8_crossingmuon/waveforms
Output: /pnfs/sbnd/scratch/users/munjung/v10_06_00/data_MCP2025B_CrossingMuon_FullRun1_AfterLight_8_crossingmuon/h5 (g4-raw-1_*.h5)
User memory budget: 37 GiB, currently used: 6 GiB
Converting 71789176_29 at Fri Sep  4 11:09:10 AM CDT 2026
FAILED 71789176_29 at Fri Sep  4 11:11:37 AM CDT 2026
PAUSE after 1 conversions: cooldown 30s + cleanup
Converting 71789222_75 at Fri Sep  4 11:12:10 AM CDT 2026
FAILED 71789222_75 at Fri Sep  4 11:13:33 AM CDT 2026
PAUSE after 1 conversions: cooldown 30s + cleanup
Finished at Fri Sep  4 11:14:09 AM CDT 2026
total=238 skipped=236 empty_skipped=0 converted=0 failed=2 workers=1
Starting batch (crossingmuon, tpc=1) at Fri Sep  4 11:14:15 AM CDT 2026 parallel=0 workers=1 pause_every=1
Input:  /pnfs/sbnd/scratch/users/munjung/v10_06_00/data_MCP2025B_CrossingMuon_FullRun1_AfterLight_8_crossingmuon/waveforms
Output: /pnfs/sbnd/scratch/users/munjung/v10_06_00/data_MCP2025B_CrossingMuon_FullRun1_AfterLight_8_crossingmuon/h5 (g4-raw-1_*.h5)
User memory budget: 37 GiB, currently used: 6 GiB
Converting 71789176_29 at Fri Sep  4 11:14:17 AM CDT 2026
FAILED 71789176_29 at Fri Sep  4 11:16:13 AM CDT 2026
PAUSE after 1 conversions: cooldown 30s + cleanup
Converting 71789222_75 at Fri Sep  4 11:16:46 AM CDT 2026
Starting batch (crossingmuon, tpc=1) at Fri Sep  4 11:19:29 AM CDT 2026 parallel=0 workers=1 pause_every=1
Input:  /pnfs/sbnd/scratch/users/munjung/v10_06_00/data_MCP2025B_CrossingMuon_FullRun1_AfterLight_8_crossingmuon/waveforms
Output: /pnfs/sbnd/scratch/users/munjung/v10_06_00/data_MCP2025B_CrossingMuon_FullRun1_AfterLight_8_crossingmuon/h5 (g4-raw-1_*.h5)
User memory budget: 37 GiB, currently used: 5 GiB
Converting 71789176_29 at Fri Sep  4 11:19:30 AM CDT 2026
Starting batch (crossingmuon, tpc=1) at Fri Sep  4 11:27:10 AM CDT 2026 parallel=0 workers=1 pause_every=1
Input:  /pnfs/sbnd/scratch/users/munjung/v10_06_00/data_MCP2025B_CrossingMuon_FullRun1_AfterLight_8_crossingmuon/waveforms
Output: /pnfs/sbnd/scratch/users/munjung/v10_06_00/data_MCP2025B_CrossingMuon_FullRun1_AfterLight_8_crossingmuon/h5 (g4-raw-1_*.h5)
User memory budget: 37 GiB, currently used: 5 GiB
Converting 71789176_29 at Fri Sep  4 11:27:11 AM CDT 2026
FAILED 71789176_29 at Fri Sep  4 11:27:15 AM CDT 2026
PAUSE after 1 conversions: cooldown 30s + cleanup
Starting batch (crossingmuon, tpc=1) at Fri Sep  4 11:32:14 AM CDT 2026 parallel=0 workers=1 pause_every=1
Input:  /pnfs/sbnd/scratch/users/munjung/v10_06_00/data_MCP2025B_CrossingMuon_FullRun1_AfterLight_8_crossingmuon/waveforms
Output: /pnfs/sbnd/scratch/users/munjung/v10_06_00/data_MCP2025B_CrossingMuon_FullRun1_AfterLight_8_crossingmuon/h5 (g4-raw-1_*.h5)
User memory budget: 37 GiB, currently used: 6 GiB
Converting 71789176_29 at Fri Sep  4 11:32:14 AM CDT 2026
Starting batch (crossingmuon, tpc=1) at Fri Sep  4 11:37:18 AM CDT 2026 parallel=0 workers=1 pause_every=1
Input:  /pnfs/sbnd/scratch/users/munjung/v10_06_00/data_MCP2025B_CrossingMuon_FullRun1_AfterLight_8_crossingmuon/waveforms
Output: /pnfs/sbnd/scratch/users/munjung/v10_06_00/data_MCP2025B_CrossingMuon_FullRun1_AfterLight_8_crossingmuon/h5 (g4-raw-1_*.h5)
User memory budget: 37 GiB, currently used: 6 GiB
Converting 71789176_29 at Fri Sep  4 11:37:19 AM CDT 2026
FAILED 71789176_29 at Fri Sep  4 11:38:12 AM CDT 2026
PAUSE after 1 conversions: cooldown 30s + cleanup
Converting 71789222_75 at Fri Sep  4 11:38:44 AM CDT 2026
FAILED 71789222_75 at Fri Sep  4 11:39:32 AM CDT 2026
PAUSE after 1 conversions: cooldown 30s + cleanup
Finished at Fri Sep  4 11:40:07 AM CDT 2026
total=238 skipped=236 empty_skipped=0 converted=0 failed=2 workers=1
Starting batch (crossingmuon, tpc=1) at Fri Sep  4 11:42:22 AM CDT 2026 parallel=0 workers=1 pause_every=1
Input:  /pnfs/sbnd/scratch/users/munjung/v10_06_00/data_MCP2025B_CrossingMuon_FullRun1_AfterLight_8_crossingmuon/waveforms
Output: /pnfs/sbnd/scratch/users/munjung/v10_06_00/data_MCP2025B_CrossingMuon_FullRun1_AfterLight_8_crossingmuon/h5 (g4-raw-1_*.h5)
User memory budget: 37 GiB, currently used: 6 GiB
Converting 71789176_29 at Fri Sep  4 11:42:23 AM CDT 2026
FAILED 71789176_29 at Fri Sep  4 11:43:15 AM CDT 2026
PAUSE after 1 conversions: cooldown 30s + cleanup
Converting 71789222_75 at Fri Sep  4 11:43:47 AM CDT 2026
FAILED 71789222_75 at Fri Sep  4 11:44:26 AM CDT 2026
PAUSE after 1 conversions: cooldown 30s + cleanup
Finished at Fri Sep  4 11:45:01 AM CDT 2026
total=238 skipped=236 empty_skipped=0 converted=0 failed=2 workers=1
Starting batch (crossingmuon, tpc=1) at Fri Sep  4 11:47:26 AM CDT 2026 parallel=0 workers=1 pause_every=1
Input:  /pnfs/sbnd/scratch/users/munjung/v10_06_00/data_MCP2025B_CrossingMuon_FullRun1_AfterLight_8_crossingmuon/waveforms
Output: /pnfs/sbnd/scratch/users/munjung/v10_06_00/data_MCP2025B_CrossingMuon_FullRun1_AfterLight_8_crossingmuon/h5 (g4-raw-1_*.h5)
User memory budget: 37 GiB, currently used: 6 GiB
Converting 71789176_29 at Fri Sep  4 11:47:27 AM CDT 2026
FAILED 71789176_29 at Fri Sep  4 11:48:18 AM CDT 2026
PAUSE after 1 conversions: cooldown 30s + cleanup
Converting 71789222_75 at Fri Sep  4 11:48:51 AM CDT 2026
FAILED 71789222_75 at Fri Sep  4 11:49:29 AM CDT 2026
PAUSE after 1 conversions: cooldown 30s + cleanup
Finished at Fri Sep  4 11:50:03 AM CDT 2026
total=238 skipped=236 empty_skipped=0 converted=0 failed=2 workers=1
Starting batch (crossingmuon, tpc=1) at Fri Sep  4 11:52:30 AM CDT 2026 parallel=0 workers=1 pause_every=1
Input:  /pnfs/sbnd/scratch/users/munjung/v10_06_00/data_MCP2025B_CrossingMuon_FullRun1_AfterLight_8_crossingmuon/waveforms
Output: /pnfs/sbnd/scratch/users/munjung/v10_06_00/data_MCP2025B_CrossingMuon_FullRun1_AfterLight_8_crossingmuon/h5 (g4-raw-1_*.h5)
User memory budget: 37 GiB, currently used: 6 GiB
Converting 71789176_29 at Fri Sep  4 11:52:31 AM CDT 2026
FAILED 71789176_29 at Fri Sep  4 11:53:22 AM CDT 2026
PAUSE after 1 conversions: cooldown 30s + cleanup
Converting 71789222_75 at Fri Sep  4 11:53:55 AM CDT 2026
FAILED 71789222_75 at Fri Sep  4 11:54:34 AM CDT 2026
PAUSE after 1 conversions: cooldown 30s + cleanup
Finished at Fri Sep  4 11:55:09 AM CDT 2026
total=238 skipped=236 empty_skipped=0 converted=0 failed=2 workers=1
Starting batch (crossingmuon, tpc=1) at Fri Sep  4 11:57:34 AM CDT 2026 parallel=0 workers=1 pause_every=1
Input:  /pnfs/sbnd/scratch/users/munjung/v10_06_00/data_MCP2025B_CrossingMuon_FullRun1_AfterLight_8_crossingmuon/waveforms
Output: /pnfs/sbnd/scratch/users/munjung/v10_06_00/data_MCP2025B_CrossingMuon_FullRun1_AfterLight_8_crossingmuon/h5 (g4-raw-1_*.h5)
User memory budget: 37 GiB, currently used: 6 GiB
Converting 71789176_29 at Fri Sep  4 11:57:35 AM CDT 2026
FAILED 71789176_29 at Fri Sep  4 11:58:26 AM CDT 2026
PAUSE after 1 conversions: cooldown 30s + cleanup
Converting 71789222_75 at Fri Sep  4 11:58:59 AM CDT 2026
FAILED 71789222_75 at Fri Sep  4 11:59:37 AM CDT 2026
PAUSE after 1 conversions: cooldown 30s + cleanup
Finished at Fri Sep  4 12:00:12 PM CDT 2026
total=238 skipped=236 empty_skipped=0 converted=0 failed=2 workers=1
Starting batch (crossingmuon, tpc=1) at Fri Sep  4 12:02:38 PM CDT 2026 parallel=0 workers=1 pause_every=1
Input:  /pnfs/sbnd/scratch/users/munjung/v10_06_00/data_MCP2025B_CrossingMuon_FullRun1_AfterLight_8_crossingmuon/waveforms
Output: /pnfs/sbnd/scratch/users/munjung/v10_06_00/data_MCP2025B_CrossingMuon_FullRun1_AfterLight_8_crossingmuon/h5 (g4-raw-1_*.h5)
User memory budget: 37 GiB, currently used: 6 GiB
Converting 71789176_29 at Fri Sep  4 12:02:39 PM CDT 2026
FAILED 71789176_29 at Fri Sep  4 12:03:31 PM CDT 2026
PAUSE after 1 conversions: cooldown 30s + cleanup
Converting 71789222_75 at Fri Sep  4 12:04:03 PM CDT 2026
FAILED 71789222_75 at Fri Sep  4 12:04:41 PM CDT 2026
PAUSE after 1 conversions: cooldown 30s + cleanup
Finished at Fri Sep  4 12:05:16 PM CDT 2026
total=238 skipped=236 empty_skipped=0 converted=0 failed=2 workers=1
Starting batch (crossingmuon, tpc=1) at Fri Sep  4 12:07:43 PM CDT 2026 parallel=0 workers=1 pause_every=1
Input:  /pnfs/sbnd/scratch/users/munjung/v10_06_00/data_MCP2025B_CrossingMuon_FullRun1_AfterLight_8_crossingmuon/waveforms
Output: /pnfs/sbnd/scratch/users/munjung/v10_06_00/data_MCP2025B_CrossingMuon_FullRun1_AfterLight_8_crossingmuon/h5 (g4-raw-1_*.h5)
User memory budget: 37 GiB, currently used: 6 GiB
Converting 71789176_29 at Fri Sep  4 12:07:43 PM CDT 2026
FAILED 71789176_29 at Fri Sep  4 12:08:36 PM CDT 2026
PAUSE after 1 conversions: cooldown 30s + cleanup
Converting 71789222_75 at Fri Sep  4 12:09:09 PM CDT 2026
FAILED 71789222_75 at Fri Sep  4 12:09:46 PM CDT 2026
PAUSE after 1 conversions: cooldown 30s + cleanup
Finished at Fri Sep  4 12:10:21 PM CDT 2026
total=238 skipped=236 empty_skipped=0 converted=0 failed=2 workers=1
Starting batch (crossingmuon, tpc=1) at Fri Sep  4 12:12:47 PM CDT 2026 parallel=0 workers=1 pause_every=1
Input:  /pnfs/sbnd/scratch/users/munjung/v10_06_00/data_MCP2025B_CrossingMuon_FullRun1_AfterLight_8_crossingmuon/waveforms
Output: /pnfs/sbnd/scratch/users/munjung/v10_06_00/data_MCP2025B_CrossingMuon_FullRun1_AfterLight_8_crossingmuon/h5 (g4-raw-1_*.h5)
User memory budget: 37 GiB, currently used: 6 GiB
Converting 71789176_29 at Fri Sep  4 12:12:48 PM CDT 2026
FAILED 71789176_29 at Fri Sep  4 12:13:40 PM CDT 2026
PAUSE after 1 conversions: cooldown 30s + cleanup
Converting 71789222_75 at Fri Sep  4 12:14:12 PM CDT 2026
FAILED 71789222_75 at Fri Sep  4 12:14:52 PM CDT 2026
PAUSE after 1 conversions: cooldown 30s + cleanup
Finished at Fri Sep  4 12:15:27 PM CDT 2026
total=238 skipped=236 empty_skipped=0 converted=0 failed=2 workers=1
Starting batch (crossingmuon, tpc=1) at Fri Sep  4 12:17:52 PM CDT 2026 parallel=0 workers=1 pause_every=1
Input:  /pnfs/sbnd/scratch/users/munjung/v10_06_00/data_MCP2025B_CrossingMuon_FullRun1_AfterLight_8_crossingmuon/waveforms
Output: /pnfs/sbnd/scratch/users/munjung/v10_06_00/data_MCP2025B_CrossingMuon_FullRun1_AfterLight_8_crossingmuon/h5 (g4-raw-1_*.h5)
User memory budget: 37 GiB, currently used: 6 GiB
Converting 71789176_29 at Fri Sep  4 12:17:52 PM CDT 2026
FAILED 71789176_29 at Fri Sep  4 12:18:48 PM CDT 2026
PAUSE after 1 conversions: cooldown 30s + cleanup
Converting 71789222_75 at Fri Sep  4 12:19:20 PM CDT 2026
Starting batch (crossingmuon, tpc=1) at Fri Sep  4 12:22:56 PM CDT 2026 parallel=0 workers=1 pause_every=1
Input:  /pnfs/sbnd/scratch/users/munjung/v10_06_00/data_MCP2025B_CrossingMuon_FullRun1_AfterLight_8_crossingmuon/waveforms
Output: /pnfs/sbnd/scratch/users/munjung/v10_06_00/data_MCP2025B_CrossingMuon_FullRun1_AfterLight_8_crossingmuon/h5 (g4-raw-1_*.h5)
User memory budget: 37 GiB, currently used: 6 GiB
Converting 71789176_29 at Fri Sep  4 12:22:56 PM CDT 2026
FAILED 71789176_29 at Fri Sep  4 12:23:49 PM CDT 2026
PAUSE after 1 conversions: cooldown 30s + cleanup
Converting 71789222_75 at Fri Sep  4 12:24:21 PM CDT 2026
FAILED 71789222_75 at Fri Sep  4 12:24:59 PM CDT 2026
PAUSE after 1 conversions: cooldown 30s + cleanup
Finished at Fri Sep  4 12:25:34 PM CDT 2026
total=238 skipped=236 empty_skipped=0 converted=0 failed=2 workers=1
Starting batch (crossingmuon, tpc=1) at Fri Sep  4 12:28:00 PM CDT 2026 parallel=0 workers=1 pause_every=1
Input:  /pnfs/sbnd/scratch/users/munjung/v10_06_00/data_MCP2025B_CrossingMuon_FullRun1_AfterLight_8_crossingmuon/waveforms
Output: /pnfs/sbnd/scratch/users/munjung/v10_06_00/data_MCP2025B_CrossingMuon_FullRun1_AfterLight_8_crossingmuon/h5 (g4-raw-1_*.h5)
User memory budget: 37 GiB, currently used: 6 GiB
Converting 71789176_29 at Fri Sep  4 12:28:01 PM CDT 2026
FAILED 71789176_29 at Fri Sep  4 12:28:57 PM CDT 2026
PAUSE after 1 conversions: cooldown 30s + cleanup
Converting 71789222_75 at Fri Sep  4 12:29:29 PM CDT 2026
FAILED 71789222_75 at Fri Sep  4 12:30:07 PM CDT 2026
PAUSE after 1 conversions: cooldown 30s + cleanup
Finished at Fri Sep  4 12:30:42 PM CDT 2026
total=238 skipped=236 empty_skipped=0 converted=0 failed=2 workers=1
Starting batch (crossingmuon, tpc=1) at Fri Sep  4 12:33:04 PM CDT 2026 parallel=0 workers=1 pause_every=1
Input:  /pnfs/sbnd/scratch/users/munjung/v10_06_00/data_MCP2025B_CrossingMuon_FullRun1_AfterLight_8_crossingmuon/waveforms
Output: /pnfs/sbnd/scratch/users/munjung/v10_06_00/data_MCP2025B_CrossingMuon_FullRun1_AfterLight_8_crossingmuon/h5 (g4-raw-1_*.h5)
User memory budget: 37 GiB, currently used: 10 GiB
Converting 71789176_29 at Fri Sep  4 12:33:05 PM CDT 2026
FAILED 71789176_29 at Fri Sep  4 12:33:56 PM CDT 2026
PAUSE after 1 conversions: cooldown 30s + cleanup
Converting 71789222_75 at Fri Sep  4 12:34:29 PM CDT 2026
FAILED 71789222_75 at Fri Sep  4 12:35:07 PM CDT 2026
PAUSE after 1 conversions: cooldown 30s + cleanup
Finished at Fri Sep  4 12:35:42 PM CDT 2026
total=238 skipped=236 empty_skipped=0 converted=0 failed=2 workers=1
Starting batch (crossingmuon, tpc=1) at Fri Sep  4 12:38:08 PM CDT 2026 parallel=0 workers=1 pause_every=1
Input:  /pnfs/sbnd/scratch/users/munjung/v10_06_00/data_MCP2025B_CrossingMuon_FullRun1_AfterLight_8_crossingmuon/waveforms
Output: /pnfs/sbnd/scratch/users/munjung/v10_06_00/data_MCP2025B_CrossingMuon_FullRun1_AfterLight_8_crossingmuon/h5 (g4-raw-1_*.h5)
User memory budget: 37 GiB, currently used: 10 GiB
Converting 71789176_29 at Fri Sep  4 12:38:09 PM CDT 2026
FAILED 71789176_29 at Fri Sep  4 12:39:00 PM CDT 2026
PAUSE after 1 conversions: cooldown 30s + cleanup
Converting 71789222_75 at Fri Sep  4 12:39:33 PM CDT 2026
FAILED 71789222_75 at Fri Sep  4 12:40:10 PM CDT 2026
PAUSE after 1 conversions: cooldown 30s + cleanup
Finished at Fri Sep  4 12:40:45 PM CDT 2026
total=238 skipped=236 empty_skipped=0 converted=0 failed=2 workers=1
Starting batch (crossingmuon, tpc=1) at Fri Sep  4 12:43:12 PM CDT 2026 parallel=0 workers=1 pause_every=1
Input:  /pnfs/sbnd/scratch/users/munjung/v10_06_00/data_MCP2025B_CrossingMuon_FullRun1_AfterLight_8_crossingmuon/waveforms
Output: /pnfs/sbnd/scratch/users/munjung/v10_06_00/data_MCP2025B_CrossingMuon_FullRun1_AfterLight_8_crossingmuon/h5 (g4-raw-1_*.h5)
User memory budget: 37 GiB, currently used: 10 GiB
Converting 71789176_29 at Fri Sep  4 12:43:13 PM CDT 2026
FAILED 71789176_29 at Fri Sep  4 12:44:04 PM CDT 2026
PAUSE after 1 conversions: cooldown 30s + cleanup
Converting 71789222_75 at Fri Sep  4 12:44:37 PM CDT 2026
FAILED 71789222_75 at Fri Sep  4 12:45:16 PM CDT 2026
PAUSE after 1 conversions: cooldown 30s + cleanup
Finished at Fri Sep  4 12:45:51 PM CDT 2026
total=238 skipped=236 empty_skipped=0 converted=0 failed=2 workers=1
Starting batch (crossingmuon, tpc=1) at Fri Sep  4 12:48:16 PM CDT 2026 parallel=0 workers=1 pause_every=1
Input:  /pnfs/sbnd/scratch/users/munjung/v10_06_00/data_MCP2025B_CrossingMuon_FullRun1_AfterLight_8_crossingmuon/waveforms
Output: /pnfs/sbnd/scratch/users/munjung/v10_06_00/data_MCP2025B_CrossingMuon_FullRun1_AfterLight_8_crossingmuon/h5 (g4-raw-1_*.h5)
User memory budget: 37 GiB, currently used: 12 GiB
Converting 71789176_29 at Fri Sep  4 12:48:17 PM CDT 2026
FAILED 71789176_29 at Fri Sep  4 12:49:09 PM CDT 2026
PAUSE after 1 conversions: cooldown 30s + cleanup
Converting 71789222_75 at Fri Sep  4 12:49:42 PM CDT 2026
FAILED 71789222_75 at Fri Sep  4 12:50:20 PM CDT 2026
PAUSE after 1 conversions: cooldown 30s + cleanup
Finished at Fri Sep  4 12:50:55 PM CDT 2026
total=238 skipped=236 empty_skipped=0 converted=0 failed=2 workers=1
Starting batch (crossingmuon, tpc=1) at Fri Sep  4 12:53:20 PM CDT 2026 parallel=0 workers=1 pause_every=1
Input:  /pnfs/sbnd/scratch/users/munjung/v10_06_00/data_MCP2025B_CrossingMuon_FullRun1_AfterLight_8_crossingmuon/waveforms
Output: /pnfs/sbnd/scratch/users/munjung/v10_06_00/data_MCP2025B_CrossingMuon_FullRun1_AfterLight_8_crossingmuon/h5 (g4-raw-1_*.h5)
User memory budget: 37 GiB, currently used: 12 GiB
Converting 71789176_29 at Fri Sep  4 12:53:21 PM CDT 2026
FAILED 71789176_29 at Fri Sep  4 12:54:15 PM CDT 2026
PAUSE after 1 conversions: cooldown 30s + cleanup
Converting 71789222_75 at Fri Sep  4 12:54:48 PM CDT 2026
FAILED 71789222_75 at Fri Sep  4 12:55:26 PM CDT 2026
PAUSE after 1 conversions: cooldown 30s + cleanup
Finished at Fri Sep  4 12:56:00 PM CDT 2026
total=238 skipped=236 empty_skipped=0 converted=0 failed=2 workers=1
Starting batch (crossingmuon, tpc=1) at Fri Sep  4 12:58:24 PM CDT 2026 parallel=0 workers=1 pause_every=1
Input:  /pnfs/sbnd/scratch/users/munjung/v10_06_00/data_MCP2025B_CrossingMuon_FullRun1_AfterLight_8_crossingmuon/waveforms
Output: /pnfs/sbnd/scratch/users/munjung/v10_06_00/data_MCP2025B_CrossingMuon_FullRun1_AfterLight_8_crossingmuon/h5 (g4-raw-1_*.h5)
User memory budget: 37 GiB, currently used: 12 GiB
Converting 71789176_29 at Fri Sep  4 12:58:25 PM CDT 2026
FAILED 71789176_29 at Fri Sep  4 12:59:18 PM CDT 2026
PAUSE after 1 conversions: cooldown 30s + cleanup
Converting 71789222_75 at Fri Sep  4 12:59:51 PM CDT 2026
FAILED 71789222_75 at Fri Sep  4 01:00:29 PM CDT 2026
PAUSE after 1 conversions: cooldown 30s + cleanup
Finished at Fri Sep  4 01:01:03 PM CDT 2026
total=238 skipped=236 empty_skipped=0 converted=0 failed=2 workers=1
Starting batch (crossingmuon, tpc=1) at Fri Sep  4 01:03:28 PM CDT 2026 parallel=0 workers=1 pause_every=1
Input:  /pnfs/sbnd/scratch/users/munjung/v10_06_00/data_MCP2025B_CrossingMuon_FullRun1_AfterLight_8_crossingmuon/waveforms
Output: /pnfs/sbnd/scratch/users/munjung/v10_06_00/data_MCP2025B_CrossingMuon_FullRun1_AfterLight_8_crossingmuon/h5 (g4-raw-1_*.h5)
User memory budget: 37 GiB, currently used: 12 GiB
Converting 71789176_29 at Fri Sep  4 01:03:29 PM CDT 2026
FAILED 71789176_29 at Fri Sep  4 01:04:20 PM CDT 2026
PAUSE after 1 conversions: cooldown 30s + cleanup
Converting 71789222_75 at Fri Sep  4 01:04:53 PM CDT 2026
FAILED 71789222_75 at Fri Sep  4 01:05:30 PM CDT 2026
PAUSE after 1 conversions: cooldown 30s + cleanup
Finished at Fri Sep  4 01:06:05 PM CDT 2026
total=238 skipped=236 empty_skipped=0 converted=0 failed=2 workers=1
Starting batch (crossingmuon, tpc=1) at Fri Sep  4 01:08:33 PM CDT 2026 parallel=0 workers=1 pause_every=1
Input:  /pnfs/sbnd/scratch/users/munjung/v10_06_00/data_MCP2025B_CrossingMuon_FullRun1_AfterLight_8_crossingmuon/waveforms
Output: /pnfs/sbnd/scratch/users/munjung/v10_06_00/data_MCP2025B_CrossingMuon_FullRun1_AfterLight_8_crossingmuon/h5 (g4-raw-1_*.h5)
User memory budget: 37 GiB, currently used: 12 GiB
Converting 71789176_29 at Fri Sep  4 01:08:33 PM CDT 2026
FAILED 71789176_29 at Fri Sep  4 01:09:25 PM CDT 2026
PAUSE after 1 conversions: cooldown 30s + cleanup
Converting 71789222_75 at Fri Sep  4 01:09:58 PM CDT 2026
FAILED 71789222_75 at Fri Sep  4 01:10:37 PM CDT 2026
PAUSE after 1 conversions: cooldown 30s + cleanup
Finished at Fri Sep  4 01:11:12 PM CDT 2026
total=238 skipped=236 empty_skipped=0 converted=0 failed=2 workers=1
Starting batch (crossingmuon, tpc=1) at Fri Sep  4 01:13:37 PM CDT 2026 parallel=0 workers=1 pause_every=1
Input:  /pnfs/sbnd/scratch/users/munjung/v10_06_00/data_MCP2025B_CrossingMuon_FullRun1_AfterLight_8_crossingmuon/waveforms
Output: /pnfs/sbnd/scratch/users/munjung/v10_06_00/data_MCP2025B_CrossingMuon_FullRun1_AfterLight_8_crossingmuon/h5 (g4-raw-1_*.h5)
User memory budget: 37 GiB, currently used: 15 GiB
Converting 71789176_29 at Fri Sep  4 01:13:38 PM CDT 2026
FAILED 71789176_29 at Fri Sep  4 01:14:30 PM CDT 2026
PAUSE after 1 conversions: cooldown 30s + cleanup
Converting 71789222_75 at Fri Sep  4 01:15:03 PM CDT 2026
FAILED 71789222_75 at Fri Sep  4 01:15:41 PM CDT 2026
PAUSE after 1 conversions: cooldown 30s + cleanup
Finished at Fri Sep  4 01:16:16 PM CDT 2026
total=238 skipped=236 empty_skipped=0 converted=0 failed=2 workers=1
Starting batch (crossingmuon, tpc=1) at Fri Sep  4 01:18:41 PM CDT 2026 parallel=0 workers=1 pause_every=1
Input:  /pnfs/sbnd/scratch/users/munjung/v10_06_00/data_MCP2025B_CrossingMuon_FullRun1_AfterLight_8_crossingmuon/waveforms
Output: /pnfs/sbnd/scratch/users/munjung/v10_06_00/data_MCP2025B_CrossingMuon_FullRun1_AfterLight_8_crossingmuon/h5 (g4-raw-1_*.h5)
User memory budget: 37 GiB, currently used: 14 GiB
Converting 71789176_29 at Fri Sep  4 01:18:42 PM CDT 2026
FAILED 71789176_29 at Fri Sep  4 01:19:33 PM CDT 2026
PAUSE after 1 conversions: cooldown 30s + cleanup
Converting 71789222_75 at Fri Sep  4 01:20:06 PM CDT 2026
FAILED 71789222_75 at Fri Sep  4 01:20:44 PM CDT 2026
PAUSE after 1 conversions: cooldown 30s + cleanup
Finished at Fri Sep  4 01:21:19 PM CDT 2026
total=238 skipped=236 empty_skipped=0 converted=0 failed=2 workers=1
Starting batch (crossingmuon, tpc=1) at Fri Sep  4 01:23:45 PM CDT 2026 parallel=0 workers=1 pause_every=1
Input:  /pnfs/sbnd/scratch/users/munjung/v10_06_00/data_MCP2025B_CrossingMuon_FullRun1_AfterLight_8_crossingmuon/waveforms
Output: /pnfs/sbnd/scratch/users/munjung/v10_06_00/data_MCP2025B_CrossingMuon_FullRun1_AfterLight_8_crossingmuon/h5 (g4-raw-1_*.h5)
User memory budget: 37 GiB, currently used: 15 GiB
Converting 71789176_29 at Fri Sep  4 01:23:46 PM CDT 2026
FAILED 71789176_29 at Fri Sep  4 01:24:37 PM CDT 2026
PAUSE after 1 conversions: cooldown 30s + cleanup
Converting 71789222_75 at Fri Sep  4 01:25:10 PM CDT 2026
FAILED 71789222_75 at Fri Sep  4 01:25:49 PM CDT 2026
PAUSE after 1 conversions: cooldown 30s + cleanup
Finished at Fri Sep  4 01:26:24 PM CDT 2026
total=238 skipped=236 empty_skipped=0 converted=0 failed=2 workers=1
Starting batch (crossingmuon, tpc=1) at Fri Sep  4 01:28:50 PM CDT 2026 parallel=0 workers=1 pause_every=1
Input:  /pnfs/sbnd/scratch/users/munjung/v10_06_00/data_MCP2025B_CrossingMuon_FullRun1_AfterLight_8_crossingmuon/waveforms
Output: /pnfs/sbnd/scratch/users/munjung/v10_06_00/data_MCP2025B_CrossingMuon_FullRun1_AfterLight_8_crossingmuon/h5 (g4-raw-1_*.h5)
User memory budget: 37 GiB, currently used: 16 GiB
Converting 71789176_29 at Fri Sep  4 01:28:50 PM CDT 2026
FAILED 71789176_29 at Fri Sep  4 01:29:46 PM CDT 2026
PAUSE after 1 conversions: cooldown 30s + cleanup
Converting 71789222_75 at Fri Sep  4 01:30:19 PM CDT 2026
FAILED 71789222_75 at Fri Sep  4 01:30:46 PM CDT 2026
PAUSE after 1 conversions: cooldown 30s + cleanup
